<?xml version="1.0" encoding="UTF-8"?><OTA_HotelAvailRQ TimeStamp="2009-03-12T09:30:49.0Z" Version="1.0" PrimaryLangID="en-us" xsi:schemaLocation="http://www.opentravel.org/OTA/2003/05 FastRezOTA_HotelAvailRQ.xsd" xmlns="http://www.opentravel.org/OTA/2003/05" xmlns:xsi="http://www.w3.org/2001/XMLSchema-instance">	<POS>		<Source ISOCountry="us" ISOCurrency="usd">			<RequestorID Type="13" ID_Context= "Broker ID" ID="6792789769"/>			<!-- Type (UIC) 13 = InternetBroker -->		</Source>	</POS>	<AvailRequestSegments>		<AvailRequestSegment>			<HotelSearchCriteria>				<Criterion>					<HotelRef  HotelCode="DENMS"/>					<StayDateRange End="2009-08-15" Start="2009-08-13"/>					<RoomStayCandidates>						<RoomStayCandidate NonSmoking="true">							<GuestCounts>								<GuestCount AgeQualifyingCode="10" Count="2"/>								<!-- AgeQualifyingCode (AQC) 10 = Adult -->							</GuestCounts>						</RoomStayCandidate>					</RoomStayCandidates>				</Criterion>			</HotelSearchCriteria>		</AvailRequestSegment>	</AvailRequestSegments></OTA_HotelAvailRQ>