<?xml version="1.0" encoding="UTF-8"?><OTA_HotelResRS TimeStamp="2009-03-12T09:32:51.0Z" Version="1.0" PrimaryLangID="en-us" xsi:schemaLocation="http://www.opentravel.org/OTA/2003/05 FastRezOTA_HotelResRS.xsd" xmlns="http://www.opentravel.org/OTA/2003/05" xmlns:xsi="http://www.w3.org/2001/XMLSchema-instance">	<POS>		<Source ISOCountry="us" ISOCurrency="usd">			<RequestorID Type="13" ID_Context= "Broker ID" ID="6792789769"/>			<!-- Type (UIC) 13 = InternetBroker -->		</Source>	</POS>	<Success/>	<HotelReservations>		<HotelReservation>			<RoomStays>				<RoomStay>					<RoomTypes>						<RoomType NonSmoking="true" RoomTypeCode="KGMV" BedTypeCode="3">						<!-- BedTypeCode (BED) 3 = King -->							<RoomDescription>								<Text>Standard mountain view, non-smoking room with one king size bed.</Text>							</RoomDescription>						</RoomType>					</RoomTypes>					<RatePlans>						<RatePlan RatePlanCode="CORB">							<RatePlanDescription>								<Text>Corporate Rate</Text>							</RatePlanDescription>						</RatePlan>						<RatePlan RatePlanCode="BREB">							<RatePlanDescription>								<Text>Rate includes breakfast for two.  Taxes and Gratuities not included.</Text>							</RatePlanDescription>						</RatePlan>					</RatePlans>						<RoomRates>						<RoomRate ExpireDateExclusiveIndicator="true" ExpireDate="2009-08-14" EffectiveDate="2009-08-13" RatePlanCode="CORB" RoomTypeCode="KGMV">							<Rates>								<Rate>									<Total AmountBeforeTax="289.00" CurrencyCode="USD" AmountAfterTax="304.04"/>								</Rate>							</Rates>						</RoomRate>						<RoomRate  ExpireDateExclusiveIndicator="true" ExpireDate="2009-08-15" EffectiveDate="2009-08-14" RatePlanCode="BREB" RoomTypeCode="KGMV">							<Rates>								<Rate>									<Total AmountBeforeTax="209.00" CurrencyCode="USD" AmountAfterTax="223.06"/>								</Rate>							</Rates>						</RoomRate>					</RoomRates>					<GuestCounts>						<GuestCount AgeQualifyingCode="10" Count="2"/>								<!-- AgeQualifyingCode (AQC) 10 = Adult -->					</GuestCounts>					<BasicPropertyInfo HotelName="Denver Mountainside Hotel" HotelCode="DENMS"/>				</RoomStay>			</RoomStays>			<ResGuests>				<ResGuest>					<Profiles>						<ProfileInfo>							<Profile>								<Customer>									<PersonName>										<NamePrefix>Mr.</NamePrefix>										<GivenName>Fred</GivenName>										<Surname>Smith</Surname>									</PersonName>									<Telephone PhoneUseType="3" PhoneTechType="1" PhoneNumber="555-3232" AreaCityCode="777"/>									<!-- PhoneUseType (PUT) 3 = Daytime Contact -->									<!--PhoneTechType (PTT) 1 = Voice -->									<Email EmailType="1">Fred.Smith@Fredmail.com</Email>									<!-- EmailType (EAT) 1 = Personal-->									<Address Type="1">									<!-- Type (CLT) 1 = Home -->										<AddressLine>321 Maple Lane</AddressLine>										<CityName>Latrobe</CityName>										<PostalCode>15650</PostalCode>										<StateProv StateCode="PA"></StateProv>										<CountryName Code="US"/>									</Address>									<CustLoyalty MembershipID="3928337289" ProgramID="Mountain Club"/>								</Customer>							</Profile>						</ProfileInfo>					</Profiles>				</ResGuest>			</ResGuests>			<ResGlobalInfo>				<TimeSpan End="2009-08-15" Start="2009-08-13"/>				<Guarantee GuaranteeType="GuaranteeRequired">					<GuaranteesAccepted>						<GuaranteeAccepted>							<PaymentCard MaskedCardNumber="xxxxxxxxxxxx9948" CardType="1" CardCode="AX" ExpireDate="0210">							<!--CardType (CDT) 1 = Credit -->								<CardHolderName>Fred Smith</CardHolderName>							</PaymentCard>						</GuaranteeAccepted>					</GuaranteesAccepted>				</Guarantee>				<CancelPenalties>					<CancelPenalty>									<Deadline AbsoluteDeadline="2009-08-13T18:00:00"/>									<AmountPercent CurrencyCode="USD" Amount="304.04"/>									<PenaltyDescription Name="Charge">										<Text>A fee of one night's room and tax will be charged to your credit card if the reservation is cancelled after 6:00 PM local time on the day of arrival.</Text>									</PenaltyDescription>								</CancelPenalty>				</CancelPenalties>				<HotelReservationIDs>					<HotelReservationID ResID_Type="14" ResID_Value="81234567" ResID_Source="MountainsideResSys" ResID_SourceContext="Mountainside Hotel"/>					<!--ResID_Type (UIT) 14 = Reservation -->				</HotelReservationIDs>			</ResGlobalInfo>		</HotelReservation>	</HotelReservations></OTA_HotelResRS>