<?xml version="1.0" encoding="UTF-8"?><OTA_ReadRQ TimeStamp="2009-03-12T10:32:49.0Z" Version="1.0" PrimaryLangID="en-us" xsi:schemaLocation="http://www.opentravel.org/OTA/2003/05 FastRezOTA_ReadRQ.xsd" xmlns="http://www.opentravel.org/OTA/2003/05" xmlns:xsi="http://www.w3.org/2001/XMLSchema-instance">	<POS>		<Source ISOCountry="us" ISOCurrency="usd">			<RequestorID Type="13" ID_Context="Broker ID" ID="6792789769"/>			<!-- Type (UIT) 13 = InternetBroker -->		</Source>	</POS>	<ReadRequests>		<ReadRequest>			<UniqueID Type="14" ID_Context="Denver Mountainside Hotel" ID="81234567"/>			<!-- Type (UIT) 14 = Reservation -->			<Verification>				<PersonName>					<Surname>Smith</Surname>				</PersonName>			</Verification>		</ReadRequest>	</ReadRequests></OTA_ReadRQ>