<?xml version="1.0" encoding="UTF-8"?><OTA_HotelAvailRS TimeStamp="2009-03-12T09:30:51.0Z" Version="1.0" PrimaryLangID="en-us" xsi:schemaLocation="http://www.opentravel.org/OTA/2003/05 FastRezOTA_HotelAvailRS.xsd" xmlns="http://www.opentravel.org/OTA/2003/05" xmlns:xsi="http://www.w3.org/2001/XMLSchema-instance">	<POS>		<Source ISOCountry="us" ISOCurrency="usd">			<RequestorID Type="13" ID_Context= "Broker ID" ID="6792789769"/>			<!-- Type (UIC) 13 = InternetBroker -->		</Source>	</POS>	<Success/>	<RoomStays>		<RoomStay>			<RoomTypes>				<RoomType NonSmoking="true" RoomTypeCode="KING" BedTypeCode="3">				<!-- BedTypeCode(BED) 3 = King Bed -->									<RoomDescription >						<Text>Standard non-smoking room with one king size bed.</Text>					</RoomDescription>				</RoomType>				<RoomType NonSmoking="true" RoomTypeCode="KGMV" BedTypeCode="3">				<!-- BedTypeCode(BED) 3 = King Bed -->									<RoomDescription >						<Text>Standard mountain view, non-smoking room with one king size bed.</Text>					</RoomDescription>				</RoomType>			</RoomTypes>			<RatePlans>				<RatePlan RatePlanCode="BREA">					<RatePlanDescription> 						<Text>Rate includes breakfast for two.  Taxes and Gratuities not included.</Text>					</RatePlanDescription>				</RatePlan>				<RatePlan RatePlanCode="BREB">					<RatePlanDescription> 						<Text>Rate includes breakfast for two.  Taxes and Gratuities not included.</Text>					</RatePlanDescription>				</RatePlan>				<RatePlan RatePlanCode="CORA">					<RatePlanDescription> 						<Text>Corporate Rate</Text>					</RatePlanDescription>				</RatePlan>				<RatePlan RatePlanCode="CORB">					<RatePlanDescription> 						<Text>Corporate Rate</Text>					</RatePlanDescription>				</RatePlan>			</RatePlans>			<RoomRates>				<RoomRate ExpireDateExclusiveIndicator="true" ExpireDate="2009-08-14" EffectiveDate="2009-08-13" RatePlanCode="CORA" RoomTypeCode="KING">					<Rates>						<Rate>						<CancelPolicies>						<CancelPenalty>									<Deadline AbsoluteDeadline="2009-08-13T18:00:00"/>									<AmountPercent CurrencyCode="USD" Amount="284.56"/>									<PenaltyDescription Name="Charge">										<Text>A fee of one night's room and tax will be charged to your credit card if the reservation is cancelled after 6:00 PM local time on the day of arrival.</Text>									</PenaltyDescription>								</CancelPenalty>						</CancelPolicies>							<Total AmountBeforeTax="269.00" CurrencyCode="USD" AmountAfterTax="284.56"/>														</Rate>					</Rates>				</RoomRate>				<RoomRate ExpireDateExclusiveIndicator="true" ExpireDate="2009-08-14" EffectiveDate="2009-08-13" RatePlanCode="CORB" RoomTypeCode="KGMV">					<Rates>						<Rate>						<CancelPolicies>								<CancelPenalty>									<Deadline AbsoluteDeadline="2009-08-13T18:00:00"/>									<AmountPercent CurrencyCode="USD" Amount="304.04"/>									<PenaltyDescription Name="Charge">										<Text>A fee of one night's room and tax will be charged to your credit card if the reservation is cancelled after 6:00 PM local time on the day of arrival.</Text>									</PenaltyDescription>								</CancelPenalty>								</CancelPolicies>						<Total AmountBeforeTax="289.00" CurrencyCode="USD" AmountAfterTax="304.04"/>						</Rate>					</Rates>				</RoomRate>				<RoomRate ExpireDateExclusiveIndicator="true" ExpireDate="2009-08-15" EffectiveDate="2009-08-14" RatePlanCode="BREA" RoomTypeCode="KING">					<Rates>						<Rate>						<CancelPolicies>						<CancelPenalty>									<Deadline AbsoluteDeadline="2009-08-14T18:00:00"/>									<AmountPercent CurrencyCode="USD" Amount="207.25"/>									<PenaltyDescription Name="Charge">										<Text>A fee of one night's room and tax will be charged to your credit card if the reservation is cancelled after 6:00 PM local time on the day of arrival.</Text>									</PenaltyDescription>								</CancelPenalty>						</CancelPolicies>							<Total AmountBeforeTax="189.00" CurrencyCode="USD" AmountAfterTax="207.25"/>														</Rate>					</Rates>				</RoomRate>				<RoomRate  ExpireDateExclusiveIndicator="true" ExpireDate="2009-08-15" EffectiveDate="2009-08-14" RatePlanCode="BREB" RoomTypeCode="KGMV">					<Rates>						<Rate>						<CancelPolicies>								<CancelPenalty>									<Deadline AbsoluteDeadline="2009-08-14T18:00:00"/>									<AmountPercent CurrencyCode="USD" Amount="223.06"/>									<PenaltyDescription Name="Charge">										<Text>A fee of one night's room and tax will be charged to your credit card if the reservation is cancelled after 6:00 PM local time on the day of arrival.</Text>									</PenaltyDescription>								</CancelPenalty>								</CancelPolicies>						<Total AmountBeforeTax="209.00" CurrencyCode="USD" AmountAfterTax="223.06"/>						</Rate>					</Rates>				</RoomRate>			</RoomRates>			<Guarantee GuaranteeType="GuaranteeRequired">				<GuaranteesAccepted>					<GuaranteeAccepted>						<PaymentCard CardType="1" CardCode="AX"/>						<!-- CardType (CDT) 1 = Credit -->					</GuaranteeAccepted>					<GuaranteeAccepted>						<PaymentCard CardType="1" CardCode="MC"/>						<!-- CardType (CDT) 1 = Credit -->					</GuaranteeAccepted>					<GuaranteeAccepted>						<PaymentCard CardType="1" CardCode="VI"/>						<!-- CardType (CDT) 1 = Credit -->					</GuaranteeAccepted>				</GuaranteesAccepted>			</Guarantee>			<BasicPropertyInfo  HotelName="Denver Mountainside Hotel" HotelCode="DENMS"/>		</RoomStay>	</RoomStays>	<Criteria>		<Criterion>			<HotelRef HotelCode="DENMS"/>			<StayDateRange End="2009-08-15" Start="2009-08-13"/>			<RoomStayCandidates>				<RoomStayCandidate NonSmoking="true">					<GuestCounts>						<GuestCount AgeQualifyingCode="10" Count="2"/>						<!-- AgeQualifyingCode (AQC) 10 = Adult -->					</GuestCounts>				</RoomStayCandidate>			</RoomStayCandidates>		</Criterion>	</Criteria></OTA_HotelAvailRS>