<?xml version="1.0" encoding="UTF-8"?><OTA_HotelAvailRS TimeStamp="2009-03-12T09:30:52.0Z" Version="1.0" PrimaryLangID="en-us" xsi:schemaLocation="http://www.opentravel.org/OTA/2003/05 FastRezOTA_HotelAvailRS.xsd" xmlns="http://www.opentravel.org/OTA/2003/05" xmlns:xsi="http://www.w3.org/2001/XMLSchema-instance">	<POS>		<Source ISOCountry="us" ISOCurrency="usd">			<RequestorID Type="13" ID_Context= "Broker ID" ID="6792789769"/>			<!-- Type (UIC) 13 = InternetBroker -->		</Source>	</POS>	<Success/>	<RoomStays>		<RoomStay>			<RoomTypes>				<RoomType NonSmoking="true" RoomTypeCode="a1k" BedTypeCode="3">				<!-- BedTypeCode (BED) 3 = King -->					<RoomDescription Name="Deluxe non-smoking room with one king bed.">						<Text>Leisure Rate</Text>					</RoomDescription>				</RoomType>			</RoomTypes>			<RatePlans>				<RatePlan RatePlanCode="LEIA">					<RatePlanDescription Name="Leisure Rate">						<Text>Leisure Rate</Text>					</RatePlanDescription>				</RatePlan>			</RatePlans>			<RoomRates>				<RoomRate ExpireDateExclusiveIndicator="true" ExpireDate="2009-05-16" EffectiveDate="2009-05-15" RatePlanCode="LEIA" RoomTypeCode="a1k">					<Rates>						<Rate>							<CancelPolicies>								<CancelPenalty>									<Deadline AbsoluteDeadline="2009-05-15T06:00:00"/>									<AmountPercent CurrencyCode="USD" Amount="377.89"/>									<PenaltyDescription>										<Text>A fee of one night's room and tax will be charged to your credit card if the reservation is cancelled after 6:00 PM local time on the day of arrival.</Text>									</PenaltyDescription>								</CancelPenalty>							</CancelPolicies>							<Total AmountBeforeTax="359.00" CurrencyCode="USD" AmountAfterTax="377.89"/>						</Rate>					</Rates>				</RoomRate>			</RoomRates>			<Guarantee GuaranteeType="GuaranteeRequired">				<GuaranteesAccepted>					<GuaranteeAccepted>						<PaymentCard CardType="1" CardCode="AX"/>						<!-- CardType (CDT) 1 = Credit -->					</GuaranteeAccepted>					<GuaranteeAccepted>						<PaymentCard CardType="1" CardCode="MC"/>						<!-- CardType (CDT) 1 = Credit -->					</GuaranteeAccepted>					<GuaranteeAccepted>						<PaymentCard CardType="1" CardCode="VI"/>						<!-- CardType (CDT) 1 = Credit -->					</GuaranteeAccepted>				</GuaranteesAccepted>			</Guarantee>			<BasicPropertyInfo ChainCode="WY" HotelName="Los Angeles Downtown" ChainName="Wylie" HotelCode="LAXDT"/>		</RoomStay>		<RoomStay>			<RoomTypes>				<RoomType NonSmoking="true" RoomTypeCode="a1k" BedTypeCode="3">				<!-- BedTypeCode (BED) 3 = King -->					<RoomDescription Name="Deluxe non-smoking room with one king bed.">						<Text>String</Text>					</RoomDescription>				</RoomType>			</RoomTypes>			<RatePlans>				<RatePlan RatePlanCode="CORA">					<RatePlanDescription Name="Corporate rate">						<Text>Corporate Rate</Text>					</RatePlanDescription>				</RatePlan>			</RatePlans>			<RoomRates>				<RoomRate ExpireDateExclusiveIndicator="true" ExpireDate="2009-05-16" EffectiveDate="2009-05-15" RatePlanCode="CORA" RoomTypeCode="a1k">					<Rates>						<Rate>							<CancelPolicies>								<CancelPenalty>									<Deadline AbsoluteDeadline="2009-05-15T18:00:00"/>									<AmountPercent CurrencyCode="USD" Amount="356.22"/>									<PenaltyDescription>										<Text>A fee of one night's room and tax will be charged to your credit card if the reservation is cancelled after 6:00 PM local time on the day of arrival.</Text>									</PenaltyDescription>								</CancelPenalty>							</CancelPolicies>							<Total AmountBeforeTax="339.00" CurrencyCode="USD" AmountAfterTax="356.22"/>						</Rate>					</Rates>				</RoomRate>			</RoomRates>			<Guarantee GuaranteeType="GuaranteeRequired">				<GuaranteesAccepted>					<GuaranteeAccepted>						<PaymentCard CardType="1" CardCode="AX"/>						<!-- CardType (CDT) 1 = Credit -->					</GuaranteeAccepted>					<GuaranteeAccepted>						<PaymentCard CardType="1" CardCode="MC"/>						<!-- CardType (CDT) 1 = Credit -->					</GuaranteeAccepted>					<GuaranteeAccepted>						<PaymentCard CardType="1" CardCode="VI"/>						<!-- CardType (CDT) 1 = Credit -->					</GuaranteeAccepted>				</GuaranteesAccepted>			</Guarantee>			<BasicPropertyInfo ChainCode="WY" HotelName="Los Angeles West" ChainName="Wylie" HotelCode="LAXWE"/>		</RoomStay>		<RoomStay>			<RoomTypes>				<RoomType NonSmoking="true" RoomTypeCode="a1k" BedTypeCode="3">				<!-- BedTypeCode (BED) 3 = King -->					<RoomDescription Name="Deluxe non-smoking room with one king bed.">						<Text>String</Text>					</RoomDescription>				</RoomType>			</RoomTypes>			<RatePlans>				<RatePlan RatePlanCode="CORA">					<RatePlanDescription Name="Corporate Rate">						<Text>Corporate Rate</Text>					</RatePlanDescription>				</RatePlan>			</RatePlans>			<RoomRates>				<RoomRate ExpireDateExclusiveIndicator="true" ExpireDate="2009-05-16" EffectiveDate="2009-05-15" RatePlanCode="CORA" RoomTypeCode="a1k">					<Rates>						<Rate>							<CancelPolicies>								<CancelPenalty>									<Deadline AbsoluteDeadline="2009-05-15T18:00:00"/>									<AmountPercent CurrencyCode="USD" Amount="328.92"/>									<PenaltyDescription>										<Text>A fee of one night's room and tax will be charged to your credit card if the reservation is cancelled after 6:00 PM local time on the day of arrival</Text>									</PenaltyDescription>								</CancelPenalty>							</CancelPolicies>							<Total AmountBeforeTax="309.00" CurrencyCode="USD" AmountAfterTax="328.92"/>						</Rate>					</Rates>				</RoomRate>			</RoomRates>			<Guarantee GuaranteeType="GuaranteeRequired">				<GuaranteesAccepted>					<GuaranteeAccepted>						<PaymentCard CardType="1" CardCode="AX"/>						<!-- CardType (CDT) 1 = Credit -->					</GuaranteeAccepted>					<GuaranteeAccepted>						<PaymentCard CardType="1" CardCode="MC"/>						<!-- CardType (CDT) 1 = Credit -->					</GuaranteeAccepted>					<GuaranteeAccepted>						<PaymentCard CardType="1" CardCode="VI"/>						<!-- CardType (CDT) 1 = Credit -->					</GuaranteeAccepted>				</GuaranteesAccepted>			</Guarantee>			<BasicPropertyInfo ChainCode="WY" HotelName="Los Angeles Airport" ChainName="Wylie" HotelCode="LAXAP"/>		</RoomStay>			</RoomStays>	<Criteria>		<Criterion>			<HotelRef ChainCode="WY" HotelCityCode="LAX"/>			<StayDateRange End="2009-05-16" Start="2009-05-15"/>			<RoomStayCandidates>				<RoomStayCandidate NonSmoking="true" BedTypeCode="3">				<!-- BedTypeCode (BED) 3 = King -->					<GuestCounts>						<GuestCount AgeQualifyingCode="10" Count="1"/>						<!-- AgeQualifyingCode (AQC) 10 = Adult -->					</GuestCounts>				</RoomStayCandidate>			</RoomStayCandidates>		</Criterion>	</Criteria></OTA_HotelAvailRS>