<?xml version="1.0" encoding="UTF-8"?><OTA_CancelRQ TimeStamp="2009-08-13T19:30:47.0Z" Version="1.0" PrimaryLangID="en-us" CancelType="Cancel" xsi:schemaLocation="http://www.opentravel.org/OTA/2003/05 FastRezOTA_CancelRQ.xsd" xmlns="http://www.opentravel.org/OTA/2003/05" xmlns:xsi="http://www.w3.org/2001/XMLSchema-instance">	<POS>		<Source ISOCountry="us" ISOCurrency="usd">			<RequestorID Type="13" ID_Context= "Broker ID" ID="6792789769"/>			<!-- Type (UIC) 13 = InternetBroker -->		</Source>	</POS>	<UniqueID Type="14" ID_Context="Mountainside"  ID="81234567"/>	<!--Type (UIT) 14 = Reservation -->	<Verification>		<PersonName>			<Surname>Smith</Surname>		</PersonName>	</Verification></OTA_CancelRQ>