<?xml version="1.0" encoding="UTF-8"?><OTA_HotelResRS TimeStamp="2009-03-12T09:32:51.0Z" Version="1.0" PrimaryLangID="en-us" xsi:schemaLocation="http://www.opentravel.org/OTA/2003/05 FastRezOTA_HotelResRS.xsd" xmlns="http://www.opentravel.org/OTA/2003/05" xmlns:xsi="http://www.w3.org/2001/XMLSchema-instance">	<POS>		<Source ISOCountry="us" ISOCurrency="usd">			<RequestorID Type="13" ID_Context= "Broker ID" ID="6792789769"/>			<!-- Type (UIC) 13 = InternetBroker -->		</Source>	</POS>	<Errors>		<Error Type="3" Code="427" ShortText="No rooms available for requested dates"/>		<!-- Type 3= Biz Rule -->		<!-- Code 427= No rooms available for requested dates -->	</Errors>	</OTA_HotelResRS>