<?xml version="1.0" encoding="UTF-8"?><OTA_CancelRS TimeStamp="2009-08-13T19:30:49.0Z"  Status="Cancelled" Version="1.0" PrimaryLangID="en-us" xsi:schemaLocation="http://www.opentravel.org/OTA/2003/05 FastRezOTA_CancelRS.xsd" xmlns="http://www.opentravel.org/OTA/2003/05" xmlns:xsi="http://www.w3.org/2001/XMLSchema-instance">	<Success/>	<Warnings>		<Warning Type="11" Code="568">Cancellation penalties apply.</Warning>		<!-- Type (EWT) 11 = Advisory -->	</Warnings>	<UniqueID Type="14" ID_Context="Mountainside"  ID="81234567"/>		<!--Type (UIT) 14 = Reservation -->	<CancelInfoRS>		<CancelRules>			<CancelRule CancelByDate="2009-08-13T18:00:00" CurrencyCode="USD" Amount="223.06">				<PaymentCard MaskedCardNumber="xxxxxxxxxxxx9948" CardType="1" CardCode="AX" ExpireDate="0210">				<!-- CardType (CDT) 1 = Credit Card -->					<CardHolderName>Fred Smith</CardHolderName>				</PaymentCard>			</CancelRule>		</CancelRules>		<UniqueID Type="15" ID_Context="Mountainside" ID="71234567"/>		<!-- Type (UIT) 15 = Cancellation -->	</CancelInfoRS></OTA_CancelRS>