<?xml version="1.0" encoding="UTF-8"?><OTA_CancelRS TimeStamp="2009-03-17T18:30:49.0Z" Status="Cancelled" Version="1.0" PrimaryLangID="en-us" xsi:schemaLocation="http://www.opentravel.org/OTA/2003/05 FastRezOTA_CancelRS.xsd" xmlns="http://www.opentravel.org/OTA/2003/05" xmlns:xsi="http://www.w3.org/2001/XMLSchema-instance">	<Success></Success>		<UniqueID Type="14" ID_Context="Marriott"  ID="87654321"/>	<!--Type (UIT) 14 = Reservation -->	<CancelInfoRS>		<UniqueID Type="15" ID_Context="Marriott" ID="76543218"/>		<!-- Type (UIT) 15 = Cancellation -->	</CancelInfoRS>	<Comment>		<Text>No cancellation penalty applies.</Text>	</Comment></OTA_CancelRS>