<?xml version="1.0" encoding="UTF-8"?><OTA_CancelRQ TimeStamp="2009-03-17T18:30:47.0Z"  Version="1.0" PrimaryLangID="en-us" CancelType="Cancel" xsi:schemaLocation="http://www.opentravel.org/OTA/2003/05 FastRezOTA_CancelRQ.xsd" xmlns="http://www.opentravel.org/OTA/2003/05" xmlns:xsi="http://www.w3.org/2001/XMLSchema-instance">	<POS>		<Source ISOCurrency="USD" ISOCountry="US">			<RequestorID Type="13" ID_Context= "Broker ID" ID="9008966467"/>			<!-- Type (UIC) 13 = InternetBroker -->		</Source>	</POS>	<UniqueID Type="14" ID_Context="Marriott"  ID="87654321"/>	<!--Type (UIT) 14 = Reservation -->	<Verification>		<PersonName>			<Surname>Jones</Surname>		</PersonName>	</Verification>	<Reasons>		<Reason>Trip Cancelled</Reason>	</Reasons></OTA_CancelRQ>