<?xml version="1.0" encoding="UTF-8"?><OTA_ResRetrieveRS xmlns="http://www.opentravel.org/OTA/2003/05" xmlns:xsi="http://www.w3.org/2001/XMLSchema-instance" xsi:schemaLocation="http://www.opentravel.org/OTA/2003/05OTA_ResRetrieveRS.xsd" EchoToken="34289" TimeStamp="2003-11-12T06:30:48" Target="Production" Version="2.000" SequenceNmbr="1" PrimaryLangID="en-us"><Success/>	<ReservationsList>		<AirReservation BookingReferenceID="4809H1">			<TravelerName>				<GivenName>William</GivenName>				<Surname>Hornton</Surname>			</TravelerName>		</AirReservation>		<AirReservation BookingReferenceID="96TB20">			<TravelerName>				<GivenName>M</GivenName>				<Surname>Graves</Surname>			</TravelerName>		</AirReservation>		<AirReservation BookingReferenceID="219J09">			<TravelerName>				<GivenName>Susan</GivenName>				<Surname>Antonio</Surname>			</TravelerName>		</AirReservation>		<AirReservation BookingReferenceID="631R59">			<TravelerName>				<GivenName>John</GivenName>				<Surname>Jones</Surname>			</TravelerName>		</AirReservation>		<AirReservation BookingReferenceID="C84Q20">			<TravelerName>				<GivenName>Steven</GivenName>				<Surname>Moss</Surname>			</TravelerName>		</AirReservation>		<AirReservation BookingReferenceID="052D37">			<TravelerName>				<GivenName>Betty</GivenName>				<Surname>Wendel</Surname>			</TravelerName>		</AirReservation>		<AirReservation BookingReferenceID="7Y30P1">			<TravelerName>				<GivenName>Jon</GivenName>				<Surname>Lorvata</Surname>			</TravelerName>		</AirReservation>	</ReservationsList></OTA_ResRetrieveRS>