<?xml version="1.0" encoding="UTF-8"?><OTA_TourSearchRS xmlns="http://www.opentravel.org/OTA/2003/05" xmlns:xsi="http://www.w3.org/2001/XMLSchema-instance" xsi:schemaLocation="http://www.opentravel.org/OTA/2003/05 OTA_TourSearchRS.xsd" EchoToken="ABC001" TransactionIdentifier="1" TimeStamp="2008-04-01T13:51:40" Version="1.000" Target="Test">	<Success/>	<Tours>		<Tour Start="2008-07-01" LanguageCode="en-US" Duration="P1DT17H" LastModifyDateTime="2007-12-10T12:01:00">			<TourName ShortName="Hiking in Angola" ID="http://www.adventureserver.com/distribution/NoKeySet/Activity178"/>			<MultimediaDescriptions>				<MultimediaDescription>					<TextItems>						<TextItem Title="Short">							<Description Language="en-US">Hiking in Angola&gt;br&lt;Extreme</Description>						</TextItem>					</TextItems>				</MultimediaDescription>				<MultimediaDescription>					<ImageItems>						<ImageItem>							<ImageFormat DimensionCategory="Thumbnail">								<URL>http://www.adventureserver.com/distribution/images/NotAvailable.gif</URL>							</ImageFormat>							<ImageFormat DimensionCategory="Detail">								<URL>http://www.adventureserver.com/distribution/images/NotAvailableBig.gif</URL>							</ImageFormat>						</ImageItem>					</ImageItems>				</MultimediaDescription>			</MultimediaDescriptions>			<Category Type="Theme">				<CategoryItem Name="Extreme"/>			</Category>			<Category Type="Activity">				<CategoryItem Name="Hiking"/>			</Category>			<Category Type="Exertion">				<CategoryItem Name="Easy"/>			</Category>			<Category Type="Comfort">				<CategoryItem Name="Comfort 2"/>			</Category>			<Keywords>				<Keyword>Angola </Keyword>				<Keyword>Africa</Keyword>				<Keyword>Hiking</Keyword>				<Keyword>Extreme</Keyword>			</Keywords>			<Charge CurrencyCode="USD" Amount="1500.00">				<Description>					<Text>General price, subject to rate fluctuation.</Text>				</Description>			</Charge>			<Departures>				<DepartureSchedule Start="2008-07-01" Duration="P5D"/>			</Departures>			<PolicyInfo>				<BookingPolicy OffsetDuration="P01D"/>			</PolicyInfo>			<SupplierInfo>				<CompanyName>Extreme Adventures</CompanyName>			</SupplierInfo>			<Language Language="en-US"/>			<URLs>				<URL Type="Website">http://www.adventureserver.com/distribution/</URL>				<URL Type="Detail">http://www.adventureserver.com/distribution/ExtremeAdventures/Activity178/Details.aspx</URL>				<URL Type="Availability">http://www.adventureserver.com/distribution/ExtremeAdventures/Activity178/Availability.aspx</URL>				<URL Type="Booking">http://www.adventureserver.com/distribution/ExtremeAdventures/Activity178/Booking.aspx</URL>			</URLs>		</Tour>	</Tours></OTA_TourSearchRS>