<?xml version="1.0" encoding="UTF-8"?><OTA_HotelAvailGetRS xmlns="http://www.opentravel.org/OTA/2003/05" xmlns:xsi="http://www.w3.org/2001/XMLSchema-instance" xsi:schemaLocation="http://www.opentravel.org/OTA/2003/05 OTA_HotelAvailGetRS.xsd" Version="1.000" Target="Production" TimeStamp="2009-01-21T09:31:47">	<Success/>	<AvailStatusMessages ChainCode="YY" BrandCode="XX" HotelCode="ABC123">		<AvailStatusMessage>			<StatusApplicationControl Start="2009-06-20" End="2009-06-20"/>			<BestAvailableRates>				<BestAvailableRate RatePlanCode="BAR3" LengthOfStayTime="1" Amount="115.0"/>				<BestAvailableRate RatePlanCode="BAR3" LengthOfStayTime="2" Amount="115.0"/>				<BestAvailableRate RatePlanCode="BAR3" LengthOfStayTime="3" Amount="115.0"/>				<BestAvailableRate RatePlanCode="BAR3" LengthOfStayTime="4" Amount="115.0"/>				<BestAvailableRate RatePlanCode="BAR3" LengthOfStayTime="5" Amount="115.0"/>				<BestAvailableRate RatePlanCode="BAR3" LengthOfStayTime="6" Amount="115.0"/>				<BestAvailableRate RatePlanCode="BAR3" LengthOfStayTime="7" Amount="115.0"/>				<BestAvailableRate RatePlanCode="BAR3" LengthOfStayTime="8" Amount="115.0"/>			</BestAvailableRates>			<UniqueID Type="16" ID="1"/>			<!--Type (UIT) 16 = Reference -->		</AvailStatusMessage>		<AvailStatusMessage>			<StatusApplicationControl Start="2009-06-21" End="2009-06-21"/>			<BestAvailableRates>				<BestAvailableRate RatePlanCode="BAR4" LengthOfStayTime="1" Amount="105.0"/>				<BestAvailableRate RatePlanCode="BAR4" LengthOfStayTime="2" Amount="105.0"/>				<BestAvailableRate RatePlanCode="BAR4" LengthOfStayTime="3" Amount="105.0"/>				<BestAvailableRate RatePlanCode="BAR4" LengthOfStayTime="4" Amount="105.0"/>				<BestAvailableRate RatePlanCode="BAR4" LengthOfStayTime="5" Amount="105.0"/>				<BestAvailableRate RatePlanCode="BAR4" LengthOfStayTime="6" Amount="105.0"/>				<BestAvailableRate RatePlanCode="BAR4" LengthOfStayTime="7" Amount="105.0"/>				<BestAvailableRate RatePlanCode="BAR4" LengthOfStayTime="8" Amount="105.0"/>			</BestAvailableRates>			<UniqueID Type="16" ID="2"/>			<!--Type (UIT) 16 = Reference -->		</AvailStatusMessage>		<AvailStatusMessage>			<StatusApplicationControl Start="2009-06-22" End="2009-06-22"/>			<BestAvailableRates>				<BestAvailableRate RatePlanCode="BAR3" LengthOfStayTime="1" Amount="115.0"/>				<BestAvailableRate RatePlanCode="BAR2" LengthOfStayTime="2" Amount="125.0"/>				<BestAvailableRate RatePlanCode="BAR2" LengthOfStayTime="3" Amount="125.0"/>				<BestAvailableRate RatePlanCode="BAR2" LengthOfStayTime="4" Amount="125.0"/>				<BestAvailableRate RatePlanCode="BAR2" LengthOfStayTime="5" Amount="125.0"/>				<BestAvailableRate RatePlanCode="BAR2" LengthOfStayTime="6" Amount="125.0"/>				<BestAvailableRate RatePlanCode="BAR4" LengthOfStayTime="7" Amount="105.0"/>				<BestAvailableRate RatePlanCode="BAR4" LengthOfStayTime="8" Amount="105.0"/>			</BestAvailableRates>			<UniqueID Type="16" ID="3"/>			<!--Type (UIT) 16 = Reference -->		</AvailStatusMessage>	</AvailStatusMessages></OTA_HotelAvailGetRS>