<?xml version="1.0" encoding="UTF-8"?><OTA_FileAttachmentNotifRQ xmlns="http://www.opentravel.org/OTA/2003/05" xmlns:xsi="http://www.w3.org/2001/XMLSchema-instance" xsi:schemaLocation="http://www.opentravel.org/OTA/2003/05 OTA_FileAttachmentNotifRQ.xsd" Version="1.0000" Target="Production" EchoToken="12345" TimeStamp="2005-12-17T23:30:47.0Z">	<POS>		<Source>			<RequestorID Type="10" ID="H1500-001"/>			<!--Type 10= Hotel -->		</Source>	</POS>	<FileAttachmentReferences>		<FileAttachmentReference RecordID="1" FileName="H1500-001_IMG001.jpg" ContentID="cid:A3EA77711E90183D4E62C9120A47C8E0" FileSize="234234" LastModifyDateTime="2005-12-14T08:51:42.0Z" CreateDateTime="2004-01-11T14:10:00.0Z" ContentCode="4"/>		<!--  ContentCode 4 indicates an image file -->		<FileAttachmentReference RecordID="2" FileName="H1500-001_IMG007.jpg" ContentID="cid:711E90183A3EA77D4E62CE0120A947C8" FileSize="345297" LastModifyDateTime="2005-12-11T13:26:22.0Z" CreateDateTime="2004-07-30T16:06:27.0Z" ContentCode="4"/>		<!--  ContentCode 4 indicates an image file -->		<FileAttachmentReference RecordID="3" FileName="H1500-001_IMG014.jpg" ContentID="cid:0183D4E62C947C8A3EA77711E0A9E012" FileSize="213290" LastModifyDateTime="2005-12-16T11:55:18.0Z" CreateDateTime="2004-11-24T10:24:41.0Z" ContentCode="4"/>		<!--  ContentCode 4 indicates an image file -->		<FileAttachmentReference RecordID="4" FileName="H1500-001_IMG018.jpg" ContentID="cid:D4E62C947C8A3EA77711E90120A83E01" FileSize="109826" LastModifyDateTime="2005-12-15T14:13:23.0Z" CreateDateTime="2005-02-07T16:37:55.0Z" ContentCode="4"/>		<!--  ContentCode 4 indicates an image file -->		<FileAttachmentReference RecordID="5" FileName="H1500-001_IMG023.jpg" ContentID="cid:77711E91A3EA20A0183D4E62C947C8E0" FileSize="198272" LastModifyDateTime="2005-12-16T09:30:47.0Z" CreateDateTime="2005-12-16T09:30:47.0Z" ContentCode="4"/>		<!--  ContentCode 4 indicates an image file -->	</FileAttachmentReferences></OTA_FileAttachmentNotifRQ>