<?xml version="1.0" encoding="UTF-8"?><OTA_ReadRQ xmlns="http://www.opentravel.org/OTA/2003/05" xmlns:xsi="http://www.w3.org/2001/XMLSchema-instance" xsi:schemaLocation="http://www.opentravel.org/OTA/2003/05OTA_ReadRQ.xsd" EchoToken="3229853" TimeStamp="2003-11-10T10:34:00" Target="Production" Version="1.002" SequenceNmbr="1" PrimaryLangID="en-us" ReturnListIndicator="0">	<ReadRequests>		<HotelReadRequest ChainName="Marriott">			<CityName>Tysons Corner</CityName>			<Airport LocationCode="IAD"/>			<UserID Type="1" ID="421329" PinNumber="1207">				<CompanyName CompanyShortName="Marriott"/>			</UserID>			<Verification>				<PersonName>					<GivenName>Brandon</GivenName>					<Surname>Wilson</Surname>				</PersonName>				<ReservationTimeSpan Start="2003-12-01" End="2003-12-31"/>			</Verification>		</HotelReadRequest>	</ReadRequests></OTA_ReadRQ>