<?xml version="1.0" encoding="UTF-8"?><OTA_HotelInvBlockNotifRQ xmlns="http://www.opentravel.org/OTA/2003/05" xmlns:xsi="http://www.w3.org/2001/XMLSchema-instance" xsi:schemaLocation="http://www.opentravel.org/OTA/2003/05 OTA_HotelInvBlockNotifRQ.xsd" Target="Production" Version="2.000">	<POS>		<Source AgentSine="SF" AgentDutyCode="SU">			<RequestorID Type="10" ID="RICDT"/>		</Source>	</POS>	<InvBlocks>		<InvBlock BookingStatus="Open" InvBlockTypeCode="13" InvBlockCode="VBS" InvBlockName="VA Booksellers" InvBlockLongName="Virginia Booksellers Convention" InvBlockStatusCode="2" PMS_InvBlockID="10059" OpportunityID="3524" TransactionAction="Book">			<HotelRef HotelCode="RICDT"/>			<InvBlockDates Start="2004-05-02" End="2004-05-09" AbsoluteCutoff="2004-04-11"/>			<RoomTypes>				<RoomType RoomTypeCode="GENR">					<RoomTypeAllocations>						<RoomTypeAllocation Start="2004-05-03" Duration="P1D" NumberOfUnits="250"/>						<RoomTypeAllocation Start="2004-05-04" Duration="P3D" NumberOfUnits="300"/>						<RoomTypeAllocation Start="2004-05-07" Duration="P1D" NumberOfUnits="150"/>					</RoomTypeAllocations>					<RatePlans>						<RatePlan CurrencyCode="USD" RatePlanCode="VBSA">							<BaseByGuestAmts>								<BaseByGuestAmt AmountBeforeTax="8900" NumberOfGuests="1"/>								<BaseByGuestAmt AmountBeforeTax="9900" NumberOfGuests="2"/>							</BaseByGuestAmts>							<MarketCode MarketCode="VBSAR" MarketCodeName="Attendees" CommissionableIndicator="false"/>							<MarketCode MarketCode="VBSER" MarketCodeName="Exhibitors" CommissionableIndicator="false"/>						</RatePlan>						<RatePlan CurrencyCode="USD" RatePlanCode="VBSB">							<BaseByGuestAmts>								<BaseByGuestAmt AmountBeforeTax="6900" NumberOfGuests="1"/>								<BaseByGuestAmt AmountBeforeTax="7900" NumberOfGuests="2"/>							</BaseByGuestAmts>							<MarketCode MarketCode="VBSGR" MarketCodeName="Guests" CommissionableIndicator="false"/>						</RatePlan>					</RatePlans>				</RoomType>				<RoomType RoomTypeCode="CONC">					<RoomTypeAllocations>						<RoomTypeAllocation Start="2004-05-03" Duration="P1D" NumberOfUnits="25"/>						<RoomTypeAllocation Start="2004-05-04" Duration="P3D" NumberOfUnits="30"/>						<RoomTypeAllocation Start="2004-05-07" Duration="P1D" NumberOfUnits="15"/>					</RoomTypeAllocations>					<RatePlans>						<RatePlan CurrencyCode="USD" RatePlanCode="VBSC">							<BaseByGuestAmts>								<BaseByGuestAmt AmountBeforeTax="10900" NumberOfGuests="1"/>								<BaseByGuestAmt AmountBeforeTax="11900" NumberOfGuests="2"/>							</BaseByGuestAmts>							<MarketCode MarketCode="VBSSR" MarketCodeName="Staff" CommissionableIndicator="false"/>							<MarketCode MarketCode="VBSER" MarketCodeName="Exhibitors" CommissionableIndicator="false"/>						</RatePlan>					</RatePlans>				</RoomType>			</RoomTypes>			<BlockDescriptions>				<BlockDescription Name="Block Facts" Start="2004-05-02" End="2004-05-09">					<Text Formatted="true">MON MAY 3 - FRI MAY 7                      1-5 NIGHTS</Text>					<Text Formatted="true">BOOKING NUMBER:                              3524</Text>					<Text Formatted="true">VIRGINIA BOOKSELLERS CONVENTION</Text>					<Text Formatted="true">ATTENDEES                 INDIV   VBSA     $89/$99         CA/EPO</Text>					<Text Formatted="true">EXHIBITORS - GENR    LIST     VBSA     $89/$99         CA/EPO</Text>					<Text Formatted="true">EXHIBITORS - CONC    LIST     VBSC     $109/$119     CA/EPO</Text>					<Text Formatted="true">STAFF                          LIST     VBSC     $109/$119     SC/RM AND TAX</Text>					<Text Formatted="true">GUESTS                       LIST     VBSB     $69/$79         SC/RM AND TAX</Text>					<Text Formatted="true">SALES MANAGER:                                 ASHLEY SHEPHERD</Text>					<Text Formatted="true">RESERVATIONS BY:                              VARIES (SEE ABOVE)</Text>					<Text Formatted="true">NEW RESERVATIONS OK?:                   YES, ATTENDEES ONLY</Text>					<Text Formatted="true">CHANGES/CANCELS OK?:                     YES, ATTENDEES ONLY</Text>					<Text Formatted="true">CUT OFF DATE:                                      11 APRIL 2004</Text>					<Text Formatted="true">GROUP CONTACT:                                 JOHN CAMPBELL  804-788-5846</Text>					<Text Formatted="true">MARKET CODE:                                      VARIES - VBS_R</Text>					<Text Formatted="true">PMS ACCT #:                                          10059</Text>					<Text Formatted="true">0*VBSNN1VBS</Text>				</BlockDescription>			</BlockDescriptions>			<Contacts>				<Contact ContactType="Group Contact">					<PersonName>						<NamePrefix>Mr.</NamePrefix>						<GivenName>John</GivenName>						<MiddleName>P.</MiddleName>						<Surname>Campbell</Surname>						<NameSuffix>Jr.</NameSuffix>					</PersonName>					<Telephone PhoneTechType="1" CountryAccessCode="1" AreaCityCode="804" PhoneNumber="788-5846"/>					<Telephone PhoneTechType="3" CountryAccessCode="1" AreaCityCode="804" PhoneNumber="788-2625"/>					<Address>						<AddressLine>2121 Turtle Run Drive</AddressLine>						<CityName>Richmond</CityName>						<PostalCode>23212</PostalCode>						<StateProv StateCode="VA"/>						<CountryName Code="US"/>					</Address>					<Email>JPCJR@VBS.org</Email>				</Contact>				<Contact ContactType="Hotel Contact">					<PersonName>						<NamePrefix>Ms.</NamePrefix>						<GivenName>Ashley</GivenName>						<Surname>Shepherd</Surname>					</PersonName>					<Telephone PhoneTechType="1" CountryAccessCode="1" AreaCityCode="804" PhoneNumber="643-3400"/>				</Contact>			</Contacts>		</InvBlock>	</InvBlocks></OTA_HotelInvBlockNotifRQ>