<?xml version="1.0" encoding="UTF-8"?><OTA_HotelResNotifRQ xmlns="http://www.opentravel.org/OTA/2003/05" xmlns:xsi="http://www.w3.org/2001/XMLSchema-instance" xsi:schemaLocation="http://www.opentravel.org/OTA/2003/05 OTA_HotelResNotifRQ.xsd" EchoToken="354" TimeStamp="2005-01-26T10:22:00-05:00" Target="Production" Version="1.003" ResStatus="Commit">	<POS>		<Source>			<RequestorID Type="13" ID="473"/>			<!-- Type 13 = Internet broker from OTA code table UIT-->			<BookingChannel Type="7" Primary="true">			<!-- Type 7 = Internet from OTA code table BCT-->				<CompanyName>Travel Today</CompanyName>			</BookingChannel>		</Source>	</POS>	<HotelReservations>		<HotelReservation>			<RoomStays>				<RoomStay>					<RatePlans>						<RatePlan RatePlanCode="CORA999">						</RatePlan>					</RatePlans>					<RoomRates>						<RoomRate>							<Rates>								<Rate EffectiveDate="2005-10-18" ExpireDate="2005-10-20">									<Base AmountBeforeTax="280.00"/>								</Rate>							</Rates>						</RoomRate>					</RoomRates>					<GuestCounts>						<GuestCount Count="1"/>					</GuestCounts><TimeSpan Start="2005-10-18" End="2005-10-20"/>					<Guarantee>						<GuaranteesAccepted>							<GuaranteeAccepted>								<PaymentCard CardType="VS" CardNumber="4111111111111202" ExpireDate="1205">									<CardHolderName>David Dewberry</CardHolderName>								</PaymentCard>							</GuaranteeAccepted>						</GuaranteesAccepted>					</Guarantee>					<BasicPropertyInfo ChainCode="MC" HotelCode="WASJW" HotelName="JW Marriott Hotel Pennsylvania Avenue"/>					<Comments>						<Comment>							<Text>non-smoking Room requested;king bed</Text>						</Comment>					</Comments>				</RoomStay>			</RoomStays>			<ResGuests>				<ResGuest>					<Profiles>						<ProfileInfo>							<Profile ProfileType="1">								<Customer>									<PersonName>										<NamePrefix>Mr.</NamePrefix>										<GivenName>David</GivenName>										<Surname>Dewberry</Surname>									</PersonName>									<Telephone PhoneNumber="7245554321" PhoneTechType="1"/>									<!-- Phone Tech Type 1 = Voice from OTA code table BTT -->									<Email>david.dewberry@dewberrycorp.com</Email>									<Address>										<AddressLine>321 Myrtle Lane</AddressLine>										<CityName>Latrobe</CityName>										<PostalCode>15650</PostalCode>										<StateProv>PA</StateProv>										<CountryName>USA</CountryName>									</Address>								</Customer>							</Profile>						</ProfileInfo>					</Profiles>				</ResGuest>			</ResGuests>			<ResGlobalInfo>				<HotelReservationIDs>					<HotelReservationID ResID_Type="13" ResID_Value="7865" ResID_Source="Travel Today"/>					<!-- Res ID Type 13 = Internet broker from OTA code table UIT -->				</HotelReservationIDs>			</ResGlobalInfo>			<TPA_Extensions/>		</HotelReservation>	</HotelReservations></OTA_HotelResNotifRQ>