<?xml version="1.0" encoding="UTF-8"?><OTA_AirDisplayQueueRS xmlns="http://www.opentravel.org/OTA/2003/05" xmlns:xsi="http://www.w3.org/2001/XMLSchema-instance" xsi:schemaLocation="http://www.opentravel.org/OTA/2003/05 OTA_AirDisplayQueueRS.xsd"EchoToken="134566" TimeStamp="2006-01-06T23:30:45" Target="Production" Version="1.000" SequenceNmbr="1" PrimaryLangID="en-us">	<Success/>	<DisplayQueue>		<QueueItems>			<QueueItem PseudoCityCode="2U7" QueueNumber="760" SystemCode="LX">				<Reason Number="120" QueuingMethod="automatic">Segment confirmed - Inform passenger</Reason>				<BookingReferenceID Type="14" ID="ABD123"/>			</QueueItem>			<QueueItem PseudoCityCode="2U7" QueueNumber="760" SystemCode="LX">				<Reason Number="128" QueuingMethod="manual">Please Issue Ticket</Reason>				<BookingReferenceID Type="14" ID="AER56T"/>			</QueueItem>		</QueueItems>	</DisplayQueue></OTA_AirDisplayQueueRS>