<?xml version="1.0" encoding="UTF-8"?><OTA_AirRulesRQ xmlns="http://www.opentravel.org/OTA/2003/05" xmlns:xsi="http://www.w3.org/2001/XMLSchema-instance" xsi:schemaLocation="http://www.opentravel.org/OTA/2003/05OTA_AirRulesRQ.xsd" EchoToken="36732" TimeStamp="2003-11-15T11:00:00" Target="Production" Version="2.001" SequenceNmbr="293" PrimaryLangID="en">	<POS>		<Source AgentSine="2BB" PseudoCityCode="ATL" ISOCountry="US" ISOCurrency="USD" AirlineVendorID="1P">			<RequestorID Type="5" ID="35896241"/>			<BookingChannel Type="1"/>		</Source>	</POS>	<RuleReqInfo NegotiatedFare="false">		<FareReference>UE14OPNX</FareReference>		<RuleInfo/>		<FilingAirline Code="DL"/>		<DepartureAirport LocationCode="ATL"/>		<ArrivalAirport LocationCode="SEA"/>	</RuleReqInfo></OTA_AirRulesRQ>