<?xml version="1.0" encoding="UTF-8"?><OTA_CruisePaymentRQ xmlns="http://www.opentravel.org/OTA/2003/05" xmlns:xsi="http://www.w3.org/2001/XMLSchema-instance" xsi:schemaLocation="http://www.opentravel.org/OTA/2003/05OTA_CruisePaymentRQ.xsd" EchoToken="34267" TimeStamp="2006-07-18T19:31:47-05:00" Target="Production" Version="1.000"> 	<POS>		<Source AgentSine="USN67" PseudoCityCode="BY03" ISOCountry="US" AgentDutyCode="SU"  TerminalID="R267A">			<RequestorID  Type="5" ID="7572365">			<!--Type value of 5=Travel Agency -->			</RequestorID>		</Source>	</POS>	<ReservationPayment>		<ReservationID Type="14" ID="5536087"/>		<!--Type value of 14=Reservation -->		<PaymentDetail>					<PaymentCard CardType="1" CardCode="VI" CardNumber="4100000000000003" ExpireDate="0809">					<!--CardType value of 1=Credit-->					<CardHolderName>Betty White</CardHolderName>					<Address Type="4">					<!--Address Type value of 4=Credit Card -->						<AddressLine>1041 Mountain Trail Drive</AddressLine>						<CityName>Albuquerque</CityName>						<PostalCode>87113</PostalCode>						<StateProv StateCode="NM"/>						<CountryName Code="US"/>					</Address>				</PaymentCard>				<PaymentAmount Amount="500.00" CurrencyCode="USD"/>		</PaymentDetail>	</ReservationPayment></OTA_CruisePaymentRQ>