<?xml version="1.0" encoding="UTF-8"?><OTA_CruiseCategoryAvailRS xmlns="http://www.opentravel.org/OTA/2003/05" xmlns:xsi="http://www.w3.org/2001/XMLSchema-instance" Version="2.0" Target="Production" TransactionIdentifier="3333" TimeStamp="2006-05-17T09:34:32" xsi:schemaLocation="http://www.opentravel.org/OTA/2003/05 OTA_CruiseCategoryAvailRS.xsd">	<Success/>	<SailingInfo>		<SelectedSailing Start="2006-10-01" Duration="P7D" Status="36">			<!--The Status value of 36 indicates this Sailing is Available-->			<CruiseLine VendorCode="RCC" VendorName="ROYAL CARIBBEAN CRUISE" ShipCode="NV" ShipName="NAVIGATOR OF THE SEAS"/>		</SelectedSailing>		<Currency CurrencyCode="USD"/>	</SailingInfo>	<FareOption FareCode="LAF">		<CategoryOptions>			<CategoryOption FareCode="LAF" Status="36" CategoryLocation="Outside" MaxOccupancy="4" PricedCategoryCode="JS" BerthedCategoryCode="JS">				<!--The Status value of 36 indicates this category is Available-->				<PriceInfos>					<PriceInfo Amount="1599.00" AgeQualifyingCode="10" BreakdownType="1/2">						<!--The AgeQualifyingCode value of 10 indicates the price is for an Adult -->						<PriceDescription>Informative price</PriceDescription>					</PriceInfo>				</PriceInfos>			</CategoryOption>			<CategoryOption FareCode="LAF" Status="38" MaxOccupancy="4" PricedCategoryCode="W" BerthedCategoryCode="W">				<!--The Status value of 38 indicates this category is Not Available-->				<PriceInfos>					<PriceInfo Amount="3149.00" AgeQualifyingCode="10" BreakdownType="1/2">						<!--The AgeQualifyingCode value of 10 indicates the price is for an Adult -->						<PriceDescription>Informative price</PriceDescription>					</PriceInfo>				</PriceInfos>			</CategoryOption>			<CategoryOption FareCode="LAF" Status="36" CategoryLocation="Inside" MaxOccupancy="4" PricedCategoryCode="L" BerthedCategoryCode="L">				<!--The Status value of 36 indicates this category is Available-->				<PriceInfos>					<PriceInfo Amount="889.00" AgeQualifyingCode="10" BreakdownType="1/2">						<!--The AgeQualifyingCode value of 10 indicates the price is for an Adult -->						<PriceDescription>Informative price</PriceDescription>					</PriceInfo>				</PriceInfos>			</CategoryOption>			<CategoryOption FareCode="LAF" Status="38" CategoryLocation="Inside" MaxOccupancy="4" PricedCategoryCode="M" BerthedCategoryCode="M">				<!--The Status value of 38 indicates this category is Not Available-->				<PriceInfos>					<PriceInfo Amount="869.00" AgeQualifyingCode="10" BreakdownType="1/2">						<!--The AgeQualifyingCode value of 10 indicates the price is for an Adult -->						<PriceDescription>Informative price</PriceDescription>					</PriceInfo>				</PriceInfos>			</CategoryOption>		</CategoryOptions>	</FareOption></OTA_CruiseCategoryAvailRS>