<?xml version="1.0" encoding="UTF-8"?><!-- OPENTRAVEL SAMPLE INSTANCE --><!-- USE CASE SCENARIO: Request Cache Update Info for Specified Hotel Codes. --><!-- USE CASE DETAILS: The transaction was processed successfully by the hotel supplier and the response message includes hotel codes that require updated rates and availability data in the travel agency trading partner cache. --><OTA_HotelInvChangeRS xmlns="http://www.opentravel.org/OTA/2003/05" xmlns:xsi="http://www.w3.org/2001/XMLSchema-instance" xsi:schemaLocation="http://www.opentravel.org/OTA/2003/05 OTA_HotelInvChangeRS.xsd" EchoToken="12345" TimeStamp="2010-07-17T09:30:47" Target="Production" Version="1.000" PrimaryLangID="en-us">	<!-- The presence of this element indicates the message was processed successfully by the receiving system -->	<Success/>	<!-- Cached hotel inventory data that needs to be updated by hotel code -->	<!-- HOTEL CODE LONST -->	<!-- July 7 to 31 -->	<CacheChangeInfo HotelCode="LONST">		<TimeSpan Start="2010-07-07" End="2010-07-31" /> 	</CacheChangeInfo>	<!-- August 1 to 31 -->	<CacheChangeInfo HotelCode="LONST">		<TimeSpan Start="2010-08-01" End="2010-08-31" /> 	</CacheChangeInfo>	<!-- September 1 to 30 -->	<CacheChangeInfo HotelCode="LONST">		<TimeSpan Start="2010-09-01" End="2010-09-30" /> 	</CacheChangeInfo>	<!-- HOTEL CODE LONSU -->	<!-- July 7 to 31 -->	<CacheChangeInfo HotelCode="LONSU">		<TimeSpan Start="2010-07-07" End="2010-07-31" /> 	</CacheChangeInfo>	<!-- August 1 to 31 -->	<CacheChangeInfo HotelCode="LONSU">		<TimeSpan Start="2010-08-01" End="2010-08-31" /> 	</CacheChangeInfo>	<!-- HOTEL CODE LONHB -->	<!-- July 7 to 31 -->	<CacheChangeInfo HotelCode="LONHB">		<TimeSpan Start="2010-07-07" End="2010-07-31" /> 	</CacheChangeInfo>	<!-- August 1 to 31 -->	<CacheChangeInfo HotelCode="LONHB">		<TimeSpan Start="2010-08-01" End="2010-08-31"  /> 	</CacheChangeInfo>	<!-- September 1 to 30 -->	<CacheChangeInfo HotelCode="LONHB">		<TimeSpan Start="2010-09-01" End="2010-09-30" /> 	</CacheChangeInfo>	</OTA_HotelInvChangeRS>