<?xml version="1.0" encoding="UTF-8"?><!-- OPENTRAVEL SAMPLE INSTANCE --><!-- USE CASE SCENARIO: Cancel an entire airline reservation. --><!-- OPENTRAVEL MESSAGE VERSION: 1.001 [2003B] --><!-- USE CASE DETAILS: A customer who had previously made an airline reservation through a travel agent needs to cancel the entire booking. The customer requests that the travel agent cancel the booking. The travel agent sends a cancel message that includes the travel agent system PNR locator and the airline PNR locator. --><OTA_CancelRQ xmlns="http://www.opentravel.org/OTA/2003/05" xmlns:xsi="http://www.w3.org/2001/XMLSchema-instance" xsi:schemaLocation="http://www.opentravel.org/OTA/2003/05OTA_CancelRQ.xsd" EchoToken="892345" TimeStamp="2010-03-17T09:30:47-05:00" Target="Production" Version="1.001" SequenceNmbr="1" CancelType="Initiate">	<!-- CancelType specifies the type of action requested when more than one function could be handled by the message. -->		<!-- Transaction originator (point of sale) information. -->	<POS>		<Source AgentSine="925832875" PseudoCityCode="ATL" ISOCountry="US" AirlineVendorID="1P">			<RequestorID Type="5" ID="925832875"/>				<!-- Request type of 5 is "Travel Agency" - See OpenTravel Code List Unique ID Type (UIT). -->			<BookingChannel Type="1" Primary="1"/>				<!-- Channel type of 1 is "Global distribution system (GDS)" - See OpenTravel Code Booking Channel Type (BCT). -->		</Source>	</POS>		<!-- Contains the reference(s) of the items being cancelled. -->	<UniqueID Type="14" ID="7H39B4">		<!-- Unique ID type of 14 is "Reservation" - See OpenTravel Code List Unique ID Type (UIT). -->		<CompanyName CompanyShortName="1P" TravelSector="1"/>			<!-- Travel Sector of 1 is "Air" - See OpenTravel Code List Travel Sector  (TVS). -->	</UniqueID>	<UniqueID Type="14" ID="X2A382">		<!-- Unique ID type of 14 is "Reservation" - See OpenTravel Code List Unique ID Type (UIT). -->		<CompanyName CompanyShortName="DL" TravelSector="1"/>			<!-- Travel Sector of 1 is "Air" - See OpenTravel Code List Travel Sector  (TVS). -->	</UniqueID>	</OTA_CancelRQ>