<?xml version="1.0" encoding="UTF-8"?><OTA_ReadRQ xmlns="http://www.opentravel.org/OTA/2003/05" xmlns:xsi="http://www.w3.org/2001/XMLSchema-instance" xsi:schemaLocation="http://www.opentravel.org/OTA/2003/05OTA_ReadRQ.xsd" EchoToken="5553429" TimeStamp="2003-03-17T09:30:47-05:00" Target="Production" Version="1.001" SequenceNmbr="1">	<POS>		<Source PseudoCityCode="ATL" ISOCountry="US" ERSP_UserID="238940214">			<RequestorID Type="13" ID="29567">				<CompanyName CompanyShortName="BookNow"/>			</RequestorID>			<BookingChannel Type="7" Primary="1"/>		</Source>	</POS>	<ReadRequests>		<ReadRequest>			<UniqueID Type="14" ID="7H39B4">				<CompanyName CompanyShortName="DL"/>			</UniqueID>			<Verification>				<PersonName>					<GivenName>Albert</GivenName>					<Surname>Mazini</Surname>				</PersonName>				<TelephoneInfo PhoneTechType="1" CountryAccessCode="001" AreaCityCode="770" PhoneNumber="563-2891" PhoneUseType="3"/>			</Verification>		</ReadRequest>	</ReadRequests></OTA_ReadRQ>