<?xml version="1.0" encoding="UTF-8"?><OTA_CruisePkgAvailRQ xmlns="http://www.opentravel.org/OTA/2003/05" xmlns:xsi="http://www.w3.org/2001/XMLSchema-instance" xsi:schemaLocation="http://www.opentravel.org/OTA/2003/05 OTA_CruisePkgAvailRQ.xsd" Version="1.0" Target="Production" PrimaryLangID="en-us" TransactionIdentifier="6940" SequenceNmbr="1" MaxResponses="15" TimeStamp="2007-05-22T09:30:47" MoreDataEchoToken="1">	<POS>		<Source AirportCode="MIA" ISOCountry="US" PseudoCityCode="MIANCL02">			<RequestorID Type="5" ID="TA123456">				<!-- Type value 5 indicates Travel Agency -->				<CompanyName CompanyShortName="NCL" Code="NCLWEB"/>			</RequestorID>		</Source>	</POS>	<GuestCounts>		<GuestCount Quantity="2" Code="10"/>		<!-- Code value of 10 indicates adult -->	</GuestCounts>	<SailingInfo>		<SelectedSailing VoyageID="126488" Start="2007-10-03">			<CruiseLine VendorCode="NCL" ShipCode="DA"/>		</SelectedSailing>		<Currency DecimalPlaces="2" CurrencyCode="USD"/>	</SailingInfo>	<PackageOption PackageTypeCode="2">		<!-- PackageTypeCode value of 2 indicates Pre-Cruise package -->	</PackageOption></OTA_CruisePkgAvailRQ>