<?xml version="1.0" encoding="UTF-8"?><OTA_HotelEventRS xmlns="http://www.opentravel.org/OTA/2003/05" xmlns:xsi="http://www.w3.org/2001/XMLSchema-instance" xsi:schemaLocation="http://www.opentravel.org/OTA/2003/05 OTA_HotelEventRS.xsd" EchoToken="String" TransactionIdentifier="String" RetransmissionIndicator="true" TransactionStatusCode="Start" TimeStamp="2001-12-17T09:30:47.0Z" Version="3.1415926535897932384626433832795" Target="Production" SequenceNmbr="1" PrimaryLangID="a-a" AltLangID="a-a">	<Success/>	<Events>		<Event Type="18" PreEventSetUpIndicator="true" MandatoryIndicator="true" Frequency="OneTimeOnly" PreEventSetUpContractor="Vanessa Vlay" Acronym="CS20060003" SpouseInvitedIndicator="true" Name="Certain Software MPI-WEC Hospitality Reception" ChildrenInvitedIndicator="false" URL="http://www.register123.com/event/372841" Scope="SingleVenue">			<!--Event Type ETT 18=Corporate Event-->			<Contacts>				<Contact ContactType="EventHost" EmergencyFlag="false" Relation="String" OnSiteIndicator="true" >					<PersonName>						<GivenName>Mariesa</GivenName>						<Surname>Ramos</Surname>					</PersonName>					<Telephone AreaCityCode="415" CountryAccessCode="1" Extension="126" PhoneNumber="3535330" PhoneTechType="1"/>					<!-- Codelist Phone Tech Type PTT 1 = voice -->					<Telephone AreaCityCode="650" CountryAccessCode="1" PhoneNumber="8923604" PhoneTechType="5"/>					<!-- Codelist Phone Tech Type PTT 5 =mobile -->					<Address UseType="2" RPH="1">						<!-- Codelist Address Use Type AUT 2 = mailing -->						<AddressLine>1 Daniel Burnham Court </AddressLine>						<CityName>San Francisco</CityName>						<PostalCode>94109</PostalCode>						<StateProv StateCode="CA"/>						<CountryName Code="US">USA</CountryName>					</Address>					<Email EmailType="2">mRamos@certain.com></Email>					<URL>www.certain.com</URL>					<!-- Codelist Email Address Type EAT 2 = business -->					<CompanyName>Certain Software</CompanyName>					<Comments>						<Comment Name="Description of Responsibilities" Language="en">							<Text>Contracting, Pre-event Organization</Text>						</Comment>						<Comment Name="Event Host Overview">							<Text>Certain Software is a leading provider of web-based software for online registration and professional meeting management.</Text>						</Comment>					</Comments>				</Contact>				<Contact OnSiteIndicator="true" ContactType="EventHost" EmergencyFlag="true">					<PersonName>						<GivenName>Vanessa</GivenName>						<Surname>Vlay</Surname>					</PersonName>						<Telephone AreaCityCode="415" CountryAccessCode="1" Extension="105" PhoneNumber="3535330" PhoneTechType="1"/>						<!-- Codelist Phone Tech Type PTT 1 = voice -->					<Telephone AreaCityCode="949" CountryAccessCode="1" PhoneNumber="2122049" PhoneTechType="5"/>					<!-- Codelist Phone Tech Type PTT 5 =mobile -->					<Address Type="2">					<!-- Codelist Address Use Type AUT 2 = mailing -->						<BldgRoom>Ste 330C </BldgRoom>						<AddressLine>1 Daniel Burnham Court </AddressLine>						<CityName>San Francisco</CityName>						<PostalCode>94109</PostalCode>						<StateProv StateCode="CA"/>						<CountryName Code="US">USA</CountryName>					</Address>					<Email EmailType="2">vvlay@certain.com></Email>					<!-- Codelist Email Address Type EAT 2 = business -->					<URL>www.certain.com</URL>					<CompanyName>Certain Software</CompanyName>					<Comments>						<Comment Name="Description of Responsibilities">							<Text>On-site event contact</Text>						</Comment>						<Comment Name="Medical/Emergency Instructions">							<Text>Call Vanessa Vlay</Text>						</Comment>						<Comment Name="Crisis and  Emergency Instructions">							<Text>Call Vanessa Vlay</Text>						</Comment>						<Comment Name="On-site Communications Protocol">							<Text>Call Vanessa Vlay</Text>						</Comment>					</Comments>				</Contact>			</Contacts>			<AttendeeInfo ExpectedTotalQuantity="50" DomesticQuantity="50" InternationalQuantity="0" PreRegisteredQuantity="35">				<Comments>					<Comment Name="Demographics Profile">						<Text>All will be attendees at the MPI-WEC at the Dallas Convention Center</Text>					</Comment>					<Comment Name="Accessibility Special Needs">						<Text>Meeting Room needs to be ADA-compliant for accessibility</Text>					</Comment>				</Comments>			</AttendeeInfo>			<EventInfos>				<EventInfo Start="2006-07-10T17:00:00" Duration="P120M" End="2006-07-10T19:00:00">					<AdditionalDates>						<AdditionalDate Start="2006-07-10T17:00:00" Duration="P120M" End="2006-07-10T19:00:00" Type="Published" Name="Certain Software"/>						<AdditionalDate Start="2006-07-10T16:30:00" Duration="P30M" End="2006-07-10T17:00:00" Type="PreConMeeting" AttendeeQuantity="2" Name="Certain Software" LocationName="Cockrell Room"/>						<AdditionalDate Start="2006-07-10T17:00:00" Type="MajorArrival" Name="Certain Software"/>						<AdditionalDate Start="2006-07-10T19:00:00" Type="MajorDeparture" Name="Certain Software"/>					</AdditionalDates>					<Contacts>						<Contact ContactType="Billing Contact" RPH="1">							<PersonName>								<GivenName>Mariesa</GivenName>								<Surname>Ramos</Surname>							</PersonName>							<Telephone AreaCityCode="415" CountryAccessCode="1" Extension="105" PhoneNumber="3535330" PhoneTechType="1"/>							<!-- Codelist Phone Tech Type PTT 1 = voice -->							<Address UseType="2">							<!-- Codelist Address Use Type AUT 2 = mailing -->								<AddressLine>1 Daniel Burnham Court </AddressLine>								<CityName>San Francisco</CityName>								<PostalCode>94109</PostalCode>								<StateProv StateCode="CA"/>								<CountryName Code="US">USA</CountryName>							</Address>						</Contact>						<Contact ContactType="Authorized Signature">							<PersonName>								<GivenName>Mariesa</GivenName>								<Surname>Ramos</Surname>							</PersonName>							<EmployeeInfo EmployeeTitle="Senior Marketing Specialist"/>						</Contact>						<Contact ContactType="Authorized Signature">							<PersonName>								<GivenName>Vanessa</GivenName>								<Surname>Vlay</Surname>							</PersonName>							<EmployeeInfo EmployeeTitle="VP Business Development"/>						</Contact>						<Contact ContactType="Event Host">							<PersonName>								<GivenName>Certain Software</GivenName>								<Surname>Certain Software</Surname>							</PersonName>						</Contact>					</Contacts>					<Exhibition/>					<TaxExemptInfo/>					<Comments>						<Comment Name="Event Objectives">							<Text>This event will be a hospitality reception for Certains customers, prospects, friends, and press to meet key employees, including Rick Borry, Chief Software Architect. It will be held in conjunction with the 2006 MPI World Education Congress at the Dallas Convention Center.</Text>						</Comment>					</Comments>				</EventInfo>			</EventInfos>			<Sites>				<Site PrimaryFacilityIndicator="1" HotelName="Hyatt Regency Dallas">					<Contacts>						<Contact>							<Address>								<CityName>Dallas</CityName>								<StateProv>TX</StateProv>								<CountryName>United States</CountryName>							</Address>						</Contact>					</Contacts>					<RoomBlock/>					<EventDays FirstEventDayOfWeek="Mon">						<EventDay DayNumber="1">							<EventDayFunctions>								<EventDayFunction FunctionName="Hospitality Reception" FunctionType="9" LocationName="Cockrell Room" TwentyFourHourHold="true" StartTime="17:00:00" EndTime="19:00:00" AttendeeQuantity="35" RequiredKeyQuantity="0" ReKeyIndicator="false" PostIndicator="true" ID="CS001" ExhibitionIndicator="false">								<!-- OTA code table event type EVT 9 = Reception -->										<Contacts>										<Contact ContactType="Function Contact" RPH="1">											<PersonName>												<GivenName>Mariesa</GivenName>												<Surname>Ramos</Surname>											</PersonName>											<Telephone AreaCityCode="415" CountryAccessCode="1" Extension="126" PhoneNumber="3535330" PhoneTechType="1"/>											<!-- Codelist Phone Tech Type PTT 1 = voice -->											<Email EmailType="2">mRamos@certain.com></Email>											<!-- Codelist Email Address Type EAT 2 = business -->											<CompanyName>Certain Software</CompanyName>										</Contact>										<Contact ContactType="Speaker" RPH="2">											<PersonName>												<GivenName>Rick</GivenName>												<Surname>Borry</Surname>											</PersonName>											<Telephone AreaCityCode="415" CountryAccessCode="1" Extension="115" PhoneNumber="3535330" PhoneTechType="1"/>											<!-- Codelist Phone Tech Type PTT 1 = voice -->											<Email EmailType="2">rborry@certain.com></Email>											<!-- Codelist Email Address Type EAT 2 = business -->											<CompanyName>Certain Software</CompanyName>										</Contact>									</Contacts>									<AudioVisuals ProvidedBy="Venue">										<AudioVisual Code="158" Quantity="1"/>										<!--Newly revised MRC Code table 158=Data Projector-->										<AudioVisual Code="160" Quantity="3"/>										<!--Newly revised MRC Code table 160=Easel-->										<AudioVisual Code="16" Quantity="1"/>										<!--Newly revised MRC Code table 16=FlipChart and Markers-->										<AudioVisual Code="139" Quantity="1"/>									   <!--Newly revised MRC Code table 139=Screen-->									</AudioVisuals>									<RoomSetup SetByTime="16:30:00" RoomSetupCode="29" SetForQuantity="35" DismantleByTime="20:00:00"/>									<!-- OTA code table MRF Meeting Room Function 29 = Cocktail Rounds -->									<FoodAndBeverages ProvidedBy="Venue">										<FoodAndBeverage SetForQuantity="35" ServiceTime="17:00:00" AttendeeQuantity="35" GuaranteeQuantity="35" ServiceTypeCode="9" >									   <!--Available Event Charge Code EVT = 9 Reception-->											<Menus>												<Menu Name="Guacamole Station" Quantity="50" Amount="7.50" ChargeUnit="7" CurrencyCode="USD" DecimalPlaces="2"/>												<Menu Name="Vegetarian Spring Rolls" Quantity="100" Amount="4.50" ChargeUnit="7" CurrencyCode="USD" DecimalPlaces="2"/>												<Menu Name="Chicken Cordon Bleu" Quantity="100" Amount="4.50" ChargeUnit="7" CurrencyCode="USD" DecimalPlaces="2"/>												<Menu Name="Beef Hibachi" Quantity="100" Amount="4.50" ChargeUnit="7" CurrencyCode="USD" DecimalPlaces="2"/>												<Menu Name="Regular Coffee" Quantity="2" Amount="67.00" ChargeUnit="27" CurrencyCode="USD" DecimalPlaces="2"/>												<Menu Name="DeCaf Coffee" Quantity=".50" Amount="67.00" ChargeUnit="27" CurrencyCode="USD" DecimalPlaces="2"/>												<Menu Name="Chocolate Fountain" Quantity="25" Amount="7.95" ChargeUnit="7" CurrencyCode="USD" DecimalPlaces="2"/>												<Menu Name="Premium Bar Beverages" Quantity="50" Amount="6.80" ChargeUnit="24" CurrencyCode="USD" DecimalPlaces="2">												<!-- OTA Code Table CHG Charge Type 7 = Per Person, 27 = per gallon,  24 = Per Item -->														<Comments>														<Comment Name="Menu Comments">															<Text>Bar is estimated</Text>														</Comment>													</Comments>												</Menu>											</Menus>										</FoodAndBeverage>									</FoodAndBeverages>									<Services>										<Service Code="41" StartTime="15:00:00" EndTime="17:00:00" ProvidedBy="Venue"/>										<Service Code="15" StartTime="15:00:00" EndTime="17:00:00" ProvidedBy="Venue"/>										<Service Code="11" ProvidedBy="Group">										<!-- OTA_CodeList MRC Meeting Room Code 15 = First Aid, 41 = Security Guards, 11 = direction signs, 14 = Electrician -->											<Comments>												<Comment Name="Signage Instructions">													<Text>Certain Software to place signs in lobby and outside reception room</Text>												</Comment>											</Comments>										</Service>										<Service ProvidedBy="Venue">											<Utilities>												<Utility Name="120 Volt for laptop" Quantity="1"/>												<Utility TelecommunicationCode="35"/>												<!--Telecommuncations Code 35 ="Wireless Internet Connection" -->											</Utilities>										</Service>									</Services>									<Comments>										<Comment Name="AudiovisualDetail Easel Comments">											<Text>Certain to provide posters</Text>										</Comment>										<Comment Name="AudiovisualDetail Screen Comments">											<Text>60 inch screen</Text>										</Comment>										<Comment Name="Post As">											<Text>Certain Software MPI-WEC Hospitality Reception</Text>										</Comment>										<Comment Name="Room SetUp Comments">											<Text>Projector in center with screen.  Buffet tables and bar on perimeter walls</Text>										</Comment>									</Comments>								</EventDayFunction>							</EventDayFunctions>							<OffSiteTransportations>								<OffSiteTransportation/>							</OffSiteTransportations>						</EventDay>					</EventDays>					<ShippingReceivingDetails>						<ShippingReceivingDetail>							<Contact ContactType="From">								<PersonName>									<GivenName>Mariesa</GivenName>									<Surname>Ramos</Surname>								</PersonName>								<Telephone AreaCityCode="415" CountryAccessCode="1" Extension="126" PhoneNumber="3535330" PhoneTechType="1"/>								<!-- Codelist Phone Tech Type PTT 1 = voice -->								<Telephone AreaCityCode="650" CountryAccessCode="1" PhoneNumber="8923604" PhoneTechType="5"/>								<!-- Codelist Phone Tech Type PTT 5 =mobile -->								<Address UseType="2" RPH="1">								<!-- Codelist Address Use Type AUT 2 = mailing -->									<BldgRoom/>									<AddressLine>1 Daniel Burnham Court </AddressLine>									<CityName>San Francisco</CityName>									<PostalCode>94109</PostalCode>									<StateProv>CA</StateProv>									<CountryName>USA</CountryName>								</Address>								<URL>www.certain.com</URL>								<CompanyName>Certain Software</CompanyName>							</Contact>							<Contact ContactType="To">								<PersonName>									<GivenName>Rick</GivenName>									<Surname>Borry</Surname>								</PersonName>								<Telephone AreaCityCode="415" CountryAccessCode="1" Extension="126" PhoneNumber="3535330" PhoneTechType="1"/>								<!-- Codelist Phone Tech Type PTT 1 = voice -->								<Telephone AreaCityCode="650" CountryAccessCode="1" PhoneNumber="8923604" PhoneTechType="5"/>								<!-- Codelist Phone Tech Type PTT 5 =mobile -->								<Address UseType="2">									<!-- Codelist Address Use Type AUT 2 = mailing -->									<BldgRoom>Hyatt Regency</BldgRoom>									<AddressLine>300Reunion Blvd </AddressLine>									<CityName>Dallas</CityName>									<PostalCode>75207</PostalCode>									<StateProv>TX</StateProv>									<CountryName>USA</CountryName>								</Address>								<CompanyName>Certain Software</CompanyName>							</Contact>							<Contact ContactType="Shipping Company">								<CompanyName>FedEx</CompanyName>							</Contact>						</ShippingReceivingDetail>					</ShippingReceivingDetails>					<Comments>						<Comment Name="Expected Outbound Shipping Requirement">							<Text>1 return package</Text>						</Comment>					</Comments>				</Site>			</Sites>		</Event>	</Events></OTA_HotelEventRS>