<?xml version="1.0" encoding="UTF-8"?><OTA_LoyaltyCertificateCreateRQ Version="1.002" xmlns="http://www.opentravel.org/OTA/2003/05" xmlns:xsi="http://www.w3.org/2001/XMLSchema-instance" xsi:schemaLocation="http://www.opentravel.org/OTA/2003/05OTA_LoyaltyCertificateCreateRQ.xsd">	<Customer>		<GivenName>John</GivenName>		<MiddleName>T</MiddleName>		<Surname>Smith</Surname>	</Customer>	<TravelInfos>		<TravelInfo>			<HotelStayInfo BrandCode="RA" HotelCityCode="RIC" HotelCodeContext="2">				<RoomStayInfo Duration="P0Y0M3DT00H00M">					<RoomType NumberOfUnits="1"/>				</RoomStayInfo>			</HotelStayInfo>		</TravelInfo>		<LoyaltyCertificateDetail MemberNumber="T176309763"/>	</TravelInfos></OTA_LoyaltyCertificateCreateRQ>