<?xml version="1.0" encoding="UTF-8"?><OTA_VehAvailRateRS SequenceNmbr="1" Target="Production" Version="2.007" TransactionIdentifier="SCA" xsi:schemaLocation="http://www.opentravel.org/OTA/2003/05 OTA_VehAvailRateRS.xsd" xmlns="http://www.opentravel.org/OTA/2003/05" xmlns:xsi="http://www.w3.org/2001/XMLSchema-instance">	<Success/>	<VehAvailRSCore>		<VehRentalCore PickUpDateTime="2009-12-16T09:00:00" ReturnDateTime="2009-12-17T10:00:00">			<PickUpLocation LocationCode="NCE" CodeContext="IATA" ExtendedLocationCode="NCET01"/>			<ReturnLocation LocationCode="NCE" CodeContext="IATA" ExtendedLocationCode="NCET01"/>		</VehRentalCore>		<VehVendorAvails>			<VehVendorAvail>				<Vendor Code="ZE" CompanyShortName="HERTZ"></Vendor>				<VehAvails>					<VehAvail>						<VehAvailCore Status="Available">							<Vehicle Code="ECMN" CodeContext="ACRISS"/>							<RentalRate>								<RateDistance Unlimited="true" DistUnitName="Km" VehiclePeriodUnitName="RentalPeriod"/>								<VehicleCharges>									<VehicleCharge Amount="17.56" CurrencyCode="EUR" GuaranteedInd="true" Purpose="1">										<!--Type (VCP) 1= Vehicle rental -->										<Calculation UnitCharge="17.56" UnitName="Day" Quantity="1"/>									</VehicleCharge>								</VehicleCharges>								<RateQualifier RatePeriod="Daily" RateQualifier="BEST" VendorRateID="S3A3FR" TourInfoRPH="1"/>							</RentalRate>							<TotalCharge CurrencyCode="EUR" RateTotalAmount="17.56" EstimatedTotalAmount="20.00"/>						</VehAvailCore>					</VehAvail>					<VehAvail>						<VehAvailCore Status="Available">							<Vehicle Code="ECMN" CodeContext="ACRISS"/>							<RentalRate>								<RateDistance Unlimited="true" DistUnitName="Km" VehiclePeriodUnitName="RentalPeriod"/>								<VehicleCharges>									<VehicleCharge Amount="18.00" CurrencyCode="EUR" GuaranteedInd="true" Purpose="1">										<!--Type (VCP) 1= Vehicle rental -->										<Calculation UnitCharge="18.00" UnitName="Day" Quantity="1"/>									</VehicleCharge>								</VehicleCharges>								<RateQualifier RatePeriod="Daily" RateQualifier="BEST" VendorRateID="S3A3FR" CustLoyaltyRPH="1"/>							</RentalRate>							<TotalCharge CurrencyCode="EUR" RateTotalAmount="18.00" EstimatedTotalAmount="20.25"/>						</VehAvailCore>					</VehAvail>					<VehAvail>						<VehAvailCore Status="Available">							<Vehicle Code="ECMN" CodeContext="ACRISS"/>							<RentalRate>								<RateDistance Unlimited="true" DistUnitName="Km" VehiclePeriodUnitName="RentalPeriod"/>								<VehicleCharges>									<VehicleCharge Amount="18.56" CurrencyCode="EUR" GuaranteedInd="true" Purpose="1">										<!--Type (VCP) 1= Vehicle rental -->										<Calculation UnitCharge="18.56" UnitName="Day" Quantity="1"/>									</VehicleCharge>								</VehicleCharges>								<RateQualifier PromotionCode="OFFER2000" RatePeriod="Daily" RateQualifier="BEST" VendorRateID="S3A3FR" CustLoyaltyRPH="2"/>							</RentalRate>							<TotalCharge CurrencyCode="EUR" RateTotalAmount="18.56" EstimatedTotalAmount="20.50"/>						</VehAvailCore>					</VehAvail>					<VehAvail>						<VehAvailCore Status="Available">							<Vehicle Code="ECMR" CodeContext="ACRISS"/>							<RentalRate>								<RateDistance Unlimited="true" DistUnitName="Km" VehiclePeriodUnitName="RentalPeriod"/>								<VehicleCharges>									<VehicleCharge Amount="19.56" CurrencyCode="EUR" GuaranteedInd="true" Purpose="1">										<!--Type (VCP) 1= Vehicle rental -->										<Calculation UnitCharge="19.56" UnitName="Day" Quantity="1"/>									</VehicleCharge>								</VehicleCharges>								<RateQualifier CorpDiscountNmbr="ALTES3" RatePeriod="Daily" RateQualifier="BEST" VendorRateID="S3A3FR"/>							</RentalRate>							<TotalCharge CurrencyCode="EUR" RateTotalAmount="19.56" EstimatedTotalAmount="21.00"/>						</VehAvailCore>					</VehAvail>				</VehAvails>				<Info>					<LocationDetails>						<AdditionalInfo>							<OperationSchedules>								<OperationSchedule Start="07:00:00" End="22:00:00"/>							</OperationSchedules>						</AdditionalInfo>					</LocationDetails>					<LocationDetails>						<AdditionalInfo>							<OperationSchedules>								<OperationSchedule Start="07:00:00" End="22:00:00"/>							</OperationSchedules>						</AdditionalInfo>					</LocationDetails>					<TourInfo TourNumber="LH3021" RPH="1"/>				</Info>			</VehVendorAvail>		</VehVendorAvails>	</VehAvailRSCore>	<VehAvailRSInfo>		<Customer>			<Primary>				<CustLoyalty ProgramID="FT" MembershipID="1234567" RPH="1"/>				<CustLoyalty ProgramID="ID" MembershipID="777877" RPH="2"/>			</Primary>		</Customer>	</VehAvailRSInfo></OTA_VehAvailRateRS>