<?xml version="1.0" encoding="UTF-8"?><OTA_PkgExtrasInfoRS xmlns="http://www.opentravel.org/OTA/2003/05" xmlns:xsi="http://www.w3.org/2001/XMLSchema-instance" xsi:schemaLocation="http://www.opentravel.org/OTA/2003/05 OTA_PkgExtrasInfoRS.xsd" Target="Production" Version="1.000" CurrencyCode="GBP">	<Success/>	<PackageInfo ID="K09104" TravelCode="42213" TourCode="MINAMA">		<DateRange Start="2005-06-20" Duration="P7N"/>	</PackageInfo>	<ExtraGroups>		<ExtraGroup Code="M" SelectionType="Optional" RuleCode="OneOf" ListofExtrasRPH="1 2 3 4"/>		<ExtraGroup Code="A" SelectionType="Optional" RuleCode="OneOf" ListofExtrasRPH="7 8"/>		<ExtraGroup Code="T" SelectionType="Optional" RuleCode="OneOf" ListofExtrasRPH="9 10"/>		<ExtraGroup Code="C" SelectionType="Optional" RuleCode="AnyOf" ListofExtrasRPH="10 11 12"/>	</ExtraGroups>	<Extras>		<Extra RPH="1" Code="AFM" Type="MLS" GroupCode="M" Name="Adult Flight Meal" SelectionType="Optional" RuleCode="OneOf" ApplyTo="SelectedPax">			<Criteria StockControlledInd="false"/>			<Periods>				<Period>					<Price Code="10" Amount="10.00" PriceBasis="Per person"/>				</Period>			</Periods>		</Extra>		<Extra RPH="2" Code="VEG" Type="MLS" GroupCode="M" Name="Vegetarian Flight Meal" SelectionType="Optional" RuleCode="OneOf" ApplyTo="SelectedPax">			<Criteria StockControlledInd="false"/>			<Periods>				<Period>					<Price Code="10" Amount="10.00" PriceBasis="Per person"/>				</Period>			</Periods>		</Extra>		<Extra RPH="3" Code="DFM" Type="MLS" GroupCode="M" Name="Diabetic Flight Meal" SelectionType="Optional" RuleCode="OneOf" ApplyTo="SelectedPax">			<Criteria StockControlledInd="false"/>			<Periods>				<Period>					<Price Code="10" Amount="10.00" PriceBasis="Per person"/>				</Period>			</Periods>		</Extra>		<Extra RPH="4" Code="CFM" Type="MLS" GroupCode="M" Name="Child Flight Meal" SelectionType="Optional" RuleCode="OneOf" ApplyTo="SelectedPax">			<Criteria StockControlledInd="false"/>			<Periods>				<Period>					<Price Code="10" Amount="5.00" PriceBasis="Per person"/>				</Period>			</Periods>		</Extra>		<Extra RPH="5" Code="#L" Type="RQS" Name="Low Floor" SelectionType="Optional" ApplyTo="AllPax">		</Extra>		<Extra RPH="6" Code="#P" Type="RQS" Name="Quiet Room" SelectionType="Optional" ApplyTo="AllPax">		</Extra>		<Extra RPH="7" Code="GLD" Type="INS" GroupCode="A" Name="Gold Insurance" SelectionType="Optional" RuleCode="OneOf" ApplyTo="SelectedPax">			<Periods>				<Period>					<Price Code="10" Amount="32.00" PriceBasis="Per person"/>					<Price Code="8" Amount="24.00" PriceBasis="Per person"/>					<Price Code="11" Amount="40.00" PriceBasis="Per person"/>					<Price Code="7" Amount="0.00" PriceBasis="Per person"/>				</Period>			</Periods>		</Extra>		<Extra RPH="8" Code="SIL" Type="INS" GroupCode="A" Name="Silver Insurance" SelectionType="Optional" RuleCode="OneOf" ApplyTo="SelectedPax">			<Periods>				<Period>					<Price Code="10" Amount="24.00" PriceBasis="Per person"/>					<Price Code="8" Amount="18.00" PriceBasis="Per person"/>					<Price Code="11" Amount="30.00" PriceBasis="Per person"/>					<Price Code="7" Amount="0.00" PriceBasis="Per person"/>				</Period>			</Periods>		</Extra>		<Extra RPH="9" Code="TRA" Type="EXT" GroupCode="T" Name="Coach Transfer" SelectionType="Removeable" RuleCode="OneOf" ApplyTo="AllPax">			<Periods>				<Period>					<Price Amount="0.00" PriceBasis="Per person"/>				</Period>			</Periods>		</Extra>		<Extra RPH="10" Code="HMZ" Type="EXT" GroupCode="T" Name="Taxi Transfer (Max 2 Adults)" SelectionType="Optional" RuleCode="OneOf" ApplyTo="AllPax">			<Periods>				<Period Category="Car">					<Price Amount="60.00" PriceBasis="Per use"/>				</Period>			</Periods>		</Extra>		<Extra RPH="11" Code="ECA" Type="ECR" GroupCode="C" Name="EuropCar A - 3 days" SelectionType="Optional">			<Criteria MinimumAge="21" MaximumAge="70" StockControlledInd="false"/>			<Periods>				<Period Duration="P3N" Category="Car">					<Price Amount="59.00" PriceBasis="Per use"/>				</Period>			</Periods>			<ExtraLocationInfo Location="7"/>			<!-- Code 7 indicates City centre/Resort -->		</Extra>		<Extra RPH="12" Code="ECB" Type="ECR" GroupCode="C" Name="EuropCar B - 3 days" SelectionType="Optional">			<Criteria MinimumAge="21" MaximumAge="70" StockControlledInd="false"/>			<Periods>				<Period Duration="P3N" Category="Car">					<Price Amount="79.00" PriceBasis="Per use"/>				</Period>			</Periods>			<ExtraLocationInfo Location="7"/>		</Extra>	</Extras></OTA_PkgExtrasInfoRS>