<?xml version="1.0" encoding="UTF-8"?><OTA_AirScheduleRQ xmlns="http://www.opentravel.org/OTA/2003/05" xmlns:xsi="http://www.w3.org/2001/XMLSchema-instance" xsi:schemaLocation="http://www.opentravel.org/OTA/2003/05OTA_AirScheduleRQ.xsd" EchoToken="75657" TimeStamp="2003-03-17T09:30:47-05:00" Target="Production" Version="1.002" SequenceNmbr="1">	<OriginDestinationInformation>		<DepartureDateTime>2003-12-01T09:00:00</DepartureDateTime>		<OriginLocation LocationCode="DEN"/>		<DestinationLocation LocationCode="LAX"/>	</OriginDestinationInformation>	<FlightInfo>		<BookingClassPref ResBookDesigCode="C" PreferLevel="Preferred"/>	</FlightInfo>	<VendorPref Code="UA" PreferLevel="Only"/></OTA_AirScheduleRQ>