<?xml version="1.0" encoding="UTF-8"?><OTA_AuthorizationRS xmlns="http://www.opentravel.org/OTA/2003/05" xmlns:xsi="http://www.w3.org/2001/XMLSchema-instance" xsi:schemaLocation="http://www.opentravel.org/OTA/2003/05 OTA_AuthorizationRS.xsd" Version="1.000" Target="Production" TimeStamp="2006-09-17T09:30:49.0Z">	<Success/>	<Authorization>		<AuthorizationDetail>			<CreditCardAuthorization Amount="250.00" CurrencyCode="GBP">				<CreditCard CardNumber="123456789012345" ExpireDate="0109" CardCode="AX" EffectiveDate="0100">				</CreditCard>			</CreditCardAuthorization>		</AuthorizationDetail>		<AuthorizationResult AuthorizationCode="0124"/>	</Authorization></OTA_AuthorizationRS>