<?xml version="1.0" encoding="UTF-8"?><OTA_HotelDescriptiveInfoRS Target="Production" Version="2.000" SequenceNmbr="1" PrimaryLangID="en" AltLangID="en" xmlns="http://www.opentravel.org/OTA/2003/05" xmlns:xsi="http://www.w3.org/2001/XMLSchema-instance" xsi:schemaLocation="http://www.opentravel.org/OTA/2003/05OTA_HotelDescriptiveInfoRS.xsd">	<POS>		<Source PseudoCityCode="SF" ISOCountry="US" ISOCurrency="USD" AgentDutyCode="3" AirportCode="MEM" FirstDepartPoint="MEM" ERSP_UserID="99">			<RequestorID URL="sellmorerooms.com" Type="5F" Instance="1" ID="99">				<CompanyName CompanyShortName="Sell More Rooms" TravelSector="0G" Code="5" CodeContext="1"/>			</RequestorID>			<Position Latitude="125" Longitude="117" Altitude="84"/>			<BookingChannel Type="5F" Primary="true">				<CompanyName TravelSector="0G" Code="5" CodeContext="1"/>			</BookingChannel>		</Source>	</POS>	<Success/>	<HotelDescriptiveContents ChainCode="hh" BrandCode="hf" HotelCode="msynh" HotelCityCode="msy" HotelName="New Orleans Riverside" HotelCodeContext="crs" AreaID="554" Overwrite="true">		<HotelDescriptiveContent CurrencyCode="usd" DecimalPlaces="2" LanguageCode="en" UnitOfMeasure="miles">			<DestinationSystemsCode>				<DestinationSystemCode>6</DestinationSystemCode>			</DestinationSystemsCode>			<FacilityInfo LastUpdated="2001-01-01T01:15:00">				<Restaurants>					<Restaurant RestaurantName="Bourbon cafe" MaxSeatingCapacity="200" MaxSingleParty="25" InvCode="5" OfferBreakfast="true" OfferLunch="true" OfferDinner="true" OfferBrunch="false">						<RelativePosition Distance="0">						</RelativePosition>						<OperationSchedules>						<OperationSchedule Start="2003-03-03" Duration="P4D" End="2003-03-15">							<OperationTimes>								<OperationTime Mon="1" Tue="1" Weds="1" Thur="1" Fri="1" Sat="1" Sun="1" Start="2003-03-01" Duration="P4D" End="2003-03-30"/>							</OperationTimes>						</OperationSchedule>						</OperationSchedules>						<InfoCodes>							<InfoCode Name="SrvcInfo" Code="1" Removal="false"/>						</InfoCodes>						<CuisineCodes>							<CuisineCode Code="1" Removal="false" IsMain="true"/>						</CuisineCodes>					</Restaurant>				</Restaurants>			</FacilityInfo>		</HotelDescriptiveContent>	</HotelDescriptiveContents></OTA_HotelDescriptiveInfoRS>