<?xml version="1.0" encoding="UTF-8"?><OTA_ProfileCreateRQ xmlns="http://www.opentravel.org/OTA/2003/05" xmlns:xsi="http://www.w3.org/2001/XMLSchema-instance" xsi:schemaLocation="http://www.opentravel.org/OTA/2003/05OTA_ProfileCreateRQ.xsd" EchoToken="452987" TimeStamp="2003-03-17T09:30:47-05:00" Target="Production" Version="1.002" SequenceNmbr="1">	<UniqueID Type="21" ID="4389-34587">		<CompanyName CompanyShortName="ABC Corporation"/>	</UniqueID>	<Profile ShareAllSynchInd="No" ShareAllMarketInd="No" ProfileType="1" CreateDateTime="2003-03-17T09:30:47-05:00" CreatorID="73482" LastModifyDateTime="2003-03-17T09:30:47-05:00">		<Accesses ShareSynchInd="No" ShareMarketInd="No" CreateDateTime="2003-03-17T09:30:47-05:00">			<Access ActionType="Create" ActionDateTime="2003-03-17T09:30:47-05:00" ID="3452849"/>		</Accesses>		<Customer Gender="Female" Deceased="false" BirthDate="1949-06-03" CurrencyCode="USD" DecimalPlaces="2">			<PersonName ShareSynchInd="Inherit" ShareMarketInd="Inherit" NameType="0">				<NamePrefix>Ms</NamePrefix>				<GivenName>Delilah</GivenName>				<MiddleName>Ann</MiddleName>				<Surname>Beaudry</Surname>			</PersonName>			<Telephone ShareSynchInd="Inherit" ShareMarketInd="Inherit" PhoneTechType="1" CountryAccessCode="001" AreaCityCode="770" PhoneNumber="563-2891" PhoneUseType="3"/>			<Telephone ShareSynchInd="Inherit" ShareMarketInd="Inherit" PhoneTechType="5" CountryAccessCode="001" AreaCityCode="404" PhoneNumber="933-0045" PhoneUseType="4"/>			<Email>delilah@hotmail.com</Email>			<Address FormattedInd="false" ShareSynchInd="Inherit" ShareMarketInd="Inherit" UseType="2">				<StreetNmbr>2980 Elm Street</StreetNmbr>				<CityName>Atlanta</CityName>				<PostalCode>30067</PostalCode>				<County>Cobb</County>				<StateProv>GA</StateProv>				<CountryName Code="US"/>			</Address>			<CitizenCountryName DefaultInd="true" Code="US"/>			<PaymentForm ShareSynchInd="Inherit" ShareMarketInd="Inherit">				<PaymentCard ShareSynchInd="Inherit" ShareMarketInd="Inherit" CardType="1" CardCode="AX" CardNumber="832593235600" ExpireDate="0405">					<CardHolderName>Delilah A. Beaudry</CardHolderName>				</PaymentCard>			</PaymentForm>			<Document ShareSynchInd="Inherit" ShareMarketInd="Inherit" DocIssueAuthority="US" DocIssueLocation="Miami, FL" DocID="34985769574" DocType="2" EffectiveDate="1995-02-05" ExpireDate="2005-02-05">				<DocHolderName>Delilah A. Beaudry</DocHolderName>			</Document>			<CustLoyalty ShareSynchInd="Inherit" ShareMarketInd="Inherit" ProgramID="DL" MembershipID="589038475" TravelSector="1" LoyalLevel="Gold" SingleVendorInd="Alliance" SignupDate="1985-04-23" EffectiveDate="1985-04-23"/>			<CustLoyalty ShareSynchInd="Inherit" ShareMarketInd="Inherit" ProgramID="Avis" MembershipID="458574943" TravelSector="2" SingleVendorInd="SingleVndr" SignupDate="1998-11-05" EffectiveDate="1998-11-05"/>			<EmployeeInfo EmployeeTitle="Vice President"/>			</Customer>		<PrefCollections ShareSynchInd="Inherit" ShareMarketInd="Inherit">			<PrefCollection ShareSynchInd="Inherit" ShareMarketInd="Inherit" TravelPurpose="1">				<CommonPref ShareSynchInd="Inherit" ShareMarketInd="Inherit" SmokingAllowed="false" PrimaryLangID="en-us" AltLangID="en-us">					<PaymentFormPref PreferLevel="Preferred">Credit card</PaymentFormPref>				</CommonPref>			</PrefCollection>		</PrefCollections>	</Profile></OTA_ProfileCreateRQ>