<?xml version="1.0" encoding="UTF-8"?><OTA_InsurancePlanSearchRS TimeStamp="2003-09-11T09:30:47-05:00" Target="Production" Version="1.001" xmlns="http://www.opentravel.org/OTA/2003/05" xmlns:xsi="http://www.w3.org/2001/XMLSchema-instance" xsi:schemaLocation="http://www.opentravel.org/OTA/2003/05OTA_InsurancePlanSearchRS.xsd">	<Success/>	<AvailablePlans>		<AvailablePlan Featured="true" PlanID="CompInsPlan" Name="Comprehensive Protection Plan" Type="Silver" TypeID="s" EffectiveDate="2003-09-11" ExpireDate="2003-10-10"/>		<AvailablePlan Featured="true" PlanID="CompInsPlan" Name="Comprehensive Protection Plan" Type="Gold" TypeID="g" EffectiveDate="2003-09-11" ExpireDate="2003-10-10"/>		<AvailablePlan Featured="true" PlanID="CompInsPlan" Name="Comprehensive Protection Plan" Type="Platinum" TypeID="p" EffectiveDate="2003-09-11" ExpireDate="2003-10-10"/>		<AvailablePlan Featured="true" PlanID="InsProtPlan I" Name="Insurance Protection Plan I" EffectiveDate="2003-09-11" ExpireDate="2003-10-10"/>		<AvailablePlan Featured="false" PlanID="InsProtPlan II" Name="Insurance Protection Plan II" EffectiveDate="2003-09-11" ExpireDate="2003-10-10"/>		<AvailablePlan Featured="false" PlanID="MedEvac" Name="Emergency Medical Evacuation Plan" EffectiveDate="2003-09-11" ExpireDate="2003-10-10"/>	</AvailablePlans></OTA_InsurancePlanSearchRS>