<?xml version="1.0" encoding="UTF-8"?><!-- OPENTRAVEL SAMPLE INSTANCE --><!-- USE CASE SCENARIO: Hotel Availability with Hotel & Room Type Codes Specified. --><!-- USE CASE DETAILS: A travel agency trading partner that is caching hotel rates and availability information has made an OTA_HotelInvChangeRQ request and has received the response that contains the room type codes by hotel code that need to be updated in the cache. This sample availability request includes the results from the OTA_HotelInvChangeRS message. --><OTA_HotelAvailRQ xmlns="http://www.opentravel.org/OTA/2003/05" xmlns:xsi="http://www.w3.org/2001/XMLSchema-instance"  xsi:schemaLocation="http://www.opentravel.org/OTA/2003/05 OTA_HotelAvailRQ.xsd" Version="3.001">	<!-- Transaction originator (point of sale) information -->	<POS>		<Source ISOCountry="US" ISOCurrency="USD">			<!-- Request type of 32 is "Merchant" - See OpenTravel Code List Unique ID Type (UIT). -->			<RequestorID Type="32" ID="ABCDEFGH" />		</Source>	</POS>	<AvailRequestSegments>		<AvailRequestSegment>					<HotelSearchCriteria>				<Criterion>					<HotelRef HotelCode="LONST"/>					<StayDateRange End="2010-09-30" Start="2010-07-07"/>					<RoomStayCandidates>						<RoomStayCandidate RoomTypeCode="UZ-95844"/>						<RoomStayCandidate RoomTypeCode="UZ-96666"/>						<RoomStayCandidate RoomTypeCode="UZ-99999"/>					</RoomStayCandidates>				</Criterion>				<Criterion>					<HotelRef HotelCode="LONSU"/>					<StayDateRange End="2010-09-30" Start="2010-07-07"/>					<RoomStayCandidates>						<RoomStayCandidate RoomTypeCode="UZ-95844"/>						<RoomStayCandidate RoomTypeCode="UZ-96666"/>						<RoomStayCandidate RoomTypeCode="UZ-99999"/>					</RoomStayCandidates>				</Criterion>			</HotelSearchCriteria>					</AvailRequestSegment>	</AvailRequestSegments></OTA_HotelAvailRQ>