<?xml version="1.0" encoding="UTF-8"?><OTA_CruiseDiningAvailRS xmlns="http://www.opentravel.org/OTA/2003/05" xmlns:xsi="http://www.w3.org/2001/XMLSchema-instance" xsi:schemaLocation="http://www.opentravel.org/OTA/2003/05 OTA_CruiseDiningAvailRS.xsd" Version="1.0" Target="Production" PrimaryLangID="en-us" TransactionIdentifier="6940" TimeStamp="2007-05-22T09:30:47">	<Success/>	<SailingInfo>		<SelectedSailing Start="2007-10-03" Duration="P7D">			<CruiseLine VendorCode="NCL" VendorName="Norwegian Cruise Line" ShipCode="DA" ShipName="Norwegian Dawn"/>		</SelectedSailing>	</SailingInfo>	<DiningOptions>		<DiningOption SelectionAllowedIndicator="true" Sitting="FREESTYLE" SittingStatus="Available">			<DiningRoom RestaurantName="VENETIAN" SmokingAllowed="false">				<SittingDetails>					<SittingDetail MealName="Lunch" MealStartTime="11:00:00" MealEndTime="14:00:00"/>					<SittingDetail MealName="Dinner" MealStartTime="18:00:00" MealEndTime="23:00:00"/>				</SittingDetails>			</DiningRoom>			<DiningRoom RestaurantName="LE BISTRO" SmokingAllowed="false">				<SittingDetails>					<SittingDetail MealName="Dinner" MealStartTime="18:00:00" MealEndTime="23:00:00"/>				</SittingDetails>			</DiningRoom>		</DiningOption>	</DiningOptions></OTA_CruiseDiningAvailRS>