<?xml version="1.0" encoding="UTF-8"?><OTA_AirSeatMapRS Version="1.001" xmlns="http://www.opentravel.org/OTA/2003/05" xmlns:xsi="http://www.w3.org/2001/XMLSchema-instance" xsi:schemaLocation="http://www.opentravel.org/OTA/2003/05OTA_AirSeatMapRS.xsd">	<Success/>	<SeatMapResponses>		<SeatMapResponse>			<FlightSegmentInfo DepartureDateTime="2003-09-26T18:30:00" FlightNumber="273">				<DepartureAirport LocationCode="CCU" />				<ArrivalAirport LocationCode="BOM" />				<Equipment AirEquipType="310"/>				<MarketingAirline Code="IC"/>			</FlightSegmentInfo>			<SeatMapDetails>				<CabinClass CabinType="Business">					<AirRows>						<AirRow RowNumber="1">							<AirSeats>								<AirSeat SeatNumber="A" SeatAvailability="1" SeatCharacteristics="85 35"/>								<AirSeat SeatNumber="B" SeatAvailability="2" SeatCharacteristics="35 3"/>								<AirSeat SeatNumber="C" SeatAvailability="1" SeatCharacteristics="35 3"/>								<AirSeat SeatNumber="F" SeatAvailability="1" SeatCharacteristics="35 3"/>								<AirSeat SeatNumber="G" SeatAvailability="1" SeatCharacteristics="35 3"/>								<AirSeat SeatNumber="H" SeatAvailability="1" SeatCharacteristics="85 35"/>							</AirSeats>							<AirRowCharacteristics CharacteristicList="11"/>						</AirRow>						<AirRow RowNumber="2">							<AirSeats>								<AirSeat SeatNumber="A" SeatAvailability="1" SeatCharacteristics="85"/>								<AirSeat SeatNumber="B" SeatAvailability="1" SeatCharacteristics="3"/>								<AirSeat SeatNumber="C" SeatAvailability="1" SeatCharacteristics="3"/>								<AirSeat SeatNumber="F" SeatAvailability="1" SeatCharacteristics="3"/>								<AirSeat SeatNumber="G" SeatAvailability="1" SeatCharacteristics="3"/>								<AirSeat SeatNumber="H" SeatAvailability="1" SeatCharacteristics="85"/>							</AirSeats>							<AirRowCharacteristics CharacteristicList="11"/>						</AirRow>						<AirRow RowNumber="3">							<AirSeats>								<AirSeat SeatNumber="A" SeatAvailability="1" SeatCharacteristics="85"/>								<AirSeat SeatNumber="B" SeatAvailability="1" SeatCharacteristics="3"/>								<AirSeat SeatNumber="G" SeatAvailability="1" SeatCharacteristics="3"/>								<AirSeat SeatNumber="H" SeatAvailability="1" SeatCharacteristics="85"/>							</AirSeats>							<AirRowCharacteristics CharacteristicList="11"/>						</AirRow>						<AirRow RowNumber="4">							<AirSeats>								<AirSeat SeatNumber="A" SeatAvailability="1" SeatCharacteristics="85"/>								<AirSeat SeatNumber="B" SeatAvailability="1" SeatCharacteristics="3"/>								<AirSeat SeatNumber="G" SeatAvailability="1" SeatCharacteristics="3"/>								<AirSeat SeatNumber="H" SeatAvailability="1" SeatCharacteristics="85"/>							</AirSeats>							<AirRowCharacteristics CharacteristicList="11"/>						</AirRow>					</AirRows>				</CabinClass>			</SeatMapDetails>		</SeatMapResponse>		<SeatMapResponse>			<FlightSegmentInfo DepartureDateTime="2003-09-27T08:30:00" FlightNumber="101">				<DepartureAirport LocationCode="BOM" />				<ArrivalAirport LocationCode="LHR" />				<Equipment AirEquipType="747"/>				<MarketingAirline Code="AI"/>			</FlightSegmentInfo>			<SeatMapDetails>				<CabinClass CabinType="First">					<AirRows>						<AirRow RowNumber="1">							<AirSeats>								<AirSeat SeatNumber="A" SeatAvailability="1" SeatCharacteristics="85"/>								<AirSeat SeatNumber="B" SeatAvailability="1" SeatCharacteristics="3"/>								<AirSeat SeatNumber="J" SeatAvailability="1" SeatCharacteristics="3"/>								<AirSeat SeatNumber="K" SeatAvailability="1" SeatCharacteristics="85"/>							</AirSeats>							<AirRowCharacteristics CharacteristicList="10"/>						</AirRow>						<AirRow RowNumber="2">							<AirSeats>								<AirSeat SeatNumber="A" SeatAvailability="1" SeatCharacteristics="85"/>								<AirSeat SeatNumber="B" SeatAvailability="1" SeatCharacteristics="3"/>								<AirSeat SeatNumber="J" SeatAvailability="1" SeatCharacteristics="3"/>								<AirSeat SeatNumber="K" SeatAvailability="1" SeatCharacteristics="85"/>							</AirSeats>							<AirRowCharacteristics CharacteristicList="10"/>						</AirRow>						<AirRow RowNumber="3">							<AirSeats>								<AirSeat SeatNumber="A" SeatAvailability="2" SeatCharacteristics="85"/>								<AirSeat SeatNumber="B" SeatAvailability="2" SeatCharacteristics="3"/>								<AirSeat SeatNumber="J" SeatAvailability="2" SeatCharacteristics="3"/>								<AirSeat SeatNumber="K" SeatAvailability="2" SeatCharacteristics="85"/>							</AirSeats>							<AirRowCharacteristics CharacteristicList="10"/>						</AirRow>						<AirRow RowNumber="10">							<AirSeats>								<AirSeat SeatNumber="A" SeatAvailability="2" SeatCharacteristics="85 35"/>								<AirSeat SeatNumber="B" SeatAvailability="2" SeatCharacteristics="35 3"/>								<AirSeat SeatNumber="J" SeatAvailability="2" SeatCharacteristics="35 3"/>								<AirSeat SeatNumber="K" SeatAvailability="2" SeatCharacteristics="35 85"/>							</AirSeats>							<AirRowCharacteristics CharacteristicList="20"/>						</AirRow>						<AirRow RowNumber="11">							<AirSeats>								<AirSeat SeatNumber="A" SeatAvailability="2" SeatCharacteristics="85"/>								<AirSeat SeatNumber="B" SeatAvailability="2" SeatCharacteristics="3"/>								<AirSeat SeatNumber="J" SeatAvailability="2" SeatCharacteristics="3"/>								<AirSeat SeatNumber="K" SeatAvailability="2" SeatCharacteristics="85"/>							</AirSeats>							<AirRowCharacteristics CharacteristicList="20"/>						</AirRow>						<AirRow RowNumber="12">							<AirSeats>								<AirSeat SeatNumber="A" SeatAvailability="2" SeatCharacteristics="85"/>								<AirSeat SeatNumber="B" SeatAvailability="2" SeatCharacteristics="3"/>								<AirSeat SeatNumber="J" SeatAvailability="2" SeatCharacteristics="3"/>								<AirSeat SeatNumber="K" SeatAvailability="2" SeatCharacteristics="85"/>							</AirSeats>							<AirRowCharacteristics CharacteristicList="20"/>						</AirRow>						<AirRow RowNumber="15">							<AirSeats>								<AirSeat SeatNumber="A" SeatAvailability="1" SeatCharacteristics="85"/>								<AirSeat SeatNumber="B" SeatAvailability="1" SeatCharacteristics="3"/>								<AirSeat SeatNumber="J" SeatAvailability="1" SeatCharacteristics="3"/>								<AirSeat SeatNumber="K" SeatAvailability="1" SeatCharacteristics="85"/>							</AirSeats>							<AirRowCharacteristics CharacteristicList="20"/>						</AirRow>						<AirRow RowNumber="16">							<AirSeats>								<AirSeat SeatNumber="A" SeatAvailability="1" SeatCharacteristics="85"/>								<AirSeat SeatNumber="B" SeatAvailability="1" SeatCharacteristics="3"/>								<AirSeat SeatNumber="J" SeatAvailability="1" SeatCharacteristics="3"/>								<AirSeat SeatNumber="K" SeatAvailability="1" SeatCharacteristics="85"/>							</AirSeats>							<AirRowCharacteristics CharacteristicList="20"/>						</AirRow>						<AirRow RowNumber="17">							<AirSeats>								<AirSeat SeatNumber="A" SeatAvailability="2" SeatCharacteristics="86"/>								<AirSeat SeatNumber="K" SeatAvailability="2" SeatCharacteristics="86"/>							</AirSeats>							<AirRowCharacteristics CharacteristicList="20"/>						</AirRow>						<AirRow RowNumber="18">							<AirSeats>								<AirSeat SeatNumber="K" SeatAvailability="2" SeatCharacteristics="34 86"/>							</AirSeats>							<AirRowCharacteristics CharacteristicList="20"/>						</AirRow>					</AirRows>				</CabinClass>			</SeatMapDetails>		</SeatMapResponse>		<AirTravelers>			<AirTraveler PassengerTypeCode="ADT">				<PersonName>					<NamePrefix>Mr</NamePrefix>					<GivenName>Sam</GivenName>					<Surname>Jones</Surname>				</PersonName>				<CustLoyalty MembershipID="C12345" ProgramID="AI"/>			</AirTraveler>		</AirTravelers>	</SeatMapResponses></OTA_AirSeatMapRS>