<?xml version="1.0" encoding="UTF-8"?><OTA_HotelStayInfoNotifRQ xmlns="http://www.opentravel.org/OTA/2003/05" xmlns:xsi="http://www.w3.org/2001/XMLSchema-instance" xsi:schemaLocation="http://www.opentravel.org/OTA/2003/05 OTA_HotelStayInfoNotifRQ.xsd" TimeStamp="2005-10-18T09:30:47-05:00" Target="Production" Version="2.000" PrimaryLangID="en-us">	<StayInfos ChainCode="MI" BrandCode="MC" HotelCode="WASJW" HotelCityCode="WAS" HotelName="JW Marriott Hotel Pennsylvania Avenue" ChainName="Marriott International" BrandName="Marriott Hotels and Resorts">		<StayInfo>			<RevenueCategories>				<RevenueCategory RevenueCategoryCode="14">				<!--The RevenueCategoryCode value of 14 indicates this is a Telephone charge-->					<RevenueDetails>						<RevenueDetail TransactionDate="2005-10-18" PMSRevenueCode="40" Amount="1.50" CurrencyCode="USD">							<FolioIDs>								<FolioID>4586</FolioID>							</FolioIDs>						</RevenueDetail>						<RevenueDetail TransactionDate="2005-10-18" PMSRevenueCode="40" Amount="1.50" CurrencyCode="USD">							<FolioIDs>								<FolioID>4586</FolioID>							</FolioIDs>						</RevenueDetail>						<RevenueDetail TransactionDate="2005-10-19" PMSRevenueCode="40" Amount="1.50" CurrencyCode="USD">							<FolioIDs>								<FolioID>4586</FolioID>							</FolioIDs>						</RevenueDetail>						<RevenueDetail TransactionDate="2005-10-20" PMSRevenueCode="40" Amount="1.50" CurrencyCode="USD">							<FolioIDs>								<FolioID>4586</FolioID>							</FolioIDs>						</RevenueDetail>					</RevenueDetails>				</RevenueCategory>				<RevenueCategory RevenueCategoryCode="2">				<!--The RevenueCategoryCode value of 2 indicates this is a Food charge-->					<RevenueDetails>						<RevenueDetail TransactionDate="2005-10-18" PMSRevenueCode="50" Amount="75.00" CurrencyCode="USD">							<FolioIDs>								<FolioID>4586</FolioID>							</FolioIDs>						</RevenueDetail>						<RevenueDetail TransactionDate="2005-10-19" PMSRevenueCode="70" Amount="27.00" CurrencyCode="USD">							<FolioIDs>								<FolioID>4586</FolioID>							</FolioIDs>						</RevenueDetail>						<RevenueDetail TransactionDate="2005-10-20" PMSRevenueCode="70" Amount="27.00" CurrencyCode="USD">							<FolioIDs>								<FolioID>4586</FolioID>							</FolioIDs>						</RevenueDetail>						<RevenueDetail TransactionDate="2005-10-20" PMSRevenueCode="70" Amount="42.00" CurrencyCode="USD">							<FolioIDs>								<FolioID>4586</FolioID>							</FolioIDs>						</RevenueDetail>						<RevenueDetail TransactionDate="2005-10-21" PMSRevenueCode="70" Amount="27.00" CurrencyCode="USD">							<FolioIDs>								<FolioID>4586</FolioID>							</FolioIDs>						</RevenueDetail>					</RevenueDetails>				</RevenueCategory>				<RevenueCategory RevenueCategoryCode="7">				<!--The RevenueCategoryCode value of 7 indicates this is a Parking charge-->					<RevenueDetails>						<RevenueDetail TransactionDate="2005-10-18" PMSRevenueCode="83" Amount="28.00" CurrencyCode="USD">							<FolioIDs>								<FolioID>4586</FolioID>							</FolioIDs>						</RevenueDetail>						<RevenueDetail TransactionDate="2005-10-19" PMSRevenueCode="83" Amount="28.00" CurrencyCode="USD">							<FolioIDs>								<FolioID>4586</FolioID>							</FolioIDs>						</RevenueDetail>						<RevenueDetail TransactionDate="2005-10-20" PMSRevenueCode="83" Amount="28.00" CurrencyCode="USD">							<FolioIDs>								<FolioID>4586</FolioID>							</FolioIDs>						</RevenueDetail>					</RevenueDetails>				</RevenueCategory>				<RevenueCategory RevenueCategoryCode="9">				<!--The RevenueCategoryCode value of 9 indicates this is a Room charge-->					<RevenueDetails>						<RevenueDetail TransactionDate="2005-10-18" PMSRevenueCode="11" Amount="399.00" CurrencyCode="USD">							<FolioIDs>								<FolioID>4586</FolioID>							</FolioIDs>						</RevenueDetail>						<RevenueDetail TransactionDate="2005-10-19" PMSRevenueCode="11" Amount="399.00" CurrencyCode="USD">							<FolioIDs>								<FolioID>4586</FolioID>							</FolioIDs>						</RevenueDetail>						<RevenueDetail TransactionDate="2005-10-20" PMSRevenueCode="11" Amount="399.00" CurrencyCode="USD">							<FolioIDs>								<FolioID>4586</FolioID>							</FolioIDs>						</RevenueDetail>					</RevenueDetails>				</RevenueCategory>				<RevenueCategory RevenueCategoryCode="12">				<!--The RevenueCategoryCode value of 12 indicates this is a Tax charge-->					<RevenueDetails>						<RevenueDetail TransactionDate="2005-10-18" PMSRevenueCode="12" Amount="57.86" CurrencyCode="USD">							<FolioIDs>								<FolioID>4586</FolioID>							</FolioIDs>						</RevenueDetail>						<RevenueDetail TransactionDate="2005-10-19" PMSRevenueCode="12" Amount="57.86" CurrencyCode="USD">							<FolioIDs>								<FolioID>4586</FolioID>							</FolioIDs>						</RevenueDetail>						<RevenueDetail TransactionDate="2005-10-20" PMSRevenueCode="12" Amount="57.86" CurrencyCode="USD">							<FolioIDs>								<FolioID>4586</FolioID>							</FolioIDs>						</RevenueDetail>					</RevenueDetails>				</RevenueCategory>				<RevenueCategory RevenueCategoryCode="8">				<!--The RevenueCategoryCode value of 8 indicates this is a Pay Per View charge-->					<RevenueDetails>						<RevenueDetail TransactionDate="2005-10-20" PMSRevenueCode="90" Amount="10.36" CurrencyCode="USD">							<FolioIDs>								<FolioID>4586</FolioID>							</FolioIDs>						</RevenueDetail>					</RevenueDetails>				</RevenueCategory>				<RevenueCategory RevenueCategoryCode="17">				<!--The RevenueCategoryCode value of 17 indicates this is the Total Revenue-->					<SummaryAmount Amount="1668.94" CurrencyCode="USD"/>				</RevenueCategory>			</RevenueCategories>			<ReservationID Type="14" ID="71294827"/>			<!--The Type value of 14 indicates this is a Reservation ID (Confirmation number)-->			<HotelReservation CreateDateTime="2005-09-17T09:30:47-05:00">				<RoomStays>					<RoomStay MarketCode="12CORA">						<RoomRates>							<RoomRate RoomTypeCode="NKNG" NumberOfUnits="1" RatePlanType="4" RatePlanCode="CORA">							<!--RatePlanType value of 4 indicates this is a Corporate rate plan-->								<Rates>									<Rate EffectiveDate="2005-10-18" ExpireDate="2005-10-21">										<Base AmountBeforeTax="399.00" AmountAfterTax="456.86" CurrencyCode="USD">											<Taxes Amount="57.86" CurrencyCode="USD"/>										</Base>										<Total AmountBeforeTax="1197.00" AmountAfterTax="1370.58" CurrencyCode="USD">											<Taxes Amount="173.58" CurrencyCode="USD"/>										</Total>									</Rate>								</Rates>							</RoomRate>						</RoomRates>						<GuestCounts>							<GuestCount Count="1"/>						</GuestCounts>					</RoomStay>				</RoomStays>				<ResGuests>					<ResGuest>						<Profiles>							<ProfileInfo>								<Profile ProfileType="1">								<!--ProfileType value of 1 indicates this is a Guest profile-->									<Customer >										<PersonName>											<NamePrefix>Mr.</NamePrefix>											<GivenName>Dieter</GivenName>											<Surname>Gastwart</Surname>										</PersonName>										<Telephone PhoneLocationType="6" PhoneTechType="1" CountryAccessCode="49" PhoneNumber="89360020" PhoneUseType="4" RPH="0"/><!--The PhoneLocationType value of 6 indicates this is a Home phone--><!--The PhoneTechType value of 1 indicates this is a Voice phone--><!--The PhoneUseType value of 4 indicates this is an Evening Contact phone number-->										<Address Type="1" UseType="2"><!--The Type value of 1 indicates this is a Home address--><!--The UseType value of 2 indicates this is a Mailing address-->											<StreetNmbr>70</StreetNmbr>											<AddressLine>Baslerstrasse</AddressLine>											<CityName>Munich</CityName>											<PostalCode>81476</PostalCode>											<CountryName>Germany</CountryName>										</Address>										<CustLoyalty ProgramID="MRW" MembershipID="123456789" TravelSector="3" LoyalLevel="Platinum"/>									</Customer>								</Profile>							</ProfileInfo>						</Profiles>					</ResGuest>				</ResGuests>			</HotelReservation>		</StayInfo>	</StayInfos></OTA_HotelStayInfoNotifRQ>