<?xml version="1.0" encoding="UTF-8"?><OTA_AirPriceRQ xmlns="http://www.opentravel.org/OTA/2003/05" xmlns:xsi="http://www.w3.org/2001/XMLSchema-instance" xsi:schemaLocation="http://www.opentravel.org/OTA/2003/05OTA_AirPriceRQ.xsd" EchoToken="36732" TimeStamp="2003-11-14T10:30:00" Target="Production" Version="2.001" SequenceNmbr="284" PrimaryLangID="en">	<POS>		<Source AgentSine="2BB" PseudoCityCode="ATL" ISOCountry="US" ISOCurrency="USD" AirlineVendorID="1P">			<RequestorID Type="5" ID="35896241"/>			<BookingChannel Type="1"/>		</Source>	</POS>	<AirItinerary DirectionInd="Circle">		<OriginDestinationOptions>			<OriginDestinationOption>				<FlightSegment DepartureDateTime="2003-12-12T12:50:00" ArrivalDateTime="2003-12-12T14:34:00" StopQuantity="0" FlightNumber="242" ResBookDesigCode="L" NumberInParty="2" Status="30">					<DepartureAirport LocationCode="ATL"/>					<ArrivalAirport LocationCode="LAX"/>					<MarketingAirline Code="DL"/>				</FlightSegment>			</OriginDestinationOption>			<OriginDestinationOption>				<FlightSegment DepartureDateTime="2003-12-12T15:30:00" ArrivalDateTime="2003-12-12T19:15:00" StopQuantity="0" FlightNumber="1579" ResBookDesigCode="L" NumberInParty="2" Status="30">					<DepartureAirport LocationCode="LAX"/>					<ArrivalAirport LocationCode="HNL"/>					<MarketingAirline Code="DL"/>				</FlightSegment>			</OriginDestinationOption>			<OriginDestinationOption>				<FlightSegment DepartureDateTime="2003-12-20T22:00:00" ArrivalDateTime="2003-12-21T05:05:00" StopQuantity="0" FlightNumber="1852" ResBookDesigCode="L" NumberInParty="1" Status="30">					<DepartureAirport LocationCode="HNL"/>					<ArrivalAirport LocationCode="LAX"/>					<MarketingAirline Code="DL"/>				</FlightSegment>			</OriginDestinationOption>			<OriginDestinationOption>				<FlightSegment DepartureDateTime="2003-12-21T06:00:00" ArrivalDateTime="2003-12-21T13:03:00" StopQuantity="0" FlightNumber="744" ResBookDesigCode="L" NumberInParty="1" Status="30">					<DepartureAirport LocationCode="LAX"/>					<ArrivalAirport LocationCode="ATL"/>					<MarketingAirline Code="DL"/>				</FlightSegment>			</OriginDestinationOption>		</OriginDestinationOptions>	</AirItinerary>	<TravelerInfoSummary>		<AirTravelerAvail>			<PassengerTypeQuantity Code="ADT" Quantity="1"/>			<AirTraveler PassengerTypeCode="ADT">				<PersonName>					<GivenName>Tanya</GivenName>					<Surname>Mercedes</Surname>				</PersonName>				<TravelerRefNumber RPH="1"/>			</AirTraveler>		</AirTravelerAvail>	</TravelerInfoSummary></OTA_AirPriceRQ>