<?xml version="1.0" encoding="UTF-8"?><OTA_ReadRQ xmlns="http://www.opentravel.org/OTA/2003/05" xmlns:xsi="http://www.w3.org/2001/XMLSchema-instance" xsi:schemaLocation="http://www.opentravel.org/OTA/2003/05OTA_ReadRQ.xsd" EchoToken="42348" TimeStamp="2003-12-17T09:30:47" Target="Production" Version="1.002" SequenceNmbr="1" PrimaryLangID="en-us" ReservationType="1">	<ReadRequests>		<AirReadRequest>			<POS>				<Source AgentSine="2342" PseudoCityCode="ATL" ISOCountry="US">					<RequestorID Type="5" ID="12345678" ID_Context="IATA"/>					<BookingChannel Type="5" Primary="1">						<CompanyName Code="1P" CodeContext="IATA"/>					</BookingChannel>				</Source>			</POS>			<Name>				<GivenName>Paul</GivenName>				<Surname>Adams</Surname>			</Name>			<CustLoyalty ProgramID="DL" MembershipID="22A3896B2"/>		</AirReadRequest>	</ReadRequests></OTA_ReadRQ>