<?xml version="1.0" encoding="UTF-8"?><OTA_HotelAvailNotifRQ xmlns:xsi="http://www.w3.org/2001/XMLSchema-instance" xmlns="http://www.opentravel.org/OTA/2003/05" xsi:schemaLocation="http://www.opentravel.org/OTA/2003/05 OTA_HotelAvailNotifRQ.xsd" EchoToken="54638383" TimeStamp="2004-04-14T09:30:47-05:00" Target="Production" Version="1.002" PrimaryLangID="en-us">	<AvailStatusMessages ChainCode="OMNI" HotelCode="HOTEL">		<AvailStatusMessage>			<StatusApplicationControl Start="2004-06-01" End="2004-06-01" 			RatePlanCodeType="RatePlanCode" RatePlanCode="Expedia1" 			InvCodeApplication="InvCode" InvCode="STD" IsRoom="1" Override="1"/>			<LengthsOfStay ArrivalDateBased="1" FixedPatternLength="8">				<LengthOfStay MinMaxMessageType="FullPatternLOS">					<LOS_Pattern FullPatternLOS="NYYYNNNN"/>				</LengthOfStay>			</LengthsOfStay>		</AvailStatusMessage>		<AvailStatusMessage><StatusApplicationControl Start="2004-06-01" End="2004-06-01" 			RatePlanCodeType="RatePlanCode" RatePlanCode="Expedia2" 			InvCodeApplication="InvCode" InvCode="STD" IsRoom="1" Override="1"/>			<LengthsOfStay ArrivalDateBased="1" FixedPatternLength="8">				<LengthOfStay MinMaxMessageType="FullPatternLOS">					<LOS_Pattern FullPatternLOS="NNNNNNNN"/>				</LengthOfStay>			</LengthsOfStay>		</AvailStatusMessage>		<AvailStatusMessage>			<StatusApplicationControl Start="2004-06-01" End="2004-06-01" 			RatePlanCodeType="RatePlanCode" RatePlanCode="Expedia3" 			InvCodeApplication="InvCode" InvCode="STD" IsRoom="1" Override="1"/>			<LengthsOfStay ArrivalDateBased="1" FixedPatternLength="8">				<LengthOfStay MinMaxMessageType="FullPatternLOS">					<LOS_Pattern FullPatternLOS="NNYYNNYN"/>				</LengthOfStay>			</LengthsOfStay>		</AvailStatusMessage>	</AvailStatusMessages></OTA_HotelAvailNotifRQ>