<?xml version="1.0" encoding="UTF-8"?><OTA_CruisePaymentRS xmlns="http://www.opentravel.org/OTA/2003/05" xmlns:xsi="http://www.w3.org/2001/XMLSchema-instance" xsi:schemaLocation="http://www.opentravel.org/OTA/2003/05OTA_CruisePaymentRS.xsd" EchoToken="34267" TimeStamp="2006-07-18T19:31:47-05:00" Target="Production" Version="1.000"> 	<Success/>	<ReservationPayment>		<ReservationID Type="14" ID="5536087"/>		<!--Type value of 14=Reservation -->		<PaymentDetail  ReferenceID="GZ4567SR">			<PaymentCard CardType="1" CardCode="VI" MaskedCardNumber="xxxxxxxxxxxx0003" EffectiveDate="0505">				<!--CardType value of 1=Credit-->				<CardHolderName>Betty White</CardHolderName>			</PaymentCard>			<PaymentAmount Amount="500.00" CurrencyCode="USD"/>		</PaymentDetail>	</ReservationPayment></OTA_CruisePaymentRS>