<?xml version="1.0" encoding="UTF-8"?><OTA_HotelAvailGetRQ xmlns="http://www.opentravel.org/OTA/2003/05" xmlns:xsi="http://www.w3.org/2001/XMLSchema-instance" xsi:schemaLocation="http://www.opentravel.org/OTA/2003/05 OTA_HotelAvailGetRQ.xsd" EchoToken="String" TimeStamp="2009-01-17T09:30:47" Target="Production" Version="1.000">	<POS>		<Source>			<RequestorID Type="22" ID="Passkey"/>			<!--Type (UIT) 22 = ERSP-->		</Source>	</POS>	<HotelAvailRequests>		<HotelAvailRequest SendBookingLimit="1" BookingLimitMessageType="SetLimit">			<DateRange Start="2009-08-15" End="2009-10-01"/>			<RatePlanCandidates>				<RatePlanCandidate RatePlanType="4" RatePlanCode="CORP" RatePlanQualifier="true"/>				<!-- RatePlanType (RPT) 4=  Corporate-->				<RatePlanCandidate RatePlanType="4" RatePlanCode="CORP2" RatePlanQualifier="true"/>				<!-- RatePlanType (RPT) 4= Corporate-->			</RatePlanCandidates> <LengthsOfStayCandidates SendAllLengthsOfStay="true"/> 			<HotelRef ChainCode="YY" BrandCode="XX" HotelCode="ABC123"/>		</HotelAvailRequest>	</HotelAvailRequests></OTA_HotelAvailGetRQ>