<?xml version="1.0" encoding="UTF-8"?><OTA_AirFareDisplayRQ xmlns="http://www.opentravel.org/OTA/2003/05" xmlns:xsi="http://www.w3.org/2001/XMLSchema-instance" xsi:schemaLocation="http://www.opentravel.org/OTA/2003/05 OTA_AirFareDisplayRQ.xsd" TimeStamp="2005-05-17T09:30:47" Target="Production" Version="1.000" SequenceNmbr="1" TransactionStatusCode="Start" PrimaryLangID="en-us" DirectFlightsOnly="false" AvailableFlightsOnly="false" DisplayOrder="ByPriceLowToHigh">	<POS>		<Source AgentSine="XY" PseudoCityCode="H1L" ISOCountry="CH" ISOCurrency="CHF" AgentDutyCode="XY" AirlineVendorID="YY" AirportCode="ZRH" TerminalID="XYZ123">			<RequestorID Type="13" ID="81412345" ID_Context="IATA"/>			<BookingChannel Type="11" Primary="false"/>		</Source>	</POS>	<OriginDestinationInformation>		<DepartureDateTime>2005-02-04</DepartureDateTime>		<OriginLocation LocationCode="ZRH">Zurich</OriginLocation>		<DestinationLocation LocationCode="PAR">Paris</DestinationLocation>	</OriginDestinationInformation>	<TravelPreferences>		<VendorPref>LX</VendorPref>		<TicketDistribPref FirstTicketDate="2005-03-15T00:00:00"/>		<FareApplicationTypePref FareApplicationType="Return"/>		<BookingClassPref ResBookDesigCode="C"/>		<PricingPrefs IncludeTaxInd="false" IncludeServiceFeesInd="false"/>	      </TravelPreferences>	<TravelerInfoSummary>		<PassengerTypeQuantity Code="INF"/>	</TravelerInfoSummary></OTA_AirFareDisplayRQ>