<?xml version="1.0" encoding="UTF-8"?><OTA_CruiseSailAvailRQ xmlns="http://www.opentravel.org/OTA/2003/05" xmlns:xsi="http://www.w3.org/2001/XMLSchema-instance" Version="1.0" Target="Production" MoreIndicator="false" TransactionIdentifier="6940" TimeStamp="2006-06-15T09:30:47" xsi:schemaLocation="http://www.opentravel.org/OTA/2003/05 OTA_CruiseSailAvailRQ.xsd">	<POS>		<Source PseudoCityCode="LAS1S210D">			<RequestorID Type="5" ID="MyWay">			<!--The Type value of 5 indicates this is a Travel Agency ID-->				<CompanyName CompanyShortName="Travel MyWay" Code="MYWAY"/>			</RequestorID>		</Source>	</POS>	<GuestCounts>		<GuestCount Code="10" Quantity="2"/>		<!--The Code value of 10 indicates Adult-->	</GuestCounts>	<SailingDateRange MinDuration="P7D" MaxDuration="P14D" Start="2008-06-01"/>	<CruiseLinePrefs>		<CruiseLinePref VendorCode="COL"/>	</CruiseLinePrefs>	<RegionPref RegionCode="HAW"/></OTA_CruiseSailAvailRQ>