<?xml version="1.0" encoding="UTF-8"?><OTA_HotelRFP_TransientRQ xmlns="http://www.opentravel.org/OTA/2003/05" xmlns:xsi="http://www.w3.org/2001/XMLSchema-instance" xsi:schemaLocation="http://www.opentravel.org/OTA/2003/05 OTA_HotelRFP_TransientRQ.xsd" EchoToken="952698" TimeStamp="2004-08-02T02:30:47-05:00" Target="Production" Version="1.000" PrimaryLangID="en-us">	<TransientRFP_RequestSegments>		<RequestedInfos>			<RequestedInfo RequestedInfoCode="1"/>		</RequestedInfos>		<TransientRFP_RequestSegment HotelCode="LAXAP">			<ContactInfos>				<ContactInfo ContactProfileType="Client">					<Names>						<Name>							<GivenName>Johnny</GivenName>							<Surname>Quest</Surname>							<JobTitle>Corporate Travel Officer</JobTitle>						</Name>					</Names>					<Addresses>						<Address>							<AddressLine>123 Main Street</AddressLine>							<CityName>Chicago</CityName>							<PostalCode>60606</PostalCode>							<StateProv>IL</StateProv>						</Address>					</Addresses>					<Phones>						<Phone PhoneTechType="1" PhoneUseType="3" AreaCityCode="312" PhoneNumber="555-1212"/>						<Phone PhoneTechType="3" AreaCityCode="312" PhoneNumber="555-1234"/>					</Phones>					<Emails>						<Email EmailType="2">johnny@quest.com</Email>					</Emails>					<CompanyName>Quest Corporation</CompanyName>				</ContactInfo>			</ContactInfos>			<AccountSpecificInfo HotelPotentialRoomQuantity="1500"/>		</TransientRFP_RequestSegment>	</TransientRFP_RequestSegments>	<MessageID ID="12345777" Type="16"/></OTA_HotelRFP_TransientRQ>