<?xml version="1.0" encoding="UTF-8"?><OTA_HotelSearchRS xmlns="http://www.opentravel.org/OTA/2003/05" xmlns:xsi="http://www.w3.org/2001/XMLSchema-instance" xsi:schemaLocation="http://www.opentravel.org/OTA/2003/05 OTA_HotelSearchRS.xsd" EchoToken="HL" Target="Production" Version="1.003" PrimaryLangID="EN-US">	<Success/>	<Properties>		<Property ChainCode="EU" HotelCode="abc123" HotelCityCode="PAR" HotelName="Le Marquis Eiffel" HotelCodeContext="SH">			<!--The hotel code is created by the Super-HL system , it is not provided to the customer, it can be used as a reference for follow up entries sent to the Super-HL system -->			<RelativePosition Direction="S" Distance="0.4" DistanceUnitName="Mile">				<Transportations>					<Transportation TransportationCode="20"/>					<!--20 represents Taxi as the property's main transportation-->				</Transportations>			</RelativePosition>		</Property>		<Property ChainCode="UI" HotelCode="abc234" HotelCityCode="PAR" HotelName="Montaigne Hotel" HotelCodeContext="SH">			<RelativePosition Direction="E" Distance="0.7" DistanceUnitName="Mile">				<Transportations>					<Transportation TransportationCode="20"/>				</Transportations>			</RelativePosition>		</Property>		<Property ChainCode="AC" HotelCode="abc678" HotelCityCode="PAR" HotelName="Atel Trocadero La Tour" HotelCodeContext="SH">			<RelativePosition Direction="W" Distance="0.7" DistanceUnitName="Mile">				<Transportations>					<Transportation TransportationCode="20"/>				</Transportations>			</RelativePosition>		</Property>		<Property ChainCode="EU" HotelCode="abc999" HotelCityCode="PAR" HotelName="Exclusive Splendid Eiffel" HotelCodeContext="SH">			<RelativePosition Direction="E" Distance="0.7" DistanceUnitName="Mile">				<Transportations>					<Transportation TransportationCode="20"/>				</Transportations>			</RelativePosition>		</Property>		<Property ChainCode="UI" HotelCode="gde456" HotelCityCode="PAR" HotelName="Waldorf Chataubriand" HotelCodeContext="SH">			<RelativePosition Direction="N" Distance="1.1" DistanceUnitName="Mile">				<Transportations>					<Transportation TransportationCode="20"/>				</Transportations>			</RelativePosition>		</Property>		<Property ChainCode="HY" HotelCode="jkl456" HotelCityCode="PAR" HotelName="Hyatt Regency Paris Madeleine" HotelCodeContext="SH">			<RelativePosition Direction="E" Distance="1.6" DistanceUnitName="Mile">				<Transportations>					<Transportation TransportationCode="20"/>				</Transportations>			</RelativePosition>		</Property>		<Property ChainCode="LE" HotelCode="hjk999" HotelCityCode="PAR" HotelName="Hotel De Buci" HotelCodeContext="SH">			<RelativePosition Direction="E" Distance="1.7" DistanceUnitName="Mile">				<Transportations>					<Transportation TransportationCode="20"/>				</Transportations>			</RelativePosition>		</Property>		<Property ChainCode="GW" HotelCode="yyy555" HotelCityCode="PAR" HotelName="Victoria Palace Hotel" HotelCodeContext="SH">			<RelativePosition Direction="E" Distance="2.0" DistanceUnitName="Mile">				<Transportations>					<Transportation TransportationCode="20"/>				</Transportations>			</RelativePosition>		</Property>	</Properties>	<Criteria>		<Criterion ExactMatch="true">			<!--The point of reference provided by the customer was the Eiffel Tower-->			<RefPoint>EIFFEL TOWER</RefPoint>			<CodeRef LocationCode="23"/>				<!--the Location code is a "Monument"-->			<HotelRef HotelCityCode="PAR"/>			<Radius Distance="2" DistanceMeasure="miles"/>				<!--The hotel listed should be within 2 miles from the Eiffel Tower-->			<RoomAmenity RoomAmenity="74"/>				<!--74 represents non smoking room code-->			<RoomAmenity RoomAmenity="158"/>				<!--158 represents CNN available in the room-->			<RoomAmenity RoomAmenity="123"/>				<!--123 represents wireless internet access-->		</Criterion>	</Criteria></OTA_HotelSearchRS>