<?xml version="1.0" encoding="UTF-8"?><OTA_ReadRQ xmlns="http://www.opentravel.org/OTA/2003/05" xmlns:xsi="http://www.w3.org/2001/XMLSchema-instance" xsi:schemaLocation="http://www.opentravel.org/OTA/2003/05OTA_ReadRQ.xsd" EchoToken="7656" TimeStamp="2003-11-08T21:10:30" Target="Production" Version="1.002" SequenceNmbr="3" ReturnListIndicator="true">	<POS>		<Source AgentSine="A1234">			<RequestorID Type="4" ID="a1234"/>			<BookingChannel Type="6"/>		</Source>	</POS>	<ReadRequests>		<PkgReadRequest Start="2004-10-13">			<Name>				<Surname>Smi</Surname>			</Name>		</PkgReadRequest>	</ReadRequests></OTA_ReadRQ>