<?xml version="1.0" encoding="UTF-8"?><OTA_HotelCommNotifRQ xmlns="http://www.opentravel.org/OTA/2003/05" xmlns:xsi="http://www.w3.org/2001/XMLSchema-instance" xsi:schemaLocation="http://www.opentravel.org/OTA/2003/05 OTA_HotelCommNotifRQ.xsd" TimeStamp="2005-10-12T23:30:47-05:00" Target="Production" Version="1.004" PrimaryLangID="en-us">	<CommissionEvents>		<CommissionEvent Start="2005-09-30" ConfirmationID="00001" ReservationID="61267893">			<Commissions>				<Commission StatusType="Full">					<UniqueID Type="5" ID="106323222" ID_Context="IATA"/>					<!--Type value of 5 indicates this is a Travel Agency ID-->					<CommissionPayableAmount Amount="18.90" CurrencyCode="USD"/>				</Commission>			</Commissions>			<GuestNames>				<GuestName>					<Surname>Berman</Surname>				</GuestName>			</GuestNames>			<HotelReference HotelCode="OWASH"/>		</CommissionEvent>		<CommissionEvent Start="2005-09-30" ConfirmationID="00002" ReservationID="67298829">			<Commissions>				<Commission StatusType="Full">					<UniqueID Type="5" ID="259878745" ID_Context="IATA"/>					<!--The Type value of 5 indicates this is a Travel Agency ID-->					<CommissionPayableAmount Amount="22.90" CurrencyCode="USD"/>				</Commission>			</Commissions>			<GuestNames>				<GuestName>					<Surname>Tilghman</Surname>				</GuestName>			</GuestNames>			<HotelReference HotelCode="OWASH"/>		</CommissionEvent>		<CommissionEvent Start="2005-09-30" ConfirmationID="00003" ReservationID="60098893">			<Commissions>				<Commission StatusType="No-show">					<UniqueID Type="5" ID="504828737" ID_Context="IATA"/>					<!--The Type value of 5 indicates this is a Travel Agency ID-->					<CommissionPayableAmount Amount="0.00" CurrencyCode="USD"/>				</Commission>			</Commissions>			<GuestNames>				<GuestName>					<Surname>Baker</Surname>				</GuestName>			</GuestNames>			<HotelReference HotelCode="OWASH"/>		</CommissionEvent>		<CommissionEvent Start="2005-09-30" ConfirmationID="00004" ReservationID="64389022">			<Commissions>				<Commission StatusType="Partial">					<UniqueID Type="5" ID="392889388" ID_Context="IATA"/>					<!--The Type value of 5 indicates this is a Travel Agency ID-->					<CommissionPayableAmount Amount="18.90" CurrencyCode="USD"/>				</Commission>			</Commissions>			<GuestNames>				<GuestName>					<Surname>Trammell</Surname>				</GuestName>			</GuestNames>			<HotelReference HotelCode="OWASH"/>		</CommissionEvent>		<CommissionEvent Start="2005-09-30" ConfirmationID="00005" ReservationID="62009238">			<Commissions>				<Commission StatusType="Full">					<UniqueID Type="5" ID="123200393" ID_Context="IATA"/>					<!--Code value of 5 indicates this is a Travel Agency ID-->					<CommissionPayableAmount Amount="68.70" CurrencyCode="USD"/>				</Commission>			</Commissions>			<GuestNames>				<GuestName>					<Surname>Barrow</Surname>				</GuestName>			</GuestNames>			<HotelReference HotelCode="OWASH"/>		</CommissionEvent>		<CommissionEvent Start="2005-09-30" ConfirmationID="00006" ReservationID="69237892">			<Commissions>				<Commission StatusType="Full">					<UniqueID Type="5" ID="293837723" ID_Context="IATA"/>					<!--The Type value of 5 indicates this is a Travel Agency ID-->					<CommissionPayableAmount Amount="45.80" CurrencyCode="USD"/>				</Commission>			</Commissions>			<GuestNames>				<GuestName>					<Surname>Oster</Surname>				</GuestName>			</GuestNames>			<HotelReference HotelCode="OWASH"/>		</CommissionEvent>		<CommissionEvent Start="2005-09-30" ConfirmationID="00007" ReservationID="61432993">			<Commissions>				<Commission StatusType="Non-paying">					<UniqueID Type="5" ID="988371132" ID_Context="IATA"/>					<!--The Type value of 5 indicates this is a Travel Agency ID-->					<CommissionPayableAmount Amount="0.00" CurrencyCode="USD"/>				</Commission>			</Commissions>			<GuestNames>				<GuestName>					<Surname>Granger</Surname>				</GuestName>			</GuestNames>			<HotelReference HotelCode="OWASH"/>		</CommissionEvent>		<CommissionEvent Start="2005-09-30" ConfirmationID="00008" ReservationID="67980022">			<Commissions>				<Commission StatusType="Full">					<UniqueID Type="5" ID="000287373" ID_Context="IATA"/>					<!--The Type value of 5 indicates this is a Travel Agency ID-->					<CommissionPayableAmount Amount="22.90" CurrencyCode="USD"/>				</Commission>			</Commissions>			<GuestNames>				<GuestName>					<Surname>McLaughlin</Surname>				</GuestName>			</GuestNames>			<HotelReference HotelCode="OWASH"/>		</CommissionEvent>		<CommissionEvent Start="2005-09-30" ConfirmationID="00009" ReservationID="69011923">			<Commissions>				<Commission StatusType="No-show">					<UniqueID Type="5" ID="910388331" ID_Context="IATA"/>					<!--The Type value of 5 indicates this is a Travel Agency ID-->					<CommissionPayableAmount Amount="0.00" CurrencyCode="USD"/>				</Commission>			</Commissions>			<GuestNames>				<GuestName>					<Surname>Corcoran</Surname>				</GuestName>			</GuestNames>			<HotelReference HotelCode="OWASH"/>		</CommissionEvent>	</CommissionEvents></OTA_HotelCommNotifRQ>