<?xml version="1.0" encoding="UTF-8"?><OTA_AirBookModifyRQ xmlns="http://www.opentravel.org/OTA/2003/05" xmlns:xsi="http://www.w3.org/2001/XMLSchema-instance" xsi:schemaLocation="http://www.opentravel.org/OTA/2003/05OTA_AirBookModifyRQ.xsd" TimeStamp="2010-08-17T09:30:47-05:00" Target="Production" Version="5.000" SequenceNmbr="1" PrimaryLangID="en-us" >	<POS>		<Source PseudoCityCode="H1L" ISOCountry="CH" ISOCurrency="CHF" AirlineVendorID="XY" AirportCode="ZRH" ERSP_UserID="1234567890" TerminalID="019293893">			<RequestorID Type="13" ID="12345678"/>		</Source>	</POS>	<AirBookModifyRQ ModificationType="5">		<TravelerInfo>			<AirTraveler PassengerTypeCode="ADT">				<PersonName>					<NamePrefix>Mr</NamePrefix>					<GivenName>John</GivenName>					<Surname>Smith</Surname>					<NameTitle>M.D.</NameTitle>				</PersonName>				<Telephone PhoneLocationType="5" PhoneTechType="1" PhoneNumber="043 317 36 75" Operation="Delete"/>				<Telephone PhoneLocationType="5" PhoneTechType="1" PhoneNumber="01 812 00 73" Operation="Add"/>				<Email EmailType="2" Operation="Delete">johnsmith@home.com</Email>				<Email EmailType="2" Operation="Add">johnsmith@newhome.com</Email>				<Address FormattedInd="false" Type="1" Operation="Delete">					<AddressLine>12 Main Street</AddressLine>					<CityName>Dallas</CityName>					<PostalCode>75000</PostalCode>					<StateProv StateCode="TX"/>					<CountryName Code="US"/>				</Address>				<Address FormattedInd="false" Type="1" Operation="Add">					<AddressLine>85 South Street</AddressLine>					<CityName>Florida</CityName>					<PostalCode>33626</PostalCode>					<StateProv StateCode="FL"/>					<CountryName Code="US"/>				</Address>				<CustLoyalty ProgramID="LX" MembershipID="234234343" LoyalLevel="Platinum" Operation="Add" VendorCode="LX"/>				<TravelerRefNumber RPH="1"/>			</AirTraveler>		</TravelerInfo>			<!-- ELECTRONIC MISCELLANEOUS DOCUMENT INFORMATION -->		<!-- Use Case Scenario: Extra baggage fee -->		<EMD_Info TotalFltSegQty="1">			<TicketDocument TicketDocumentNbr="9999">				<CouponInfo></CouponInfo>			</TicketDocument>		</EMD_Info>			</AirBookModifyRQ>	<AirReservation LastModified="2010-08-17T09:30:47-05:00">		<AirItinerary DirectionInd="Roundtrip">			<OriginDestinationOptions>				<OriginDestinationOption>					<FlightSegment DepartureDateTime="2010-12-12T09:00:00" ArrivalDateTime="2010-12-12T13:00:00" FlightNumber="150" ResBookDesigCode="Q"  NumberInParty="1" Status="30">						<DepartureAirport LocationCode="IAD"/>						<ArrivalAirport LocationCode="SAN"/>						<Equipment AirEquipType="757"/>						<MarketingAirline Code="AA"/>						<MarriageGrp>1</MarriageGrp>					</FlightSegment>					<FlightSegment DepartureDateTime="2010-12-14T12:40:00" ArrivalDateTime="2010-12-14T16:40:00" FlightNumber="151" ResBookDesigCode="Q"  NumberInParty="1" Status="30">						<DepartureAirport LocationCode="SAN"/>						<ArrivalAirport LocationCode="IAD"/>						<Equipment AirEquipType="757"/>						<MarketingAirline Code="AA"/>						<MarriageGrp>1</MarriageGrp>					</FlightSegment>				</OriginDestinationOption>			</OriginDestinationOptions>		</AirItinerary>	</AirReservation></OTA_AirBookModifyRQ>