<?xml version="1.0" encoding="UTF-8"?><OTA_AirBookRS xmlns="http://www.opentravel.org/OTA/2003/05" xmlns:xsi="http://www.w3.org/2001/XMLSchema-instance" xsi:schemaLocation="http://www.opentravel.org/OTA/2003/05OTA_AirBookRS.xsd" EchoToken="5553429" TimeStamp="2003-03-17T09:30:47-05:03" Target="Production" Version="2.001" SequenceNmbr="1">	<Success/>	<AirReservation>		<AirItinerary>			<OriginDestinationOptions>				<OriginDestinationOption>					<FlightSegment DepartureDateTime="2003-03-18T08:20:00" ArrivalDateTime="2003-03-18T10:07:00" FlightNumber="1975" ResBookDesigCode="M"  NumberInParty="1" Status="30">						<DepartureAirport LocationCode="ATL"/>						<ArrivalAirport LocationCode="LAX"/>						<Equipment AirEquipType="763"/>						<MarketingAirline Code="DL"/>					</FlightSegment>				</OriginDestinationOption>				<OriginDestinationOption>					<FlightSegment DepartureDateTime="2003-03-25T09:30:00" ArrivalDateTime="2003-03-25T16:41:00" FlightNumber="2074" ResBookDesigCode="M"  NumberInParty="1" Status="30">						<DepartureAirport LocationCode="LAX"/>						<ArrivalAirport LocationCode="ATL"/>						<Equipment AirEquipType="757"/>						<MarketingAirline Code="DL"/>					</FlightSegment>				</OriginDestinationOption>			</OriginDestinationOptions>		</AirItinerary>		<TravelerInfo>			<AirTraveler PassengerTypeCode="ADT">				<PersonName>					<GivenName>Albert</GivenName>					<Surname>Mazini</Surname>				</PersonName>				<Telephone PhoneTechType="1" CountryAccessCode="001" AreaCityCode="770" PhoneNumber="563-2891"/>				<TravelerRefNumber RPH="1"/>			</AirTraveler>		</TravelerInfo>		<BookingReferenceID Type="14" ID="7H39B4">			<CompanyName Code="DL"/>		</BookingReferenceID>	</AirReservation></OTA_AirBookRS>