<?xml version="1.0" encoding="UTF-8"?><OTA_CruiseBookRQ xmlns="http://www.opentravel.org/OTA/2003/05" TimeStamp="2006-06-07T17:27:21" Target="Production" Version="2.0" TransactionIdentifier="6940" xmlns:xsi="http://www.w3.org/2001/XMLSchema-instance" xsi:schemaLocation="http://www.opentravel.org/OTA/2003/05 OTA_CruiseBookRQ.xsd">	<POS>		<Source AgentSine="PSMITH" PseudoCityCode="MIANC7101" ERSP_UserID="KAN" TerminalID="58A0DD2A" AgentDutyCode="0011A">			<RequestorID Type="13" ID="C12937">				<!--The Type value of 13 indicates this is an Internet Broker ID-->				<CompanyName CompanyShortName="Cendant" Code="CEN"/>			</RequestorID>		</Source>	</POS>	<AgentInfo Contact="JRoberge" ContactID="97125"/>	<SailingInfo>		<SelectedSailing Status="36" VoyageID="570329" Duration="P7D" Start="2006-10-03">			<CruiseLine VendorCode="NCL" VendorName="NORWEGIAN CRUISE LINE" ShipCode="DA" ShipName="Norwegian Dawn"/>		</SelectedSailing>		<Currency CurrencyCode="USD"/>		<SelectedCategory BerthedCategoryCode="BA" PricedCategoryCode="BA">			<SelectedCabin CabinNumber="GTY" Status="47"/>			<!-- Status value of 47 indicates the cabin is guaranteed -->		</SelectedCategory>	</SailingInfo>	<ReservationInfo>		<GuestDetails>			<GuestDetail GuestExistsIndicator="false">				<SelectedFareCode FareCode="BESTFARE"/>				<ContactInfo GuestRefNumber="1" Gender="Male" Age="63" Nationality="US" BirthDate="1943-01-01">					<PersonName>						<NamePrefix>MR</NamePrefix>						<GivenName>JOSE</GivenName>						<Surname>MARQUES</Surname>					</PersonName>				</ContactInfo>				<GuestTransportation Mode="14" Status="36">					<!--The TransportationMode value of 14 indicates Plane -->					<!--The Status value of 36 indicates this transportation method is Available-->					<GuestCity LocationCode="ATL" CodeContext="IATA"/>					<GatewayCity LocationCode="ATL" CodeContext="IATA"/>				</GuestTransportation>				<SelectedDining Sitting="FREESTYLE" Status="36"/>				<!--The Status value of 36 indicates this dining option is Available-->				<SelectedInsurance InsuranceCode="STD"/>			</GuestDetail>			<GuestDetail GuestExistsIndicator="false">				<SelectedFareCode FareCode="BESTFARE"/>				<ContactInfo GuestRefNumber="2" Gender="Female" Age="62" Nationality="US" BirthDate="1944-03-19">					<PersonName>						<NamePrefix>MRS</NamePrefix>						<GivenName>TAMARA</GivenName>						<Surname>MARQUES</Surname>					</PersonName>				</ContactInfo>				<GuestTransportation Mode="29" Status="36">					<!--The TransportationMode value of 29 indicates No Transportation -->					<!--The Status value of 36 indicates this transportation method is Available-->					<GuestCity LocationCode="ATL" CodeContext="IATA"/>					<GatewayCity LocationCode="ATL" CodeContext="IATA"/>				</GuestTransportation>				<SelectedDining Sitting="FREESTYLE" Status="36"/>				<!--The Status value of 36 indicates this dining option is Available-->				<SelectedInsurance InsuranceCode="STD"/>				<SelectedPackages>					<SelectedPackage PackageTypeCode="2" CruisePackageCode="504390" InclusiveIndicator="false" Start="2006-10-01" Status="43" Duration="P2D"/>					<!--The PackageTypeCode value of 2 indicates this is a Pre-cruise Package -->					<!--The Status value of 43 indicates this Package Option is On Request-->				</SelectedPackages>			</GuestDetail>		</GuestDetails>	</ReservationInfo></OTA_CruiseBookRQ>