<?xml version="1.0" encoding="UTF-8"?><OTA_CruiseInfoRS xmlns="http://www.opentravel.org/OTA/2003/05" xmlns:xsi="http://www.w3.org/2001/XMLSchema-instance" xsi:schemaLocation="http://www.opentravel.org/OTA/2003/05OTA_CruiseInfoRS.xsd" Version="1.000">	<Success/>	<InformationType Name="Ship Statistics">		<SailingInfo>			<SelectedSailing>				<CruiseLine ShipName="Freedom of the Seas"/>			</SelectedSailing>		</SailingInfo>		<ShipInfo VendorCode="RCC" VendorName="Royal Caribbean Cruises Ltd." ShipCode="FR" ShipName="Freedom of the Seas">			<Ship StabilizedIndicator="true" RegistrationCountryCode="BH" RestaurantQuantity="3" ElevatorQuantity="14" MaxCrewQuantity="1365" MaxGuestQuantity="5740" MaxSpeed="23.7" InauguralDate="2006-06-04" BuiltDate="2006-05-01"/>			<ShipLength UnitOfMeasureQuantity="1112" UnitOfMeasureCode="7"/><!-- Unit of measure code 7 = Feet -->				</ShipInfo>	</InformationType></OTA_CruiseInfoRS>