<?xml version="1.0" encoding="UTF-8"?><OTA_HotelAvailNotifRQ xmlns:xsi="http://www.w3.org/2001/XMLSchema-instance" xmlns="http://www.opentravel.org/OTA/2003/05" xsi:schemaLocation="http://www.opentravel.org/OTA/2003/05 OTA_HotelAvailNotifRQ.xsd" EchoToken="54638383" TimeStamp="2004-04-14T09:30:47-05:00" Target="Production" Version="1.001" PrimaryLangID="en-us">	<AvailStatusMessages ChainCode="OMNI" HotelCode="HOTEL">		<AvailStatusMessage>			<StatusApplicationControl Start="2004-06-01" End="2004-06-01" 			RatePlanCodeType="RatePlanCode" RatePlanCode="Expedia1" 			InvCodeApplication="InvCode" InvCode="STD" IsRoom="1" Override="1"/>			<LengthsOfStay ArrivalDateBased="1" FixedPatternLength="8">				<LengthOfStay Time="1" TimeUnit="Day" OpenStatusIndicator="false" 				MinMaxMessageType="FullPatternLOS"/>				<LengthOfStay Time="2" TimeUnit="Day" OpenStatusIndicator="true" 				MinMaxMessageType="FullPatternLOS"/>				<LengthOfStay Time="3" TimeUnit="Day" OpenStatusIndicator="true" 				MinMaxMessageType="FullPatternLOS"/>				<LengthOfStay Time="4" TimeUnit="Day" OpenStatusIndicator="true" 				MinMaxMessageType="FullPatternLOS"/>				<LengthOfStay Time="5" TimeUnit="Day" OpenStatusIndicator="false" 				MinMaxMessageType="FullPatternLOS"/>				<LengthOfStay Time="6" TimeUnit="Day" OpenStatusIndicator="false" 				MinMaxMessageType="FullPatternLOS"/>				<LengthOfStay Time="7" TimeUnit="Day" OpenStatusIndicator="false" 				MinMaxMessageType="FullPatternLOS"/>				<LengthOfStay Time="8" TimeUnit="Day" OpenStatusIndicator="false" 				MinMaxMessageType="FullPatternLOS"/>			</LengthsOfStay>		</AvailStatusMessage>		<AvailStatusMessage>			<StatusApplicationControl Start="2004-06-01" End="2004-06-01" 			RatePlanCodeType="RatePlanCode" RatePlanCode="Expedia2" 			InvCodeApplication="InvCode" InvCode="STD" IsRoom="1" Override="1"/>			<LengthsOfStay ArrivalDateBased="1" FixedPatternLength="8">				<LengthOfStay Time="1" TimeUnit="Day" OpenStatusIndicator="false" 				MinMaxMessageType="FullPatternLOS"/>				<LengthOfStay Time="2" TimeUnit="Day" OpenStatusIndicator="false" 				MinMaxMessageType="FullPatternLOS"/>				<LengthOfStay Time="3" TimeUnit="Day" OpenStatusIndicator="false" 				MinMaxMessageType="FullPatternLOS"/>				<LengthOfStay Time="4" TimeUnit="Day" OpenStatusIndicator="false" 				MinMaxMessageType="FullPatternLOS"/>				<LengthOfStay Time="5" TimeUnit="Day" OpenStatusIndicator="false" 				MinMaxMessageType="FullPatternLOS"/>				<LengthOfStay Time="6" TimeUnit="Day" OpenStatusIndicator="false" 				MinMaxMessageType="FullPatternLOS"/>				<LengthOfStay Time="7" TimeUnit="Day" OpenStatusIndicator="false" 				MinMaxMessageType="FullPatternLOS"/>				<LengthOfStay Time="8" TimeUnit="Day" OpenStatusIndicator="false" 				MinMaxMessageType="FullPatternLOS"/>			</LengthsOfStay>		</AvailStatusMessage>		<AvailStatusMessage>			<StatusApplicationControl Start="2004-06-01" End="2004-06-01" 			RatePlanCodeType="RatePlanCode" RatePlanCode="Expedia3" 			InvCodeApplication="InvCode" InvCode="STD" IsRoom="1" Override="1"/>			<LengthsOfStay ArrivalDateBased="1" FixedPatternLength="8">				<LengthOfStay Time="1" TimeUnit="Day" OpenStatusIndicator="false" 				MinMaxMessageType="FullPatternLOS"/>				<LengthOfStay Time="2" TimeUnit="Day" OpenStatusIndicator="false" 				MinMaxMessageType="FullPatternLOS"/>				<LengthOfStay Time="3" TimeUnit="Day" OpenStatusIndicator="true" 				MinMaxMessageType="FullPatternLOS"/>				<LengthOfStay Time="4" TimeUnit="Day" OpenStatusIndicator="true" 				MinMaxMessageType="FullPatternLOS"/>				<LengthOfStay Time="5" TimeUnit="Day" OpenStatusIndicator="false" 				MinMaxMessageType="FullPatternLOS"/>				<LengthOfStay Time="6" TimeUnit="Day" OpenStatusIndicator="false" 				MinMaxMessageType="FullPatternLOS"/>				<LengthOfStay Time="7" TimeUnit="Day" OpenStatusIndicator="true" 				MinMaxMessageType="FullPatternLOS"/>				<LengthOfStay Time="8" TimeUnit="Day" OpenStatusIndicator="false" 				MinMaxMessageType="FullPatternLOS"/>			</LengthsOfStay>		</AvailStatusMessage>	</AvailStatusMessages></OTA_HotelAvailNotifRQ>