<?xml version="1.0" encoding="UTF-8"?><OTA_HotelDescriptiveInfoRQ EchoToken="1" Target="Production" Version="1.002" xmlns="http://www.opentravel.org/OTA/2003/05" xmlns:xsi="http://www.w3.org/2001/XMLSchema-instance" xsi:schemaLocation="http://www.opentravel.org/OTA/2003/05OTA_HotelDescriptiveInfoRQ.xsd">	<HotelDescriptiveInfos>		<HotelDescriptiveInfo ChainCode="hh" BrandCode="hf" HotelCode="msynh" HotelCityCode="msy" HotelName="New Orleans Riverside" HotelCodeContext="crs">			<HotelInfo SendData="true"/>			<FacilityInfo SendMeetingRooms="true" SendGuestRooms="false" SendRestaurants="true"/>			<Policies SendPolicies="true"/>			<AreaInfo SendRefPoints="true" SendAttractions="true"/>			<AffiliationInfo SendDistribSystems="true" SendBrands="true" SendLoyalPrograms="true" SendAwards="true"/>			<ContactInfo SendData="true"/>			<MultimediaObjects SendData="true"/>		</HotelDescriptiveInfo>	</HotelDescriptiveInfos></OTA_HotelDescriptiveInfoRQ>