<?xml version="1.0" encoding="UTF-8"?><OTA_CruiseCabinAvailRS xmlns="http://www.opentravel.org/OTA/2003/05" xmlns:xsi="http://www.w3.org/2001/XMLSchema-instance" Version="2.0" Target="Production" TransactionIdentifier="4444" TimeStamp="2006-05-17T09:41:25" xsi:schemaLocation="http://www.opentravel.org/OTA/2003/05 OTA_CruiseCabinAvailRS.xsd">	<Success/>	<SailingInfo>		<SelectedSailing Start="2006-10-01" Duration="P7D" Status="36">			<!--The Status value of 36 indicates this Sailing is Available-->			<CruiseLine VendorCode="RCC" VendorName="ROYAL CARIBBEAN CRUISE" ShipCode="NV" ShipName="NAVIGATOR OF THE SEAS"/>		</SelectedSailing>		<Currency DecimalPlaces="2" CurrencyCode="USD"/>		<SelectedCategory BerthedCategoryCode="L" PricedCategoryCode="L"/>	</SailingInfo>	<SelectedFare FareCode="LAF"/>	<CabinOptions>		<CabinOption Status="36" CategoryLocation="Inside" PositionInShip="Aft" MaxOccupancy="2" DeckName="DECK EIGHT" CabinNumber="8341">			<!--The Status value of 36 indicates this cabin is Available-->			<CabinConfiguration BedConfigurationCode="NO"/>			<CabinConfiguration BedConfigurationCode="2L"/>			<CabinConfiguration BedConfigurationCode="2D"/>			<MeasurementInfo Code="CABIN" UnitOfMeasureQuantity="160" UnitOfMeasure="FTK"/>			<Remark>CABIN CONNECTED TO 8339</Remark>			<CabinFilters>				<CabinFilter CabinFilterCode="4"/>				<CabinFilter CabinFilterCode="10"/>				<!--CabinFilterCode 4 indicates a connecting room and 10 indicates an inside cabin. -->			</CabinFilters>		</CabinOption>		<CabinOption Status="36" CategoryLocation="Inside" PositionInShip="Aft" MaxOccupancy="2" DeckName="DECK EIGHT" CabinNumber="8515">			<!--The Status value of 36 indicates this cabin is Available-->			<CabinConfiguration BedConfigurationCode="NO"/>			<CabinConfiguration BedConfigurationCode="2L"/>			<CabinConfiguration BedConfigurationCode="2D"/>			<MeasurementInfo Code="CABIN" UnitOfMeasureQuantity="160" UnitOfMeasure="FTK"/>			<Remark>CABIN CONNECTED TO 8513</Remark>			<CabinFilters>				<CabinFilter CabinFilterCode="4"/>				<CabinFilter CabinFilterCode="10"/>				<!--CabinFilterCode 4 indicates a connecting room and 10 indicates an inside cabin. -->			</CabinFilters>		</CabinOption>		<CabinOption Status="36" CategoryLocation="Inside" PositionInShip="Aft" MaxOccupancy="2" DeckName="DECK EIGHT" CabinNumber="9341">			<!--The Status value of 36 indicates this cabin is Available-->			<CabinConfiguration BedConfigurationCode="NO"/>			<CabinConfiguration BedConfigurationCode="2L"/>			<CabinConfiguration BedConfigurationCode="2D"/>			<MeasurementInfo Code="CABIN" UnitOfMeasureQuantity="160" UnitOfMeasure="FTK"/>			<Remark>CABIN CONNECTED TO 9343</Remark>			<CabinFilters>				<CabinFilter CabinFilterCode="4"/>				<CabinFilter CabinFilterCode="10"/>				<!--CabinFilterCode 4 indicates a connecting room and 10 indicates an inside cabin. -->			</CabinFilters>		</CabinOption>	</CabinOptions></OTA_CruiseCabinAvailRS>