<?xml version="1.0" encoding="UTF-8"?><OTA_NotifReportRQ xmlns="http://www.opentravel.org/OTA/2003/05" xmlns:xsi="http://www.w3.org/2001/XMLSchema-instance" xsi:schemaLocation="http://www.opentravel.org/OTA/2003/05 OTA_NotifReportRQ.xsd" Version="1.001">	<Errors>		<Error Type="3" Code="392"/>	</Errors>	<NotifDetails>		<HotelNotifReport>			<AvailStatusMessages ChainCode="RT" HotelCode="WASAP" HotelCityCode="WAS" HotelCodeContext="1A">				<AvailStatusMessage LocatorID="30470058930139">					<StatusApplicationControl Start="2005-08-30" End="2006-01-05" RatePlanCode="COR" InvTypeCode="A1D" IsRoom="true"/>					<RestrictionStatus Status="Close"/>				</AvailStatusMessage>			</AvailStatusMessages>		</HotelNotifReport>	</NotifDetails></OTA_NotifReportRQ>