<?xml version="1.0" encoding="UTF-8"?><OTA_HotelInvCountRS xmlns:xsi="http://www.w3.org/2001/XMLSchema-instance" xmlns="http://www.opentravel.org/OTA/2003/05" xsi:schemaLocation="http://www.opentravel.org/OTA/2003/05 OTA_HotelInvCountRS.xsd" TimeStamp="2009-01-17T09:30:47" Target="Production" Version="1.002"><Success/>		<Inventories  ChainCode="YY" BrandCode="XX" HotelCode="ABC123">			<Inventory >					<StatusApplicationControl InvCodeApplication="InvCode" InvCode="DLX" 				Start="2009-01-01" End="2009-02-15"> 				</StatusApplicationControl> 			</Inventory>			 <Inventory> 						<StatusApplicationControl InvCodeApplication="InvCode" InvCode="DLX" 				Start="2009-02-16" End="2009-02-28"> 				</StatusApplicationControl> 			</Inventory> 			<Inventory> 					<StatusApplicationControl InvCodeApplication="InvCode" InvCode="DLX" 				Start="2009-03-01" End="2009-03-17"> 				</StatusApplicationControl> 			</Inventory> 			<Inventory> 						<StatusApplicationControl InvCodeApplication="InvCode" InvCode="DLX" 				Start="2009-03-18" End="2009-04-30"> 				</StatusApplicationControl> 			</Inventory> 	</Inventories> </OTA_HotelInvCountRS>