<?xml version="1.0" encoding="UTF-8"?><OTA_CruisePkgAvailRS xmlns="http://www.opentravel.org/OTA/2003/05" xmlns:xsi="http://www.w3.org/2001/XMLSchema-instance" xsi:schemaLocation="http://www.opentravel.org/OTA/2003/05 OTA_CruisePkgAvailRS.xsd" TimeStamp="2007-05-22T09:30:48" Version="1.0" Target="Production" TransactionIdentifier="6940" MoreIndicator="false">	<Success/>	<SailingInfo>		<SelectedSailing VoyageID="126488" Start="2007-10-03" Duration="P7D">			<CruiseLine ShipCode="DA" ShipName="Norwegian Dawn"/>		</SelectedSailing>	</SailingInfo>	<CruisePackages>		<CruisePackage Description="6 NIGHT RADISSON DOWNTOWN MIAMI PRE CRUISE PACKAGE" TransferIncludedIndicator="true" SelectionAllowedIndicator="true" PackageTypeCode="2" CruisePackageCode="818231" Start="2007-05-14" Duration="P6D">			<!-- PackageTypeCode value of 2 indicates this is a pre-cruise hotel package -->			<Location LocationCode="RADISSON MIA" LocationName="RADISSON DOWNTOWN MIAMI"/>			<PriceInfo Status="36" AgeQualifyingCode="10" BreakdownType="DBL" Amount="70700" CurrencyCode="USD" DecimalPlaces="2">				<!-- Status value of 36 indicates this package is available -->				<!-- AgeQualifyingCode value of 10 indicates pricing is per adult -->			</PriceInfo>		</CruisePackage>		<CruisePackage Description="3 NIGHT RADISSON DOWNTOWN MIAMI PRE CRUISE PACKAGE" TransferIncludedIndicator="true" SelectionAllowedIndicator="true" PackageTypeCode="2" CruisePackageCode="782768" Start="2007-05-17" Duration="P3D">			<!-- PackageTypeCode value of 2 indicates this is a pre-cruise hotel package -->			<Location LocationCode="RADISSON MIA" LocationName="RADISSON DOWNTOWN MIAMI"/>			<PriceInfo Status="36" AgeQualifyingCode="10" BreakdownType="DBL" Amount="31700" CurrencyCode="USD" DecimalPlaces="2">				<!-- Status value of 36 indicates this package is available -->				<!-- AgeQualifyingCode value of 10 indicates pricing is per adult -->			</PriceInfo>		</CruisePackage>		<CruisePackage Description="3 NIGHT RIU FLORIDA BEACH RESORT PRE CRUISE PACKAGE" TransferIncludedIndicator="true" SelectionAllowedIndicator="true" PackageTypeCode="2" CruisePackageCode="782149" Start="2007-05-17" Duration="P3D">			<!-- PackageTypeCode value of 2 indicates this is a pre-cruise hotel package -->			<Location LocationCode="RIU MIAMI" LocationName="RIU HOTELS &amp; RESORTS"/>			<PriceInfo Status="36" AgeQualifyingCode="10" BreakdownType="DBL" Amount="32900" CurrencyCode="USD" DecimalPlaces="2">				<!-- Status value of 36 indicates this package is available -->				<!-- AgeQualifyingCode value of 10 indicates pricing is per adult -->			</PriceInfo>		</CruisePackage>		<CruisePackage Description="3 NIGHT COURTYARD MIAMI BEACH PRE CRUISE PACKAGE" TransferIncludedIndicator="true" SelectionAllowedIndicator="true" PackageTypeCode="2" CruisePackageCode="782148" Start="2007-05-17" Duration="P3D">			<!-- PackageTypeCode value of 2 indicates this is a pre-cruise hotel package -->			<Location LocationCode="COURTYARD MIAMI" LocationName="COURTYARD MIAMI BEACH"/>			<PriceInfo Status="36" AgeQualifyingCode="10" BreakdownType="DBL" Amount="29700" CurrencyCode="USD" DecimalPlaces="2">				<!-- Status value of 36 indicates this package is available -->				<!-- AgeQualifyingCode value of 10 indicates pricing is per adult -->			</PriceInfo>		</CruisePackage>		<CruisePackage Description="2  NIGHT RADISSON DOWNTOWN MIAMI PRE CRUISE PACKAGE" TransferIncludedIndicator="true" SelectionAllowedIndicator="true" PackageTypeCode="2" CruisePackageCode="818142" Start="2007-05-18" Duration="P2D">			<!-- PackageTypeCode value of 2 indicates this is a pre-cruise hotel package -->			<Location LocationCode="RADISSON MIA" LocationName="RADISSON DOWNTOWN MIAMI"/>			<PriceInfo Status="36" AgeQualifyingCode="10" BreakdownType="DBL" Amount="22900" CurrencyCode="USD" DecimalPlaces="2">				<!-- Status value of 36 indicates this package is available -->				<!-- AgeQualifyingCode value of 10 indicates pricing is per adult -->			</PriceInfo>		</CruisePackage>	</CruisePackages></OTA_CruisePkgAvailRS>