<?xml version="1.0" encoding="UTF-8"?><!-- OPENTRAVEL SAMPLE INSTANCE --><!-- USE CASE SCENARIO: Request Cache Update Info for a Specified Promotion Code. --><!-- USE CASE DETAILS: The transaction was processed successfully by the hotel supplier and the response message includes specific room type and rate plan codes for hotel codes participating in the “TWOFREE” promotion code with rates and availability data that should be updated in the travel agency trading partner cache. --><OTA_HotelInvChangeRS xmlns="http://www.opentravel.org/OTA/2003/05" xmlns:xsi="http://www.w3.org/2001/XMLSchema-instance" xsi:schemaLocation="http://www.opentravel.org/OTA/2003/05 OTA_HotelInvChangeRS.xsd" EchoToken="12345" TimeStamp="2010-07-17T09:30:47" Target="Production" Version="1.000" PrimaryLangID="en-us">	<!-- The presence of this element indicates the message was processed successfully by the receiving system. -->	<Success/>	<!-- Cached hotel inventory data that needs to be updated for hotels participating in the TWOFREE promotion. -->		<!-- HOTEL CODE LONST -->	<!-- July 7 to 31 -->	<!-- Room Type: UZ-95844 --> 	<CacheChangeInfo HotelCode="LONST">		<TimeSpan Start="2010-07-07" End="2010-07-31" />		<OtherInfo RatePlanCode="CP2FREE" RoomTypeCode="UZ-95844"/>	</CacheChangeInfo>	<!-- Room Type: UZ-96666 --> 	<CacheChangeInfo HotelCode="LONST">		<TimeSpan Start="2010-07-07" End="2010-07-31" />		<OtherInfo RatePlanCode="CP2FREE" RoomTypeCode="UZ-96666"/>	</CacheChangeInfo>	<!-- Room Type: UZ-99999 --> 	<CacheChangeInfo HotelCode="LONST">		<TimeSpan Start="2010-07-07" End="2010-07-31" />		<OtherInfo RatePlanCode="CP2FREE" RoomTypeCode="UZ-99999"/>	</CacheChangeInfo>	<!-- August 1 to 31 -->	<!-- Room Type: UZ-95844 --> 	<CacheChangeInfo HotelCode="LONST">		<TimeSpan Start="2010-08-01" End="2010-08-31" /> 		<OtherInfo RatePlanCode="CP2FREE" RoomTypeCode="UZ-95844"/>	</CacheChangeInfo>	<!-- Room Type: UZ-96666 --> 	<CacheChangeInfo HotelCode="LONST">		<TimeSpan Start="2010-08-01" End="2010-08-31" /> 		<OtherInfo RatePlanCode="CP2FREE" RoomTypeCode="UZ-96666"/>	</CacheChangeInfo>	<!-- September 1 to 30 -->	<!-- Room Type: UZ-95844 --> 	<CacheChangeInfo HotelCode="LONST">		<TimeSpan Start="2010-09-01" End="2010-09-30" /> 		<OtherInfo RatePlanCode="CP2FREE" RoomTypeCode="UZ-95844"/>	</CacheChangeInfo>	<!-- Room Type: UZ-99999 --> 	<CacheChangeInfo HotelCode="LONST">		<TimeSpan Start="2010-09-01" End="2010-09-30" /> 		<OtherInfo RatePlanCode="CP2FREE" RoomTypeCode="UZ-99999"/>	</CacheChangeInfo>	<!-- HOTEL CODE LONSU -->	<!-- July 7 to 31 -->	<!-- Room Type: UZ-95844 --> 	<CacheChangeInfo HotelCode="LONSU">		<TimeSpan Start="2010-07-07" End="2010-07-31" />		<OtherInfo RatePlanCode="CP2FREE" RoomTypeCode="UZ-95844"/>	</CacheChangeInfo>	<!-- Room Type: UZ-96666 --> 	<CacheChangeInfo HotelCode="LONSU">		<TimeSpan Start="2010-07-07" End="2010-07-31" />		<OtherInfo RatePlanCode="CP2FREE" RoomTypeCode="UZ-96666"/>	</CacheChangeInfo>	<!-- August 1 to 31 -->	<!-- Room Type: UZ-95844 --> 	<CacheChangeInfo HotelCode="LONSU">		<TimeSpan Start="2010-08-01" End="2010-08-31" /> 		<OtherInfo RatePlanCode="CP2FREE" RoomTypeCode="UZ-95844"/>	</CacheChangeInfo>	<!-- Room Type: UZ-96666 --> 	<CacheChangeInfo HotelCode="LONSU">		<TimeSpan Start="2010-08-01" End="2010-08-31" /> 		<OtherInfo RatePlanCode="CP2FREE" RoomTypeCode="UZ-96666"/>	</CacheChangeInfo>	<!-- September 1 to 30 -->	<!-- Room Type: UZ-95844 --> 	<CacheChangeInfo HotelCode="LONSU">		<TimeSpan Start="2010-09-01" End="2010-09-30" /> 		<OtherInfo RatePlanCode="CP2FREE" RoomTypeCode="UZ-95844"/>	</CacheChangeInfo>	<!-- Room Type: UZ-99999 --> 	<CacheChangeInfo HotelCode="LONSU">		<TimeSpan Start="2010-09-01" End="2010-09-30" /> 		<OtherInfo RatePlanCode="CP2FREE" RoomTypeCode="UZ-99999"/>	</CacheChangeInfo></OTA_HotelInvChangeRS>