<?xml version="1.0" encoding="UTF-8"?><OTA_DynamicPkgBookRS xsi:schemaLocation="http://www.opentravel.org/OTA/2003/05 OTA_DynamicPkgBookRS.xsd" xmlns="http://www.opentravel.org/OTA/2003/05" xmlns:xsi="http://www.w3.org/2001/XMLSchema-instance" Target="Test" TimeStamp="2008-07-30T15:02:10" Version="1.000" TransactionIdentifier="58A207A9C830DD11">	<POS>		<Source>			<RequestorID ID="BTA142" Type="1">				<!--Type (UIT) 1 = Customer -->				<CompanyName>Bob's Travel Agency</CompanyName>			</RequestorID>		</Source>	</POS>	<Success/>	<DynamicPackage DynamicPkgStatus="Cancelled">		<Components>			<HotelComponent DynamicPkgStatus="Cancelled" CreateDateTime="2008-07-29T17:29:00-08:00">				<UniqueID Type="10" ID="125425236" ID_Context="USV"/>				<!-- UniqueID Type (UIT) 10  = Hotel -->				<UniqueID Type="10" ID="86048384" ID_Context="HBSI"/>				<!-- UniqueID Type (UIT) 10  = Hotel -->				<RoomStays>					<RoomStay>						<RoomRates>							<RoomRate RatePlanCode="HLAS11*ROH*147*0*6675878" NumberOfUnits="1">								<Rates>									<Rate AgeQualifyingCode="10" MinAge="18" MaxAge="999">									<!--AgeQualifyingCode (AQC) 10 = Adult -->										<Base AmountBeforeTax="149.00" AmountAfterTax="159.00" CurrencyCode="USD" />									</Rate>									<Rate AgeQualifyingCode="8" MinAge="1" MaxAge="17">									<!--AgeQualifyingCode (AQC) 8 = Child -->										<Base AmountBeforeTax="40.00" AmountAfterTax="40.00" CurrencyCode="USD" />									</Rate>								</Rates>								<RoomRateDescription>									<Text>DELUXE ROOM (1 KING OR 2 DOUBLES)</Text>								</RoomRateDescription>								<Features>									<Feature RoomAmenity="57" Quantity="1" RoomViewCode="23">										<!--RoomAmenity (RMA) 57= Jacuzzi-->										<!--RoomViewCode (RVT) 23= Strip view-->										<Description>											<Text>Jacuzzi</Text>										</Description>									</Feature>								</Features>								<Total AmountBeforeTax="229.00" AmountAfterTax="239.00" CurrencyCode="USD">									<Taxes Amount="10.00" CurrencyCode="USD"/>								</Total>							</RoomRate>						</RoomRates>						<TimeSpan Start="2008-09-18" End="2008-09-21"/>						<BasicPropertyInfo HotelCode="HLAS11" HotelCityCode="LAS" HotelName="Treasure Island"/>						<ResGuestRPHs>							<ResGuestRPH RPH="1"/>							<ResGuestRPH RPH="2"/>							<ResGuestRPH RPH="3"/>						</ResGuestRPHs>						<Comments>							<Comment>								<Text>non-smoking room requested;king bed</Text>							</Comment>						</Comments>						<SpecialRequests>							<SpecialRequest Language="en-us" RequestCode="1.14">								<Text Formatted="false" Language="en-us">1 king</Text>							</SpecialRequest>							<SpecialRequest Language="en-us" RequestCode="2.1">								<Text Formatted="false" Language="en-us">Non-Smoking</Text>							</SpecialRequest>						</SpecialRequests>					</RoomStay>				</RoomStays>			</HotelComponent>			<AirComponent DynamicPkgStatus="Cancelled" CreateDateTime="2008-07-29T17:29:00-08:00">				<AirItinerary DirectionInd="Roundtrip">					<OriginDestinationOptions>						<OriginDestinationOption>							<FlightSegment ArrivalDateTime="2008-09-18T08:37:00" DepartureDateTime="2008-09-18T07:24:00" FlightNumber="320" StopQuantity="0">								<DepartureAirport LocationCode="PHX"/>								<ArrivalAirport LocationCode="LAS"/>								<OperatingAirline Code="US" CompanyShortName="US">US Airways</OperatingAirline>								<Equipment AirEquipType="320"/>								<MarketingAirline Code="US"/>								<BookingClassAvails CabinType="Economy">										<BookingClassAvail ResBookDesigCode="E"/>								</BookingClassAvails>							</FlightSegment>						</OriginDestinationOption>						<OriginDestinationOption>							<FlightSegment ArrivalDateTime="2008-09-22T01:17:00" DepartureDateTime="2008-09-21T23:59:00" FlightNumber="447" StopQuantity="0">								<DepartureAirport LocationCode="LAS"/>								<ArrivalAirport LocationCode="PHX"/>								<OperatingAirline Code="US" CompanyShortName="US">US Airways</OperatingAirline>								<Equipment AirEquipType="320"/>								<MarketingAirline Code="US"/>								<BookingClassAvails CabinType="Economy">										<BookingClassAvail ResBookDesigCode="E"/>								</BookingClassAvails>							</FlightSegment>						</OriginDestinationOption>					</OriginDestinationOptions>				</AirItinerary>				<AirItineraryPricingInfo>					<ItinTotalFare NegotiatedFare="true">						<BaseFare Amount="203.76" CurrencyCode="USD"/>						<Taxes>							<Tax Amount="15.24" CurrencyCode="USD" TaxCode="US">USTRANSP</Tax>							<Tax Amount="15" CurrencyCode="USD" TaxCode="AY">USSECURITY</Tax>							<Tax Amount="25.5" CurrencyCode="USD" TaxCode="XF">USPFC</Tax>							<Tax Amount="21" CurrencyCode="USD" TaxCode="ZP">USZP</Tax>						</Taxes>						<TotalFare Amount="280.5" CurrencyCode="USD"/>					</ItinTotalFare>					<PTC_FareBreakdowns>						<PTC_FareBreakdown>							<PassengerTypeQuantity Code="ADT" Quantity="3"/>							<FareBasisCodes>								<FareBasisCode>ESUSV</FareBasisCode>								<FareBasisCode>ENSUSV</FareBasisCode>							</FareBasisCodes>							<PassengerFare>								<BaseFare Amount="67.92" CurrencyCode="USD"/>								<Taxes>									<Tax Amount="2.68" CurrencyCode="USD" TaxCode="US">USTRANSP</Tax>									<Tax Amount="2.5" CurrencyCode="USD" TaxCode="AY">USSECURITY</Tax>									<Tax Amount="3.5" CurrencyCode="USD" TaxCode="ZP">USZP</Tax>									<Tax Amount="4.5" CurrencyCode="USD" TaxCode="XF">USPFC</Tax>									<Tax Amount="2.4" CurrencyCode="USD" TaxCode="US">USTRANSP</Tax>									<Tax Amount="2.5" CurrencyCode="USD" TaxCode="AY">USSECURITY</Tax>									<Tax Amount="3.5" CurrencyCode="USD" TaxCode="ZP">USZP</Tax>									<Tax Amount="4" CurrencyCode="USD" TaxCode="XF">USPFC</Tax>								</Taxes>								<TotalFare Amount="93.5" CurrencyCode="USD"/>							</PassengerFare>							<TravelerRefNumber RPH="1" />							<TravelerRefNumber RPH="2" />							<TravelerRefNumber RPH="3" />													</PTC_FareBreakdown>					</PTC_FareBreakdowns>				</AirItineraryPricingInfo>				<TicketingInfo TicketType="eTicket">					<TicketAdvisory>NONREF/PEN FOR CHG</TicketAdvisory>					<TicketAdvisory>VLD US ONLY BULK FARE</TicketAdvisory>				</TicketingInfo>				<BookingReferenceID ResID_Type="6" ResID_Value="NHG65D" ResID_Source="USVA"/>				<!-- ResID_Type (UIT) 6 = Airline -->			</AirComponent>					</Components>		<ResGuests>			<ResGuest ResGuestRPH="1" AgeQualifyingCode="10" LocationCode="PHX" >				<!--AgeQualifyingCode (AQC) 10 = Adult -->				<Profiles>					<ProfileInfo>						<Profile ProfileType="1">							<!-- ProfileType (PRT) 1 = Customer -->							<Customer>								<PersonName>									<NamePrefix>Mr.</NamePrefix>									<GivenName>Bob</GivenName>									<Surname>Roberts</Surname>								</PersonName>								<Telephone PhoneNumber="8885551234" PhoneTechType="1"/>								<!--PhoneTechType (PTT) 1 = Voice -->								<Email>bob@bobco.com</Email>								<Address>									<AddressLine>123 Air St.</AddressLine>									<CityName>Windville</CityName>									<PostalCode>15545</PostalCode>									<StateProv>PA</StateProv>									<CountryName>USA</CountryName>								</Address>								<CustLoyalty LoyalLevel="Chairman" SignupDate="2008-06-10" MembershipID="00097100564" VendorCode="USV" TravelSector="1"/>							<!-- TravelSector (TVS) 1 = Air -->							</Customer>						</Profile>					</ProfileInfo>				</Profiles>			</ResGuest>			<ResGuest ResGuestRPH="2" AgeQualifyingCode="8" Age="10" LocationCode="PHX">				<!--AgeQualifyingCode (AQC) 8 = Child -->				<Profiles>					<ProfileInfo>						<Profile ProfileType="1">							<!-- ProfileType (PRT) 1 = Customer -->							<Customer>								<PersonName>									<NamePrefix>Mr.</NamePrefix>									<GivenName>Sam</GivenName>									<Surname>Roberts</Surname>								</PersonName>							</Customer>						</Profile>					</ProfileInfo>				</Profiles>			</ResGuest>			<ResGuest ResGuestRPH="3" AgeQualifyingCode="8" Age="5" LocationCode="PHX">				<!--AgeQualifyingCode (AQC) 8 = Child -->				<Profiles>					<ProfileInfo>						<Profile ProfileType="1">							<!-- ProfileType (PRT) 1 = Customer -->							<Customer>								<PersonName>									<NamePrefix>Ms.</NamePrefix>									<GivenName>Sally</GivenName>									<Surname>Roberts</Surname>								</PersonName>							</Customer>						</Profile>					</ProfileInfo>				</Profiles>			</ResGuest>		</ResGuests>		<GlobalInfo>			<Guarantee>				<GuaranteesAccepted>					<GuaranteeAccepted GuaranteeID="VDC-123456789" />				</GuaranteesAccepted>			</Guarantee>			<Total AmountBeforeTax="432.76" AmountAfterTax="519.5" CurrencyCode="USD"  AdditionalFeesExcludedIndicator="false"/>			<DynamicPkgIDs>				<DynamicPkgID Type="14" ID="293568124" ID_Context="USV"/>				<!-- Type (UIT) 14 = Reservation -->			</DynamicPkgIDs>		</GlobalInfo>	</DynamicPackage></OTA_DynamicPkgBookRS>