<?xml version="1.0" encoding="UTF-8"?><OTA_HotelResNotifRS xmlns="http://www.opentravel.org/OTA/2003/05" xmlns:xsi="http://www.w3.org/2001/XMLSchema-instance" xsi:schemaLocation="http://www.opentravel.org/OTA/2003/05 OTA_HotelResNotifRS.xsd" EchoToken="354" TimeStamp="2005-01-26T10:22:02-05:00" Target="Production" Version="1.003" ResResponseType="Committed">	<Success/>	<HotelReservations>		<HotelReservation>			<ResGlobalInfo>				<HotelReservationIDs>					<HotelReservationID ResID_Type="13" ResID_Value="7865" ResID_Source="Travel Today"/>					<!-- Res ID Type 13 = Internet broker from OTA code table UIT -->					<HotelReservationID ResID_Type="14" ResID_Value="82329987" ResID_Source="Marriott"/>					<!-- Res ID Type 14 = Reservation from OTA code table UIT -->				</HotelReservationIDs>			</ResGlobalInfo>		</HotelReservation>	</HotelReservations></OTA_HotelResNotifRS>