<?xml version="1.0" encoding="UTF-8"?><OTA_CruiseCabinAvailRS xmlns="http://www.opentravel.org/OTA/2003/05" xmlns:xsi="http://www.w3.org/2001/XMLSchema-instance" xsi:schemaLocation="http://www.opentravel.org/OTA/2003/05OTA_CruiseCabinAvailRS.xsd" EchoToken="34267" TimeStamp="2007-06-30T10:30:50-05:00" Target="Production" Version="1.000"><Success/>	<Warnings>		<Warning Language="en-us" Type="3" Code="437"> Requested Cabin Unavailable.</Warning>	        <!-- Type value of 3 indicates Biz Rule type of warning -->	</Warnings>	<SailingInfo>		<SelectedSailing Start="2007-08-13" End="2007-08-20">			<CruiseLine VendorCode="RCL" VendorName="RoyalCaribbean" ShipCode="VY" ShipName="Voyager"/>	       </SelectedSailing>		<InclusivePackageOption CruisePackageCode="VY10CRW" InclusiveIndicator="1" Start="2007-08-13" End="2007-08-23"/>		<SelectedCategory PricedCategoryCode="P"/>	</SailingInfo>	<SelectedFare FareCode="BRKA01"/>	<CabinOptions>		<CabinOption Status="36" CabinNumber="3841"/>		<CabinOption Status="36" CabinNumber="3864"/>		<CabinOption Status="36" CabinNumber="3873"/>		<CabinOption Status="36" CabinNumber="3892"/>		<!-- Status value of 36 indicates cabin is available -->	</CabinOptions></OTA_CruiseCabinAvailRS>