<?xml version="1.0" encoding="UTF-8"?><OTA_VehCheckInRS xmlns="http://www.opentravel.org/OTA/2003/05" xmlns:xsi="http://www.w3.org/2001/XMLSchema-instance" xsi:schemaLocation="http://www.opentravel.org/OTA/2003/05 OTA_VehCheckInRS.xsd" Version="1.00"><Success/>	<POS>		<Source AgentSine="9435E" TerminalID="S549K"/>	</POS>	<Customer>		<Primary>			<PersonName>				<NamePrefix>Mr.</NamePrefix>				<GivenName>Joe</GivenName>				<Surname>Bailey</Surname>			</PersonName>			<Telephone PhoneNumber="4055551212" PhoneTechType="5"/>			<!--Code value of 5 indicates this is a mobile phone-->			<Document DocIssueStateProv="MO" DocIssueCountry="US" DocID="L1759302" DocType="4" BirthDate="1962-07-11" ExpireDate="2007-12-13"/>			<!-- Code value of 4 in DocType indicates drivers license -->		</Primary>	</Customer>	<VehRentalTransaction>		<PickUpReturnDetails ExpectedActualCode="Actual" PickUpDateTime="2005-11-01T13:30:00" ReturnDateTime="2005-11-09T12:30:00">			<PickUpLocation LocationCode="OKC"/>			<ReturnLocation LocationCode="OKC"/>		</PickUpReturnDetails>		<PickUpReturnDetails ExpectedActualCode="Expected" PickUpDateTime="2005-11-01T13:30:00" ReturnDateTime="2005-11-09T10:00:00">			<PickUpLocation LocationCode="OKC"/>			<ReturnLocation LocationCode="OKC"/>		</PickUpReturnDetails>		<Vehicle AirConditionInd="true" TransmissionType="Automatic">			<VehType VehicleCategory="1"/>			<VehClass Size="6"/>			<VehMakeModel Name="Mazda 626" ModelYear="2004"/>			<VehIdentity VehicleAssetNumber="Car054" LicensePlateNumber="335ZBL" StateProvCode="OK" CountryCode="US" VehicleID_Number="36363636363636363636V" VehicleColor="white"/>			<VehRentalDetails>				<ConditionReport Condition="OK"/>			</VehRentalDetails>		</Vehicle>		<RentalRate>			<RateDistance Unlimited="true" DistUnitName="Mile" VehiclePeriodUnitName="RentalPeriod"/>			<VehicleCharges>				<VehicleCharge Amount="220.00" CurrencyCode="USD" TaxInclusive="false" Purpose="1">					<!--Code Value of 1 in Purpose indicates this charge is for the vehicle rental-->					<TaxAmounts>						<TaxAmount Total="42.23" CurrencyCode="USD" Percentage="12"/>					</TaxAmounts>					<Calculation UnitCharge="150.00" UnitName="Week" Quantity="1"/>					<Calculation UnitCharge="50.00" UnitName="Day" Quantity="1"/>					<Calculation UnitCharge="10.00" UnitName="Hour" Quantity="2"/>				</VehicleCharge>				<VehicleCharge Amount="20.00" CurrencyCode="USD" TaxInclusive="false" Purpose="20"/>				<!-- Coded value of 20 indicates the VehicleCharge is for fuel as vehicle was returned with only 1/2 tank -->				<VehicleCharge Amount="-25.00" CurrencyCode="USD" Purpose="25"/>				</VehicleCharges>			<RateQualifier RateQualifier="ABC123"/>		</RentalRate>		<PricedEquips>			<PricedEquip>				<Equipment EquipType="8" Quantity="1"/>				<!--Code Value of 8 in EquipType indicates a child seat-->				<Charge Amount="32.00" CurrencyCode="USD" TaxInclusive="false">					<Calculation UnitCharge="4.00" UnitName="Day" Quantity="8"/>				</Charge>			</PricedEquip>		</PricedEquips>		<TotalCharge RateTotalAmount="220.00" EstimatedTotalAmount="369.15" CurrencyCode="USD"/>		<ConfID Type="14" ID="C21358AC036"/>		<!--Code value of 14 in Type indicates Confirmation number-->		<ContractID Type="8" ID="123456789"/>		<!--Code value of 8 in Type indicates Car Rental-->	</VehRentalTransaction>	<VehCheckInInfo>		<RentalPaymentAmount PaymentTransactionTypeCode="reserve">			<PaymentCard CardType="1" CardCode="VI" CardNumber="48484848484849999" ExpireDate="0909"/>			<PaymentAmount Amount="200.00" CurrencyCode="USD"/>		</RentalPaymentAmount>		<PricedCoverages>			<PricedCoverage>				<Coverage CoverageType="7"/>				<!--Code value of 7 indicates CDW - collision damage waiver-->				<Charge Amount="79.92" CurrencyCode="USD" TaxInclusive="false">					<Calculation UnitCharge="9.99" UnitName="Day" Quantity="8"/>				</Charge>			</PricedCoverage>		</PricedCoverages>	</VehCheckInInfo></OTA_VehCheckInRS>