<?xml version="1.0" encoding="UTF-8"?><!-- OPENTRAVEL SAMPLE INSTANCE --><!-- USE CASE SCENARIO: Rail Schedule Request for Schedules with a Maximum Connection Preference Specified. --><!-- USE CASE DETAILS: An end user uses a wholesalers website to retrieve schedules for specified origin & destination location and dates with a maximum number of connection preferences specified. --><OTA_RailScheduleRQ TimeStamp="2011-02-03T10:25:30" EchoToken="7656" Target="Production" Version="1.000" PrimaryLangID="ENG" MaxResponses="30" xmlns="http://www.opentravel.org/OTA/2003/05" xmlns:xsi="http://www.w3.org/2001/XMLSchema-instance" xsi:schemaLocation="http://www.opentravel.org/OTA/2003/05OTA_RailScheduleRQ.xsd">	<!-- Transaction originator (point of sale) information. -->	<POS>		<Source>			<RequestorID Type="7" ID="JQIR2244" MessagePassword="ek^4$327F21"/>				<!-- RequestorID Type 7: Wholesaler (See OpenTravel Code List Unique ID Type.) -->				<!-- Password specified for authentication with trading partner system. -->		</Source>	</POS>	<!--The search criteria for a rail schedule search request. -->	<!-- A maximum number of connections is specified here. -->	<RailScheduleQuery MaxConnections="1">		<OriginDestinationInformation>			<DepartureDateTime WindowBefore="P2D" WindowAfter="P2D">2011-08-13</DepartureDateTime>			<OriginLocation LocationCode="TPA">Tampa, FL</OriginLocation>			<DestinationLocation LocationCode="NYP">New York - Penn Station, NY</DestinationLocation>		</OriginDestinationInformation>	</RailScheduleQuery>	</OTA_RailScheduleRQ>