<?xml version="1.0" encoding="UTF-8"?><OTA_TourSearchRQ xmlns="http://www.opentravel.org/OTA/2003/05" xmlns:xsi="http://www.w3.org/2001/XMLSchema-instance" xsi:schemaLocation="http://www.opentravel.org/OTA/2003/05 OTA_TourSearchRQ.xsd" EchoToken="ABC001" TransactionIdentifier="1" TimeStamp="2008-01-28T08:39:00" Version="1.000" Target="Test">	<POS>		<Source AgentSine="ABC" AgentDutyCode="49682">			<RequestorID Type="5" ID="01253"/>			<!-- Type 5 is Travel Agent -->		</Source>	</POS>	<SearchCriteria>		<SearchDateRange Duration="P5D">			<DateWindowRange WindowBefore="P30D" WindowAfter="P30D">2008-07-01</DateWindowRange>		</SearchDateRange>		<DestinationPref Code="US"  StateCodeList="NY" Placemark="Niagra Falls"/>		<SupplierPref CompanyShortName="Geographic Expeditions" PreferLevel="Preferred"/>		<CustomerCounts Code="10" Quantity="2"/>		<!-- Code 10 is Adult -->		<CustomerCounts Code="8" Quantity="1" Age="12"/>		<!-- Code 8 is Child -->		<CustomerCounts Code="8" Quantity="1" Age="15"/>		<PricePref PricingType="Per stay" MinPrice="2500.00" MaxPrice="4000.00" CurrencyCode="USD"/>	</SearchCriteria></OTA_TourSearchRQ>