<?xml version="1.0" encoding="UTF-8"?><OTA_TourSearchRQ xmlns="http://www.opentravel.org/OTA/2003/05" xmlns:xsi="http://www.w3.org/2001/XMLSchema-instance" xsi:schemaLocation="http://www.opentravel.org/OTA/2003/05OTA_TourSearchRQ.xsd" EchoToken="ABC001" TransactionIdentifier="1" TimeStamp="2008-04-01T13:50:00" Version="1.000" Target="Test">	<POS>		<Source AgentSine="ABC" AgentDutyCode="49682">			<RequestorID Type="5" ID="01253"/><!-- Type 5 is Travel Agent -->		</Source>	</POS>	<SearchCriteria>		<SearchDateRange>			<DateWindowRange>2008-07-01</DateWindowRange>		</SearchDateRange>		<KeywordPref PreferLevel="Required">Hiking</KeywordPref>		<KeywordPref PreferLevel="Preferred">Africa</KeywordPref>		<CustomerCounts Quantity="2"/>	</SearchCriteria></OTA_TourSearchRQ>