<?xml version="1.0" encoding="UTF-8"?><OTA_TourInformationNotifRQ xmlns="http://www.opentravel.org/OTA/2003/05" xmlns:xsi="http://www.w3.org/2001/XMLSchema-instance" xsi:schemaLocation="http://www.opentravel.org/OTA/2003/05OTA_TourInformationNotifRQ.xsd" EchoToken="12345" TimeStamp="2008-03-27T15:52:00" Version="1.000" Target="Test">	<POS>		<Source>			<RequestorID ID="Viator" Type="7">				<!-- Type 7 is Wholesaler -->				<CompanyName CompanyShortName="Viator"/>			</RequestorID>		</Source>	</POS>	<TourInformationItems>		<TourInformationItem LastModifyDateTime="2008-03-25T00:00:00">			<TourName ShortName="The Ultimate Grand Canyon Tour Combo"/>			<MultimediaDescriptions>				<MultimediaDescription InfoCode="1">					<!-- InfoCode 1 is Description -->					<TextItems>						<TextItem Title="Short Description">							<Description>This is the ultimate Grand Canyon combo! Enjoy a luxury SUV journey through the Joshua Tree Forest enroute to the Grand Canyon where you will have the option to visit the new Grand Canyon Skywalk*. Then hold on, as you swiftly descent to the Canyon floor by helicopter before boarding a pontoon boat for a relaxing trip down the Colorado River. Fly back to the Canyon rim and head back to the bright lights of Vegas by luxury SUV!</Description>						</TextItem>					</TextItems>				</MultimediaDescription>			</MultimediaDescriptions>			<Destination>				<CityName>Las Vegas</CityName>				<StateProv>NV</StateProv>				<CountryName Code="US"/>			</Destination>			<Category Type="Activity">				<CategoryItem Name="Motorcycle/ATV Touring" Code="52"/>			</Category>			<Charge CurrencyCode="USD" Amount="147.52"/>			<Departures>				<DepartureSchedule Duration="PT8H" Start="2008-01-01" End="2008-12-31">					<OperationTimes>						<OperationTime Start="2008-05-01" End="2008-05-31" Sun="true" Thur="true"/>						<OperationTime Start="2008-06-01" End="2008-06-30"/>						<OperationTime Start="2008-07-01" End="2008-07-31"/>						<OperationTime Start="2008-08-01" End="2008-08-31"/>						<OperationTime Start="2008-09-01" End="2008-09-30"/>					</OperationTimes>				</DepartureSchedule>			</Departures>			<PolicyInfo>				<BookingPolicy OffsetDuration="P7D"/>			</PolicyInfo>			<SupplierInfo>				<CompanyName>Pink Jeep Tours</CompanyName>			</SupplierInfo>		</TourInformationItem>	</TourInformationItems></OTA_TourInformationNotifRQ>