<?xml version="1.0" encoding="UTF-8"?> <OTA_HotelAvailGetRS xmlns:xsi="http://www.w3.org/2001/XMLSchema-instance" xmlns="http://www.opentravel.org/OTA/2003/05" xsi:schemaLocation="http://www.opentravel.org/OTA/2003/05 OTA_HotelAvailGetRS.xsd" TimeStamp="2009-01-17T09:31:47" Target="Production" Version="1.000"><Success/><AvailStatusMessages ChainCode="YY" BrandCode="XX" HotelCode="ABC123" >		<AvailStatusMessage BookingLimit="55" BookingLimitMessageType="SetLimit"> 			<StatusApplicationControl Start="2009-06-11" End="2009-08-03"  InvCode="STD" /> 			<UniqueID Type="16" ID="1"/> 			<!--Type (UIT) 16=Reference -->		</AvailStatusMessage> 		<AvailStatusMessage BookingLimit="47" BookingLimitMessageType="SetLimit"> 			<StatusApplicationControl Start="2009-06-11" End="2009-08-03"  InvCode="DLX" Mon="false" Tue="false" Weds="false" Thur="false" Fri="true" Sat="true" Sun="true"/>			<LengthsOfStay>				<LengthOfStay MinMaxMessageType="SetMinLOS" Time="3" TimeUnit="Day"/>				</LengthsOfStay>				<UniqueID Type="16" ID="2"/>				<!-- Type (UIT) 16 =Reference -->		</AvailStatusMessage>	</AvailStatusMessages></OTA_HotelAvailGetRS>