<?xml version="1.0" encoding="UTF-8"?><OTA_AirDetailsRQ xmlns="http://www.opentravel.org/OTA/2003/05" xmlns:xsi="http://www.w3.org/2001/XMLSchema-instance" xsi:schemaLocation="http://www.opentravel.org/OTA/2003/05OTA_AirDetailsRQ.xsd" EchoToken="533675" TimeStamp="2003-10-17T09:30:47-05:00" Target="Production" Version="1.002" SequenceNmbr="1">	<POS>		<Source AgentSine="42960012" PseudoCityCode="ATL" ISOCountry="US" AirlineVendorID="1P">			<RequestorID Type="5" ID="248954"/>			<BookingChannel Type="1" Primary="1"/>		</Source>	</POS><AirDetail>	<Airline Code="DL"/>	<FlightNumber>194</FlightNumber>	<DepartureAirport LocationCode="ATL"/>	<ArrivalAirport LocationCode="BOS"/>	<DepartureDate>2003-12-13</DepartureDate></AirDetail></OTA_AirDetailsRQ>