<?xml version="1.0" encoding="UTF-8"?><OTA_GolfCourseSearchRS xmlns="http://www.opentravel.org/OTA/2003/05" xmlns:xsi="http://www.w3.org/2001/XMLSchema-instance" xsi:schemaLocation="http://www.opentravel.org/OTA/2003/05 OTA_GolfCourseSearchRS.xsd" EchoToken="54321" TimeStamp="2003-11-12T10:30:15" Target="Production" Version="1.002" SequenceNmbr="2433" PrimaryLangID="en">	<Success/>	<GolfCourses>		<GolfCourse ID="FL1234" Name="Sea Grass Golf Resort">			<Address>				<CityName>Jupiter</CityName>				<PostalCode>21921</PostalCode>				<County>Palm Beach</County>				<StateProv StateCode="FL"/>				<CountryName Code="US"/>			</Address>			<Phone AreaCityCode="444" PhoneNumber="423-8954"/>			<Traits>				<Trait Name="Architect" Value="Robert Jones"/>				<Trait Name="Singles Confirmed" Value="Yes"/>				<Trait Name="ADA Challenged" Value="Wheelchair"/>				<Trait Name="Slope" Value="110"/>				<Trait Name="Metal Spikes" Value="No"/>				<Trait Name="Caddies Available" Value="No"/>				<Trait Name="Yardage" Value="6345"/>				<Trait Name="Personal Carts Permitted" Value="No"/>				<Trait Name="Fivesome" Value="No"/>				<Trait Name="Grass Type" Value="Bermuda"/>			</Traits>		</GolfCourse>		<GolfCourse ID="FL4321" Name="Beach Side Golf Resort">			<Address>				<CityName>Palm Beach Gardens</CityName>				<PostalCode>21932</PostalCode>				<County>Palm Beach</County>				<StateProv StateCode="FL"/>				<CountryName Code="US"/>			</Address>			<Phone AreaCityCode="444" PhoneNumber="423-2876"/>			<Traits>				<Trait Name="Architect" Value="Jack Nicklaus"/>				<Trait Name="Singles Confirmed" Value="Yes"/>				<Trait Name="ADA Challenged" Value="Wheelchair"/>				<Trait Name="Slope" Value="112"/>				<Trait Name="Metal Spikes" Value="Yes"/>				<Trait Name="Caddies Available" Value="Yes"/>				<Trait Name="Yardage" Value="7102"/>				<Trait Name="Fivesome" Value="Yes"/>				<Trait Name="Grass Type" Value="Rye"/>			</Traits>		</GolfCourse>	</GolfCourses></OTA_GolfCourseSearchRS>