<?xml version="1.0" encoding="UTF-8"?><OTA_AirBookModifyRQ xmlns="http://www.opentravel.org/OTA/2003/05" xmlns:xsi="http://www.w3.org/2001/XMLSchema-instance" xsi:schemaLocation="http://www.opentravel.org/OTA/2003/05OTA_AirBookModifyRQ.xsd" TimeStamp="2005-01-31T09:30:47-05:00" Target="Production" Version="1.000" SequenceNmbr="1" PrimaryLangID="en-us">	<POS>		<Source PseudoCityCode="H1L" ISOCountry="CH" ISOCurrency="CHF" AirlineVendorID="XY" AirportCode="ZRH" ERSP_UserID="1234567890" TerminalID="019293893">			<RequestorID Type="13" ID="12345678"/>		</Source>	</POS>	<AirBookModifyRQ	ModificationType="5">		<TravelerInfo>				<SpecialReqDetails>					<SpecialServiceRequests>						<SpecialServiceRequest SSRCode="VGML" TravelerRefNumberRPHList="2" FlightRefNumberRPHList="1 2 3" Status="16"/>						<SpecialServiceRequest SSRCode="AVML" TravelerRefNumberRPHList="2" FlightRefNumberRPHList="1 2 3" Status="11"/>						<SpecialServiceRequest SSRCode="WCHR" TravelerRefNumberRPHList="1 2 3" FlightRefNumberRPHList="1 2 3" Status="11"/>					</SpecialServiceRequests>				</SpecialReqDetails>			</TravelerInfo>		<BookingReferenceID Type="1" ID="ABCDEF"/>	</AirBookModifyRQ></OTA_AirBookModifyRQ>