<?xml version="1.0" encoding="UTF-8"?><OTA_HotelPostEventRS TimeStamp="2007-12-17T09:30:57" Version="1.0" Target="Production" SequenceNmbr="1" PrimaryLangID="en-us" xsi:schemaLocation="http://www.opentravel.org/OTA/2003/05 OTA_HotelPostEventRS.xsd" xmlns="http://www.opentravel.org/OTA/2003/05" xmlns:xsi="http://www.w3.org/2001/XMLSchema-instance">	<Success/>	<EventReports>		<EventReport TimeStamp="2007-08-04T15:13:27" Version="1.0">			<EventSites>				<EventSite PropertyTypeCode="20" HotelName="Arlington Marriott" LocationCategoryCode="4" HeadquarterHotelIndicator="true" ChainName="Marriott" HotelCityCode="DCA" PrimaryFacilityIndicator="true">					<!-- PropertyTypeCode(PCT) 20= Hotel-->					<!-- LocationCategoryCode (LOC) 4= Downtown-->					<Event_ID Type="17" MeetingName="2007 CMP Summit Meeting" ID="CIC07312007" Instance="1.0" URL="http://www.conventionindustry.org">						<!-- Type(UIT) 17= Meeting Planning Agency -->						<CompanyName CompanyShortName="CIC" Department="Event Planning"/>					</Event_ID>					<Date Duration="P3D" End="2007-07-06" Start="2007-07-04"/>					<Contacts>						<Contact ContactType="Meeting Planner" EmergencyFlag="false" DocumentDistribMethodCode="11" DepartureDate="2007-07-06" VIP_Indicator="true" ArrivalDate="2007-07-04" Relation="Staff" CommunicationMethodCode="2">							<!-- DocumentDistribMethodCode(DTB) 11= XML-->							<!-- CommunicationMethodCode(DTB) 2= E-mail-->							<PersonName>								<NamePrefix>Mr</NamePrefix>								<GivenName>Jim</GivenName>								<Surname>Smith</Surname>								<NameTitle>CMP</NameTitle>							</PersonName>							<Telephone PhoneLocationType="7" PhoneTechType="1" PhoneNumber="5556262" CountryAccessCode="1" AreaCityCode="703"/>							<!-- PhoneLocationType(PLT) 7=Office-->							<!-- PhoneTechType(PTT) 1=Voice-->							<Address Type="2" UseType="2">								<!-- Type(CLT) 2=Business-->								<!-- UseType(AUT) 2=Mailing-->								<AddressLine>1 Planning St</AddressLine>								<CityName>Alexandria</CityName>								<PostalCode>02201</PostalCode>								<StateProv StateCode="VA"/>								<CountryName Code="US"/>							</Address>							<Email EmailType="2">jsmith@cic.org</Email>							<!-- EmailType(EAT) 2=Business-->							<URL Type="Business">http://www.conventionindustry.org</URL>							<CompanyName CompanyShortName="CIC" Department="Event Planning"/>							<EmployeeInfo EmployeeTitle="Meeting Planner"/>						</Contact>					</Contacts>					<AttendeeInfo TotalQuantity="200" ExhibitorQuantity="0" NoShowQuantity="0" QuantityType="Actual" OnsiteRegisteredQuantity="25" PreRegisteredQuantity="175" InternationalQuantity="50" DomesticQuantity="150"/>					<EventDays FirstEventDayOfWeek="Wed">						<EventDay DayNumber="1" DayType="Published ">							<EventDayFunctions>								<EventDayFunction LocationName="Salon A" FunctionName="General Session" ExhibitionIndicator="false" TwentyFourHourHoldInd="true" FunctionType="30" RequiredKeyQuantity="1" AttendeeQuantity="200" ReKeyIndicator="true" PostIndicator="true">									<!-- FunctionType(EVT) 30=General Session-->									<Contacts>										<Contact ContactType="Meeting Planner" EmergencyFlag="false" DocumentDistribMethodCode="11" Relation="Staff" CommunicationMethodCode="2">											<!-- DocumentDistribMethodCode(DTB) 11= XML-->											<!-- CommunicationMethodCode(DTB) 2= E-mail-->											<PersonName>												<NamePrefix>Mr</NamePrefix>												<GivenName>Jim</GivenName>												<Surname>Smith</Surname>												<NameTitle>CMP</NameTitle>											</PersonName>											<Telephone PhoneLocationType="7" PhoneTechType="1" PhoneNumber="5556262" CountryAccessCode="1" AreaCityCode="703"/>											<!-- PhoneLocationType(PLT) 7=Office-->											<!-- PhoneTechType(PTT) 1=Voice-->											<Address Type="2" UseType="2">												<!-- Type(CLT) 2=Business-->												<!-- UseType(AUT) 2=Mailing-->												<AddressLine>1 Planning St</AddressLine>												<CityName>Alexandria</CityName>												<PostalCode>02201</PostalCode>												<StateProv StateCode="VA"/>												<CountryName Code="US"/>											</Address>											<Email EmailType="2">jsmith@cic.org</Email>											<!-- EmailType(EAT) 2=Business-->											<URL Type="Business">http://www.conventionindustry.org</URL>											<CompanyName CompanyShortName="CIC" Department="Event Planning"/>											<EmployeeInfo EmployeeTitle="Meeting Planner"/>										</Contact>									</Contacts>									<AudioVisuals ProvidedBy="Venue" ProviderName="In House AV Company">										<AudioVisual AudioVisualPref="Required" Amount="1000.00" Quantity="1" Code="139">											<!-- Code (MRC) 139= screen-->											<Comments>												<Comment>													<Text TextFormat="PlainText">Please provide 9 x 12 screen</Text>												</Comment>											</Comments>										</AudioVisual>										<AudioVisual AudioVisualPref="Required" Amount="500.00" Quantity="1" Code="33"/>										<!-- Code (MRC) 33= podium-->										<AudioVisual AudioVisualPref="Required" Amount="500.00" Quantity="1" Code="158"/>										<!-- Code (MRC) 158= data projector-->										<AudioVisual AudioVisualPref="Required" Amount="500.00" Quantity="1" Code="125"/>										<!-- Code (MRC) 125= wireless internet-->									</AudioVisuals>									<RoomSetup RoomSetupCode="21" SetForQuantity="200"/>									<!-- RoomSetupCode (MRF) 21= Classroom 2 per 6-->									<SessionTimes StartTime="09:00:00" EndTime="12:00:00"/>									<FoodAndBeverages ProvidedBy="Venue">										<FoodAndBeverage MealTypeCode="3" SetForQuantity="200" GuaranteeQuantity="150" AttendeeQuantity="200">											<!-- MealTypeCode(AMC) 3=dinner-->											<Menus>												<Menu Amount="25.00" Name="Prime Rib" Quantity="200" ChargeUnit="7"/>												<!-- ChargeUnit(CHG) 7= Per Person-->											</Menus>										</FoodAndBeverage>									</FoodAndBeverages>									<FunctionCharges>										<FunctionCharge FunctionChargeCode="14" Amount="2500.00">											<!-- FunctionChargeCode(EVT) 14= AudioVisual-->											<Taxes>												<Tax Type="Inclusive" Percent="18"/>											</Taxes>										</FunctionCharge>										<FunctionCharge FunctionChargeCode="11" Amount="5000.00">											<!-- FunctionChargeCode(EVT) 11= Food and beverage-->											<Taxes>												<Tax Type="Inclusive" Percent="18"/>											</Taxes>										</FunctionCharge>									</FunctionCharges>								</EventDayFunction>							</EventDayFunctions>						</EventDay>					</EventDays>					<RoomBlocks>						<RoomBlock PeakRoomNightQuantity="205" ContractedDate="2007-04-13" CutoffDateExercisedIndicator="false" CompRoomQuantity="5" CutoffDate="2007-06-04" HousingProviderName="CIC" TotalRoomNightQuantity="350" StaffRoomQuantity="5">							<ReservationMethod Code="2"/>							<!-- Code (RMC) 2= Rooming List-->							<StayDays FirstStayDayOfWeek="Wed">								<StayDay GuestQuantity="150" RoomType="Single" DayNumber="1" ContractedRoomBlock="175" FinalRoomBlock="150" TotalNumberOfUnits="150" DayType="Published">									<Rates>										<Rate OccupancyRate="Single" Amount="195.00">											<Taxes>												<Tax Type="Exclusive" Percent="18" Code="1"/>												<!-- Code (FTT) 1=bed tax -->											</Taxes>										</Rate>										<Rate OccupancyRate="Double" Amount="195.00">											<Taxes>												<Tax Type="Exclusive" Percent="18" Code="1"/>												<!-- Code (FTT) 1=bed tax -->											</Taxes>										</Rate>									</Rates>								</StayDay>								<StayDay GuestQuantity="25" RoomType="Double" DayNumber="1" ContractedRoomBlock="25" FinalRoomBlock="25" TotalNumberOfUnits="25" DayType="Published">									<Rates>										<Rate OccupancyRate="Double" Amount="195.00">											<Taxes>												<Tax Type="Exclusive" Percent="18" Code="1"/>												<!-- Code (FTT) 1=bed tax -->											</Taxes>										</Rate>										<Rate OccupancyRate="Single" Amount="195.00">											<Taxes>												<Tax Type="Exclusive" Percent="18" Code="1">													<!-- Code (FTT) 1=bed tax -->												</Tax>											</Taxes>										</Rate>									</Rates>								</StayDay>								<StayDay GuestQuantity="5" RoomType="Suite" DayNumber="1" ContractedRoomBlock="5" FinalRoomBlock="5" TotalNumberOfUnits="5" DayType="Published">									<Rates>										<Rate OccupancyRate="Single" Amount="245.00">											<Taxes>												<Tax Type="Exclusive" Percent="18" Code="1"/>												<!-- Code (FTT) 1=bed tax -->											</Taxes>										</Rate>										<Rate OccupancyRate="Double" Amount="245.00">											<Taxes>												<Tax Type="Exclusive" Percent="18" Code="1"/>												<!-- Code (FTT) 1=bed tax -->											</Taxes>										</Rate>									</Rates>								</StayDay>								<StayDay GuestQuantity="120" RoomType="Single" DayNumber="2" ContractedRoomBlock="175" FinalRoomBlock="175" TotalNumberOfUnits="120" DayType="Published">									<Rates>										<Rate OccupancyRate="Single" Amount="195.00">											<Taxes>												<Tax Type="Exclusive" Percent="18" Code="1"/>												<!-- Code (FTT) 1=bed tax -->											</Taxes>										</Rate>										<Rate OccupancyRate="Double" Amount="195.00">											<Taxes>												<Tax Type="Exclusive" Percent="18" Code="1"/>												<!-- Code (FTT) 1=bed tax -->											</Taxes>										</Rate>									</Rates>								</StayDay>								<StayDay GuestQuantity="50" RoomType="Double" DayNumber="2" ContractedRoomBlock="50" FinalRoomBlock="50" TotalNumberOfUnits="50" DayType="Published">									<Rates>										<Rate OccupancyRate="Single" Amount="195.00">											<Taxes>												<Tax Type="Exclusive" Percent="18" Code="1"/>												<!-- Code (FTT) 1=bed tax -->											</Taxes>										</Rate>										<Rate OccupancyRate="Double" Amount="195.00">											<Taxes>												<Tax Type="Exclusive" Percent="18" Code="1"/>												<!-- Code (FTT) 1=bed tax -->											</Taxes>										</Rate>									</Rates>								</StayDay>								<StayDay GuestQuantity="5" RoomType="Suite" DayNumber="2" ContractedRoomBlock="5" FinalRoomBlock="5" TotalNumberOfUnits="5" DayType="Published">									<Rates>										<Rate OccupancyRate="Single" Amount="245.00">											<Taxes>												<Tax Type="Exclusive" Percent="18" Code="1"/>												<!-- Code (FTT) 1=bed tax -->											</Taxes>										</Rate>										<Rate OccupancyRate="Double" Amount="245.00">											<Taxes>												<Tax Type="Exclusive" Percent="18" Code="1"/>												<!-- Code (FTT) 1=bed tax -->											</Taxes>										</Rate>									</Rates>								</StayDay>							</StayDays>							<TotalRoomPickUp PickUpParameter="90_Day" TotalNumberOfUnits="50"/>							<TotalRoomPickUp PickUpParameter="60_Day" TotalNumberOfUnits="125"/>							<TotalRoomPickUp PickUpParameter="30_Day" TotalNumberOfUnits="150"/>							<TotalRoomPickUp PickUpParameter="21_Day" TotalNumberOfUnits="200"/>							<TotalRoomPickUp PickUpParameter="14_Day" TotalNumberOfUnits="205"/>							<TotalRoomPickUp PickUpParameter="7_Day" TotalNumberOfUnits="350"/>							<TotalRoomPickUp PickUpParameter="Actual" TotalNumberOfUnits="350"/>						</RoomBlock>					</RoomBlocks>				</EventSite>			</EventSites>		</EventReport>	</EventReports></OTA_HotelPostEventRS>