<?xml version="1.0" encoding="UTF-8"?><OTA_HotelRatePlanRQ xmlns="http://www.opentravel.org/OTA/2003/05" xmlns:xsi="http://www.w3.org/2001/XMLSchema-instance" xsi:schemaLocation="http://www.opentravel.org/OTA/2003/05OTA_HotelRatePlanRQ.xsd" Version="1.000">	<POS>		<Source>			<RequestorID ID="10" Type="18"/>		</Source>	</POS>	<RatePlans>		<RatePlan>			<RatePlanCandidates>				<RatePlanCandidate RatePlanCode="AAA"/>			</RatePlanCandidates>			<HotelRef HotelCode="10107"/>		</RatePlan>	</RatePlans></OTA_HotelRatePlanRQ>