<?xml version="1.0" encoding="UTF-8"?><OTA_TourAvailRS xmlns="http://www.opentravel.org/OTA/2003/05" xmlns:xsi="http://www.w3.org/2001/XMLSchema-instance" xsi:schemaLocation="http://www.opentravel.org/OTA/2003/05 OTA_TourAvailRS.xsd" EchoToken="ABC001" TransactionIdentifier="1" TimeStamp="2008-02-01T13:43:00" Version="1.000" Target="Test">	<Success/>	<TourName ShortName="Hiking in Angola" ID="http://www.adventureserver.com/distribution/NoKeySet/Activity178"/>	<Departure Start="2008-05-10"/>	<URLs>		<URL Type="Website">http://www.adventureserver.com/distribution/</URL>		<URL Type="Detail">http://www.adventureserver.com/distribution/ExtremeAdventures/Activity178/Details.aspx</URL>		<URL Type="Booking">http://www.adventureserver.com/distribution/ExtremeAdventures/Activity178/Booking.aspx</URL>	</URLs></OTA_TourAvailRS>