<?xml version="1.0" encoding="UTF-8"?><!-- OPENTRAVEL SAMPLE INSTANCE --><!-- USE CASE SCENARIO: Package Availability: The Package Availability response indicates that extras are available for this package, so this message is issued. --><OTA_PkgExtrasInfoRQ xmlns="http://www.opentravel.org/OTA/2003/05" xmlns:xsi="http://www.w3.org/2001/XMLSchema-instance" xsi:schemaLocation="http://www.opentravel.org/OTA/2003/05 OTA_PkgExtrasInfoRQ.xsd" TimeStamp="2010-10-18T23:10:44" EchoToken="7656" Target="Production" Version="2.000">	<!-- Transaction originator (point of sale) information. -->	<POS>		<Source>			<RequestorID Type="5" ID="12345678">				<!-- Requestor ID of 5 = Travel Agency". Refer to OpenTravel Code List Unique ID Type (UIT). -->			</RequestorID>		</Source>	</POS>		<!-- Contains the codes and itinerary items identifying the package. -->	<PackageRequest ID="K09104" TravelCode="42213" TourCode="MINAMA">		<DateRange Start="2011-04-20" Duration="P14N"/>	</PackageRequest>		<!-- These are the passengers you defined in the <CustomerCount> element during the availability call: details of a passenger or of a quantity of generic passengers e.g. 2 children aged 5. When used in this way, Age is essential for children but may be omitted for adults. -->	<PassengerListItems>		<PassengerListItem Code="10" Quantity="2" RPH="1"/>			<!-- Code of 10 = "Adult." Refer to OpenTravel Code List Age Qualifying Code (AQC). -->			<!-- The RPH will be used in the response message for extras that apply to an age category. -->		<PassengerListItem Code="8" Quantity="1" Age="5" RPH="2"/>			<!-- Code of 8 = "Child." Refer to OpenTravel Code List Age Qualifying Code (AQC). -->		<PassengerListItem Code="8" Quantity="1" Age="9" RPH="2"/>			<!-- Code of 8 = "Child." Refer to OpenTravel Code List Age Qualifying Code (AQC). -->		<PassengerListItem Code="7" Quantity="1" BirthDate="2010-02-14" RPH="3"/>			<!-- Code of 7 = "Infant." Refer to OpenTravel Code List Age Qualifying Code (AQC). -->	</PassengerListItems>	</OTA_PkgExtrasInfoRQ>