<?xml version="1.0" encoding="UTF-8"?><OTA_HotelBookingRuleRQ xmlns="http://www.opentravel.org/OTA/2003/05" xmlns:xsi="http://www.w3.org/2001/XMLSchema-instance" xsi:schemaLocation="http://www.opentravel.org/OTA/2003/05 OTA_HotelBookingRuleRQ.xsd" EchoToken="12345671" TimeStamp="2006-05-02T09:30:47-05:00" Target="Production" Version="1.000">	<POS>		<Source>			<RequestorID Type="13" ID="4258"/>			<!--Type 13=Internet broker-->			<BookingChannel Type="7">			<!--Type 7=Internet-->				<CompanyName CompanyShortName="Travel The World"/>			</BookingChannel>		</Source>	</POS>	<RuleMessage ChainCode="DW" HotelCode="53291">		<StatusApplication Start="2006-05-20" End="2006-05-23" InvType="Room" InvTypeCode="N2DRAC"/>		<GuestCounts>			<GuestCount AgeQualifyingCode="10" Count="1"/>			<!--AgeQualifyingCode 10=Adult-->			<GuestCount AgeQualifyingCode="8" Count="1"/>			<!--AgeQualifyingCode 8=Child-->		</GuestCounts>	</RuleMessage></OTA_HotelBookingRuleRQ>