<?xml version="1.0" encoding="UTF-8"?><OTA_CruiseSpecialServiceAvailRQ xmlns="http://www.opentravel.org/OTA/2003/05" xmlns:xsi="http://www.w3.org/2001/XMLSchema-instance" xsi:schemaLocation="http://www.opentravel.org/OTA/2003/05 OTA_CruiseSpecialServiceAvailRQ.xsd" Version="1.0" Target="Production" TransactionIdentifier="6940" TimeStamp="2006-11-10T09:30:47">	<POS>		<Source AirportCode="MIA" ISOCountry="US" PseudoCityCode="MIANCL02">			<RequestorID Type="5" ID="TA123456">				<!-- Type value 5 indicates Travel Agency -->				<CompanyName CompanyShortName="NCL" Code="NCLWEB"/>			</RequestorID>		</Source>	</POS>	<GuestCounts>		<GuestCount Quantity="2"/>	</GuestCounts>	<SailingInfo>		<SelectedSailing VoyageID="743536" Start="2007-02-17">			<CruiseLine VendorCode="NCL" ShipCode="HA"/>		</SelectedSailing>		<Currency DecimalPlaces="2" CurrencyCode="USD"/>	</SailingInfo></OTA_CruiseSpecialServiceAvailRQ>