<?xml version="1.0" encoding="UTF-8"?><OTA_HotelDescriptiveInfoRS Target="Production" Version="2.000" SequenceNmbr="1" PrimaryLangID="en" AltLangID="en" xmlns="http://www.opentravel.org/OTA/2003/05" xmlns:xsi="http://www.w3.org/2001/XMLSchema-instance" xsi:schemaLocation="http://www.opentravel.org/OTA/2003/05OTA_HotelDescriptiveInfoRS.xsd">	<POS>		<Source PseudoCityCode="NY" ISOCountry="US" ISOCurrency="USD">			<RequestorID URL="sellmorerooms.com" Type="5F" ID="99">				<CompanyName CompanyShortName="Sell More Rooms"/>			</RequestorID>		</Source>	</POS>	<Success/>	<HotelDescriptiveContents ChainCode="XX" BrandCode="XY" HotelCode="NYCXX" HotelCityCode="NYC" HotelName="ABC New York Hotel" Overwrite="true">		<HotelDescriptiveContent CurrencyCode="USD" DecimalPlaces="2" LanguageCode="en" UnitOfMeasure="miles">			<HotelInfo>				<Services>					<Service Code="84" CodeDetail="Express Massage" AvailableToAnyGuest="true" InvCode="SPAExpressMassage" ProximityCode="1">						<!-- Service code 84 is Spa; Proximity code 1 is onsite-->						<Contact Location="6">							<Phones>								<Phone PhoneNumber="999-999-9999"/>							</Phones>							<URLs>								<URL>http://www.abchotelNYspa.com</URL>							</URLs>						</Contact>						<OperationSchedules>							<OperationSchedule Name="Express Massage">								<OperationTimes>									<OperationTime Mon="1" Tue="1" Weds="1" Thur="1" Fri="1" Sat="1" Sun="1" Start="09:00:00" End="18:00:00" Duration="P30M"/>									<!-- 30 minute express massage available 7 days a week between 9AM and 6PM-->								</OperationTimes>								<Charge Amount="75" CurrencyCode="USD" ChargeUnit="7"/>								<!-- The fee is $75 USD per person (charge unit 7 = per person)-->							</OperationSchedule>						</OperationSchedules>						<DescriptiveText>The Express Massage is offered for our time conscious guests, where the pressure isadjusted according to your needs. You choose the focus—feet, scalp, neck—it's your choice.</DescriptiveText>					</Service>				</Services>			</HotelInfo>		</HotelDescriptiveContent>	</HotelDescriptiveContents></OTA_HotelDescriptiveInfoRS>