<?xml version="1.0" encoding="UTF-8"?><OTA_TourSearchRS xmlns="http://www.opentravel.org/OTA/2003/05" xmlns:xsi="http://www.w3.org/2001/XMLSchema-instance" xsi:schemaLocation="http://www.opentravel.org/OTA/2003/05 OTA_TourSearchRS.xsd" EchoToken="ABC001" TransactionIdentifier="1" TimeStamp="2008-01-28T09:00:00" Version="1.000" Target="Test">	<Success/>	<Tours>		<Tour>			<TourName ShortName="Prince William Sound" ID="2310"/>			<MultimediaDescriptions>				<MultimediaDescription>					<ImageItems>						<ImageItem>							<ImageFormat DimensionCategory="Thumbnail">								<URL>http://adventurecollection.com/images/thumbnail_seeds/alaska-dd_us02_tal0029_lr.jpg</URL>							</ImageFormat>						</ImageItem>					</ImageItems>				</MultimediaDescription>				<MultimediaDescription InfoCode="1">					<!-- InfoCode 1 is Description -->					<TextItems>						<TextItem Category="8">							<!-- Category 8 is Short Description -->							<Description>12-passenger Discovery is operated by the exceptional Dean Rand; our unique itinerary and Dean's cheerfulness (and cooking skills) make our voyages hugely memorable.</Description>						</TextItem>					</TextItems>				</MultimediaDescription>			</MultimediaDescriptions>			<Destination>				<StateProv StateCode="AK"/>				<CountryName Code="US"/>				<Region RegionName="Prince William Sound"/>			</Destination>			<Category Type="Activity">				<CategoryItem Name="Sailing &amp; Small Boats" Code="190"/>			</Category>			<Category Type="Theme">				<CategoryItem Name="Singles" Code="1"/>				<CategoryItem Name="Family" Code="2"/>			</Category>			<Category Type="Exertion">				<CategoryItem Name="Medium" Code="2"/>			</Category>			<Charge CurrencyCode="USD" Amount="3500.00"/>			<Duration Duration="P6D" Description="6 days, 5 nights"/>			<Departures>				<DepartureSchedule InfoType="General" Start="2008-05-01" End="2008-09-30"/>			</Departures>			<SupplierInfo>				<CompanyName>Geographic Expeditions</CompanyName>			</SupplierInfo>			<URLs>				<URL Type="Trip">http://www.geoex.com/destinations/destination.asp?DestinationID=46</URL>			</URLs>		</Tour>	</Tours></OTA_TourSearchRS>