<?xml version="1.0" encoding="UTF-8"?><OTA_AirBookRS xmlns="http://www.opentravel.org/OTA/2003/05" xmlns:xsi="http://www.w3.org/2001/XMLSchema-instance" xsi:schemaLocation="http://www.opentravel.org/OTA/2003/05OTA_AirBookRS.xsd" EchoToken="5553429" TimeStamp="2010-08-17T09:30:47-05:00" Target="Production" Version="8.000" SequenceNmbr="1">	<Success/>	<AirReservation>		<AirItinerary>			<OriginDestinationOptions>				<OriginDestinationOption>					<FlightSegment DepartureDateTime="2010-12-12T09:00:00" ArrivalDateTime="2010-12-12T13:00:00" FlightNumber="150" ResBookDesigCode="Q"  NumberInParty="1" Status="30">						<DepartureAirport LocationCode="IAD"/>						<ArrivalAirport LocationCode="SAN"/>						<Equipment AirEquipType="763"/>						<MarketingAirline Code="AA"/>					</FlightSegment>				</OriginDestinationOption>				<OriginDestinationOption>					<FlightSegment DepartureDateTime="2010-12-14T12:40:00" ArrivalDateTime="2010-12-14T16:40:00" FlightNumber="151" ResBookDesigCode="Q"  NumberInParty="1" Status="30">						<DepartureAirport LocationCode="SAN"/>						<ArrivalAirport LocationCode="IAD"/>						<Equipment AirEquipType="757"/>						<MarketingAirline Code="AA"/>					</FlightSegment>				</OriginDestinationOption>			</OriginDestinationOptions>		</AirItinerary>		<TravelerInfo>			<AirTraveler PassengerTypeCode="ADT">				<PersonName>					<NamePrefix>Mr</NamePrefix>					<GivenName>John</GivenName>					<Surname>Smith</Surname>					<NameTitle>M.D.</NameTitle>				</PersonName>				<Telephone AreaCityCode="703" PhoneNumber="555-5555"/>				<Email EmailType="1">johnsmith@home.com </Email>				<Address>					<AddressLine>12 Main Street</AddressLine>					<CityName>Dallas</CityName>					<PostalCode>75000</PostalCode>					<StateProv StateCode="TX"/>					<CountryName Code="US"/>				</Address>				<CustLoyalty ProgramID="AA" MembershipID="Q56GTF"/>				<Document DocIssueAuthority="US Passport Office" DocIssueLocation="Dallas" DocID="T056736" DocType="2" Gender="Male" BirthDate="1967-08-13" EffectiveDate="1997-08-13" ExpireDate="2007-08-13">					<DocHolderName>John Smith</DocHolderName>				</Document>				<TravelerRefNumber RPH="1"/>			</AirTraveler>		</TravelerInfo>		<BookingReferenceID Type="14" ID="7H39B4">			<CompanyName Code="AA"/>		</BookingReferenceID>				<!-- ELECTRONIC MISCELLANEOUS DOCUMENT INFORMATION -->		<!-- Use Case Scenario: Extra baggage fee -->		<EMD_Info TotalFltSegQty="1">			<TicketDocument TicketDocumentNbr="9999">				<CouponInfo></CouponInfo>			</TicketDocument>		</EMD_Info>			</AirReservation></OTA_AirBookRS>