<?xml version="1.0" encoding="UTF-8"?><OTA_HotelRatePlanRS xmlns="http://www.opentravel.org/OTA/2003/05" xmlns:xsi="http://www.w3.org/2001/XMLSchema-instance" xsi:schemaLocation="http://www.opentravel.org/OTA/2003/05OTA_HotelRatePlanRS.xsd" Version="1.000">	<Success/><RatePlans HotelCode="10107">		<RatePlan RatePlanCode="AARP" BaseRatePlanCode="RAC" AdjustedAmount="50" AdjustUpIndicator="false" FloorAmount="100.00" CeilingAmount="200.00" CurrencyCode="USD">				<Rates>					<Rate Start="2007-04-01" End="2007-12-31" InvCode="KB" />				</Rates>				<SellableProducts>				<SellableProduct InvCode="KB" InvType="ROOM">					<GuestRoom/>				</SellableProduct>			</SellableProducts>		</RatePlan>	</RatePlans>	<TPA_Extensions/></OTA_HotelRatePlanRS>