<?xml version="1.0" encoding="UTF-8"?><OTA_CruiseInfoRQ xmlns="http://www.opentravel.org/OTA/2003/05" xmlns:xsi="http://www.w3.org/2001/XMLSchema-instance" xsi:schemaLocation="http://www.opentravel.org/OTA/2003/05OTA_CruiseInfoRQ.xsd" EchoToken="34267" TimeStamp="2006-06-17T09:30:47-05:00" Target="Production" Version="1.000">	<POS>		<Source AgentSine="USN67" PseudoCityCode="BY03" ISOCountry="US" ISOCurrency="USD" AgentDutyCode="SU" TerminalID="R267A">			<RequestorID Type="5" ID="712367"/>			<!--Type value of 5=Travel Agency -->	</Source>	</POS>	<InformationType Name="Ship Statistics">		<SailingInfo>			<SelectedSailing>				<CruiseLine ShipName="Freedom of the Seas"/>			</SelectedSailing>		</SailingInfo>	</InformationType></OTA_CruiseInfoRQ>