<?xml version="1.0" encoding="UTF-8"?><OTA_HotelRFP_MeetingRQ EchoToken="183530" TimeStamp="2003-02-17T09:30:47-05:00" Target="Production" Version="1.000" SequenceNmbr="1" PrimaryLangID="en-us" AltLangID="en-us" xmlns="http://www.opentravel.org/OTA/2003/05" xmlns:xsi="http://www.w3.org/2001/XMLSchema-instance" xsi:schemaLocation="http://www.opentravel.org/OTA/2003/05OTA_HotelRFP_MeetingRQ.xsd">	<RFP_RequestSegments AttendeeQuantity="80" ResponseDue="2003-04-01" DecisionDue="2003-04-10" ResponseFormat="2" ResponseLanguage="en-us">		<RFP_RequestSegment>			<Profiles>				<ProfileInfo>					<UniqueID URL="http://www.mpoint.com" Type="1" ID="654321">					</UniqueID>					<Profile ProfileType="1">						<Customer Gender="Male" BirthDate="1967-08-13" CurrencyCode="aaa" DecimalPlaces="1">							<PersonName>								<GivenName>John</GivenName>								<Surname>Hewitt</Surname>							</PersonName>							<Telephone CountryAccessCode="1" AreaCityCode="330" PhoneNumber="405-9238" PhoneUseType="5"/>							<Email>jhewitt@plansoft.com</Email>							<Address UseType="2">								<AddressLine>8085 Darrow Rd</AddressLine>								<CityName>Twinsburg</CityName>								<PostalCode>44087</PostalCode>								<StateProv StateCode="OH">Ohio</StateProv>								<CountryName Code="US">United States of America</CountryName>							</Address>						</Customer>						<CompanyInfo>							<CompanyName CompanyShortName="3rd Party Planning Agency"/>							<AddressInfo UseType="2">								<BldgRoom>Suite 400-W</BldgRoom>								<AddressLine>5001 Spring Valley</AddressLine>								<CityName>Dallas</CityName>								<PostalCode>75244</PostalCode>								<StateProv StateCode="TX">Texas</StateProv>								<CountryName Code="US">United States of America</CountryName>							</AddressInfo>							<TelephoneInfo CountryAccessCode="1" AreaCityCode="972" PhoneNumber="383-2709" PhoneUseType="5"/>							<Email>kellie_thompson@hilton.com</Email>						</CompanyInfo>					</Profile>				</ProfileInfo>			</Profiles>			<Dates>				<Date Start="2003-09-04" End="2003-09-08" DateType="Primary">				</Date>				<Date Start="2003-09-18" End="2003-09-22" DateType="Alternate">				</Date>			</Dates>			<Sites>				<Site ChainCode="Marriott" BrandCode="Marriott" HotelCode="16024" HotelName="San Diego Marriott Hotel and Marina" ChainName="Marriott Corporation" BrandName="Marriott">					<ContactInfos>						<ContactInfo ContactType="Primary">							<PersonName>								<NamePrefix>Mr.</NamePrefix>								<GivenName>Rick</GivenName>								<Surname>Outcalt</Surname>								<NameTitle>Director</NameTitle>							</PersonName>							<Telephone CountryAccessCode="1" AreaCityCode="619" PhoneNumber="230-8314" PhoneUseType="5"/>							<Address FormattedInd="false" Type="2" UseType="6">								<AddressLine>333 West Harbor Drive</AddressLine>								<CityName>San Diego</CityName>								<PostalCode>92101</PostalCode>								<StateProv StateCode="CA">California</StateProv>								<CountryName Code="US">United States of America</CountryName>							</Address>							<Email>rick.outcalt@marriott.com</Email>						</ContactInfo>						<ContactInfo ContactType="Copy">							<PersonName>								<NamePrefix>Mr.</NamePrefix>								<GivenName>Eric</GivenName>								<Surname>Marriott</Surname>								<NameTitle>Global Sales Dir</NameTitle>							</PersonName>							<Telephone CountryAccessCode="1" AreaCityCode="301" PhoneNumber="380-3000" PhoneUseType="5"/>							<Address FormattedInd="false" Type="2" UseType="6">								<AddressLine>One Marriott Drive</AddressLine>								<CityName>Washington DC</CityName>								<PostalCode>20058</PostalCode>								<StateProv StateCode="DC">District of Columbia</StateProv>								<CountryName Code="US">United States of America</CountryName>							</Address>							<Email>emarriott@marriott.com</Email>						</ContactInfo>					</ContactInfos>				</Site>				<Site ChainCode="Starwood" BrandCode="Sherton" HotelCode="16138" HotelName="Sheraton San Diego Hotel and Marina" ChainName="Starwood Hotels" BrandName="Sherton">					<ContactInfos>						<ContactInfo ContactType="Primary">							<PersonName>								<NamePrefix>Mr.</NamePrefix>								<GivenName>Gary</GivenName>								<Surname>Spencer</Surname>								<NameTitle>Director</NameTitle>							</PersonName>							<Telephone CountryAccessCode="1" AreaCityCode="619" PhoneNumber="692-2266" PhoneUseType="5"/>							<Address FormattedInd="false" Type="2" UseType="6">								<AddressLine>1380 Harbor Island Drive</AddressLine>								<CityName>San Diego</CityName>								<PostalCode>92101</PostalCode>								<StateProv StateCode="CA">California</StateProv>								<CountryName Code="US">United States of America</CountryName>							</Address>							<Email>gary.spencer@sheraton.com</Email>						</ContactInfo>					</ContactInfos>				</Site>				<Site ChainCode="Hilton" BrandCode="HIC" HotelCode="16023" HotelName="Hilton San Diego Resort" ChainName="Hilton Hotels" BrandName="Hilton Hotels">					<ContactInfos>						<ContactInfo ContactType="Primary">							<PersonName>								<NamePrefix>Ms.</NamePrefix>								<GivenName>Jane</GivenName>								<Surname>Bucks</Surname>								<NameTitle>Director</NameTitle>							</PersonName>							<Telephone CountryAccessCode="1" AreaCityCode="619" PhoneNumber="275-8910" PhoneUseType="5"/>							<Address FormattedInd="false" Type="2" UseType="6">								<AddressLine>1775 East Mission Bay Drive</AddressLine>								<CityName>San Diego</CityName>								<PostalCode>92109</PostalCode>								<StateProv StateCode="CA">California</StateProv>								<CountryName Code="US">United States of America</CountryName>							</Address>							<Email>jane_bucks@hilton.com</Email>						</ContactInfo>						<ContactInfo ContactType="Copy">							<PersonName>								<NamePrefix>Ms.</NamePrefix>								<GivenName>Tiffany</GivenName>								<Surname>Bracken</Surname>								<NameTitle>Sales Officer</NameTitle>							</PersonName>							<Telephone CountryAccessCode="1" AreaCityCode="301" PhoneNumber="380-3000" PhoneUseType="5"/>							<Address FormattedInd="false" Type="2" UseType="6">								<AddressLine>4835 LBJ Freeway, Suite 535</AddressLine>								<CityName>Dallas</CityName>								<PostalCode>75244</PostalCode>								<StateProv StateCode="TX">Texas</StateProv>								<CountryName Code="US">United States of America</CountryName>							</Address>							<Email>tiffany_bracken@hilton.com </Email>						</ContactInfo>					</ContactInfos>				</Site>				<Site ChainCode="Hyatt" BrandCode="Hyatt" HotelCode="15578" HotelName="Hyatt Regency Islandia Hotel and Marina" ChainName="Hyatt Hotels" BrandName="Hyatt Hotels">					<ContactInfos>						<ContactInfo ContactType="Primary">							<PersonName>								<GivenName>Sidney</GivenName>								<Surname>Hunter</Surname>								<NameTitle>Director</NameTitle>							</PersonName>							<Telephone CountryAccessCode="1" AreaCityCode="619" PhoneNumber="221-4841" PhoneUseType="5"/>							<Address FormattedInd="false" Type="2" UseType="6">								<AddressLine>1441 Quivira Road </AddressLine>								<CityName>San Diego</CityName>								<PostalCode>92109</PostalCode>								<StateProv StateCode="CA">California</StateProv>								<CountryName Code="US">United States of America</CountryName>							</Address>							<Email>gary.spencer@sheraton.com</Email>						</ContactInfo>					</ContactInfos>				</Site>				<Site ChainCode="Marriott" BrandCode="Marriott" HotelCode="16025" HotelName="San Diego Marriott La Jolla" ChainName="Marriott Corporation" BrandName="Marriott">					<ContactInfos>						<ContactInfo ContactType="Primary">							<PersonName>								<NamePrefix>Mr.</NamePrefix>								<GivenName>Dave</GivenName>								<Surname>Foster</Surname>								<NameTitle>Director</NameTitle>							</PersonName>							<Telephone CountryAccessCode="1" AreaCityCode="858" PhoneNumber="597-6353" PhoneUseType="5"/>							<Address FormattedInd="false" Type="2" UseType="6">								<AddressLine>4240 La Jolla Village Drive </AddressLine>								<CityName>La Jolla</CityName>								<PostalCode>92037</PostalCode>								<StateProv StateCode="CA">California</StateProv>								<CountryName Code="US">United States of America</CountryName>							</Address>							<Email>david.t.foster@marriott.com</Email>						</ContactInfo>						<ContactInfo ContactType="Copy">							<PersonName>								<NamePrefix>Mr.</NamePrefix>								<GivenName>Eric</GivenName>								<Surname>Marriott</Surname>								<NameTitle>Global Sales Dir</NameTitle>							</PersonName>							<Telephone CountryAccessCode="1" AreaCityCode="301" PhoneNumber="380-3000" PhoneUseType="5"/>							<Address FormattedInd="false" Type="2" UseType="6">								<AddressLine>One Marriott Drive</AddressLine>								<CityName>Washington DC</CityName>								<PostalCode>20058</PostalCode>								<StateProv StateCode="DC">District of Columbia</StateProv>								<CountryName Code="US">United States of America</CountryName>							</Address>							<Email>emarriott@marriott.com</Email>						</ContactInfo>					</ContactInfos>				</Site>				<Site ChainCode="Radisson" BrandCode="Radisson" HotelCode="15578" HotelName="Radisson Hotel San Diego " ChainName="Radisson" BrandName="Radisson">					<ContactInfos>						<ContactInfo ContactType="Primary">							<PersonName>								<GivenName>Peggy</GivenName>								<Surname>Johnson</Surname>								<NameTitle>Sales Director</NameTitle>							</PersonName>							<Telephone CountryAccessCode="1" AreaCityCode="619" PhoneNumber="221-4841" PhoneUseType="5"/>							<Address FormattedInd="false" Type="2" UseType="6">								<AddressLine>1433 Camino Del Rio South </AddressLine>								<CityName>San Diego</CityName>								<PostalCode>92108</PostalCode>								<StateProv StateCode="CA">California</StateProv>								<CountryName Code="US">United States of America</CountryName>							</Address>							<Email>peggy.johnson@ihrco.com</Email>						</ContactInfo>					</ContactInfos>				</Site>				<Site ChainCode="Marriott" BrandCode="Marriott" HotelCode="15693" HotelName="Marriott Coronado Island" ChainName="Marriott Corporation" BrandName="Marriott">					<ContactInfos>						<ContactInfo ContactType="Primary">							<PersonName>								<NamePrefix>Mr.</NamePrefix>								<GivenName>Rick</GivenName>								<Surname>Outcalt</Surname>								<NameTitle>Sales Director</NameTitle>							</PersonName>							<Telephone CountryAccessCode="1" AreaCityCode="619" PhoneNumber="230-8314" PhoneUseType="5"/>							<Address FormattedInd="false" Type="2" UseType="6">								<AddressLine>2000 Second Street</AddressLine>								<CityName>Coronado</CityName>								<PostalCode>92118</PostalCode>								<StateProv StateCode="CA">California</StateProv>								<CountryName Code="US">United States of America</CountryName>							</Address>							<Email>rick.outcalt@marriott.com</Email>						</ContactInfo>						<ContactInfo ContactType="Copy">							<PersonName>								<NamePrefix>Mr.</NamePrefix>								<GivenName>Eric</GivenName>								<Surname>Marriott</Surname>								<NameTitle>Global Sales Dir</NameTitle>							</PersonName>							<Telephone CountryAccessCode="1" AreaCityCode="301" PhoneNumber="380-3000" PhoneUseType="5"/>							<Address FormattedInd="false" Type="2" UseType="6">								<AddressLine>One Marriott Drive</AddressLine>								<CityName>Washington DC</CityName>								<PostalCode>20058</PostalCode>								<StateProv StateCode="DC">District of Columbia</StateProv>								<CountryName Code="US">United States of America</CountryName>							</Address>							<Email>emarriott@marriott.com</Email>						</ContactInfo>					</ContactInfos>				</Site>				<Site ChainCode="I" BrandCode="I" HotelCode="20133" HotelName="La Casa del Zorro Desert Resort" ChainName="Independent" BrandName="Radisson">					<ContactInfos>						<ContactInfo ContactType="Primary">							<PersonName>								<GivenName>Phyllis</GivenName>								<Surname>Fetter</Surname>								<NameTitle>Sales Director</NameTitle>							</PersonName>							<Telephone CountryAccessCode="1" AreaCityCode="888" PhoneNumber="336-9336" PhoneUseType="5"/>							<Address FormattedInd="false" Type="2" UseType="6">								<AddressLine>3845 Yaqui Pass Road</AddressLine>								<CityName>Borrego Springs</CityName>								<PostalCode>92004</PostalCode>								<StateProv StateCode="CA">California</StateProv>								<CountryName Code="US">United States of America</CountryName>							</Address>							<Email>phyllis.fetter@lacasadeszorro.com</Email>						</ContactInfo>					</ContactInfos>				</Site>				<Site ChainCode="2" BrandCode="8" HotelCode="14760" HotelName="Four Seasons Resort Aviara" ChainName="Four Seasons Hotels" BrandName="Four Seasons Hotels">					<ContactInfos>						<ContactInfo ContactType="Primary">							<PersonName>								<GivenName>Nance</GivenName>								<Surname>Trevithick </Surname>								<NameTitle>Sales Director</NameTitle>							</PersonName>							<Telephone CountryAccessCode="1" AreaCityCode="760" PhoneNumber="603-6800" PhoneUseType="5"/>							<Address FormattedInd="false" Type="2" UseType="6">								<AddressLine>7100 Four Seasons Point</AddressLine>								<CityName>Carlsbad</CityName>								<PostalCode>92009</PostalCode>								<StateProv StateCode="CA">California</StateProv>								<CountryName Code="US">United States of America</CountryName>							</Address>							<Email>nance.trevithick@fourseasons.com</Email>						</ContactInfo>					</ContactInfos>				</Site>			</Sites>			<RoomBlock>				<BudgetedRoomRate Amount="200.00" CurrencyCode="USD" DecimalPlaces="2"/>				<StayDays FirstStayDayOfWeek="Mon">					<StayDay DayNumber="1">						<StayDayRooms>							<StayDayRoom RoomTypeRequirement="Singles" NumberOfUnits="3"/>							<StayDayRoom RoomTypeRequirement="Doubles" NumberOfUnits="4"/>							<StayDayRoom RoomTypeRequirement="Doubles/Doubles" NumberOfUnits="20">								<Comment ParagraphNumber="1" Language="en-us">									<Text Formatted="1" Language="en-us">2 Rooms require a crib</Text>								</Comment>							</StayDayRoom>							<StayDayRoom RoomTypeRequirement="Suites" NumberOfUnits="3"/>						</StayDayRooms>					</StayDay>					<StayDay DayNumber="2">						<StayDayRooms>							<StayDayRoom RoomTypeRequirement="Singles" NumberOfUnits="3"/>							<StayDayRoom RoomTypeRequirement="Doubles" NumberOfUnits="4"/>							<StayDayRoom RoomTypeRequirement="Doubles/Doubles" NumberOfUnits="20">								<Comment ParagraphNumber="1" Language="en-us">									<Text Formatted="1" Language="en-us">2 Rooms require a crib</Text>								</Comment>							</StayDayRoom>							<StayDayRoom RoomTypeRequirement="Suites" NumberOfUnits="3"/>						</StayDayRooms>					</StayDay>					<StayDay DayNumber="3">						<StayDayRooms>							<StayDayRoom RoomTypeRequirement="Singles" NumberOfUnits="3"/>							<StayDayRoom RoomTypeRequirement="Doubles" NumberOfUnits="4"/>							<StayDayRoom RoomTypeRequirement="Doubles/Doubles" NumberOfUnits="20">								<Comment ParagraphNumber="1" Language="en-us">									<Text Formatted="1" Language="en-us">2 Rooms require a crib</Text>								</Comment>							</StayDayRoom>							<StayDayRoom RoomTypeRequirement="Suites" NumberOfUnits="3"/>						</StayDayRooms>					</StayDay>					<StayDay DayNumber="4">						<StayDayRooms>							<StayDayRoom RoomTypeRequirement="Singles" NumberOfUnits="3"/>							<StayDayRoom RoomTypeRequirement="Doubles" NumberOfUnits="4"/>							<StayDayRoom RoomTypeRequirement="Doubles/Doubles" NumberOfUnits="20">								<Comment ParagraphNumber="1" Language="en-us">									<Text Formatted="1" Language="en-us">2 Rooms require a crib</Text>								</Comment>							</StayDayRoom>							<StayDayRoom RoomTypeRequirement="Suites" NumberOfUnits="3"/>						</StayDayRooms>					</StayDay>				</StayDays>			</RoomBlock>			<EventBlock>				<EventBudget Amount="31815.00" CurrencyCode="USD"/>				<EventDays FirstEventDayOfWeek="Thu">					<EventDay DayNumber="1">						<EventDayFunctions>							<EventDayFunction EventName="Breakfast" StartTime="08:00:00" EndTime="09:00:00" UnitOfMeasureQuantity="365" UnitOfMeasure="Sq. Ft." AttendeeQuantity="30" RoomSetup="1" TwentyFourHourHold="1">								<Comments ParagraphNumber="1">									<Text Formatted="1" Language="en-us">All American breakfast; 4 Vegetarians</Text>								</Comments>							</EventDayFunction>							<EventDayFunction EventName="General Session" StartTime="09:00:00" EndTime="10:30:00" UnitOfMeasureQuantity="975" UnitOfMeasure="Sq. Ft." AttendeeQuantity="24" RoomSetup="3" TwentyFourHourHold="0">							</EventDayFunction>							<EventDayFunction EventName="Break" StartTime="10:30:00" EndTime="10:45:00" UnitOfMeasureQuantity="285" UnitOfMeasure="Sq. Ft." AttendeeQuantity="30" RoomSetup="7" TwentyFourHourHold="1">								<Comments ParagraphNumber="1">									<Text Formatted="1" Language="en-us">Coffee; Soda; Danish, doughnuts</Text>								</Comments>							</EventDayFunction>							<EventDayFunction EventName="General Session Continued" StartTime="10:45:00" EndTime="12:00:00" UnitOfMeasureQuantity="975" UnitOfMeasure="Sq. Ft." AttendeeQuantity="24" RoomSetup="3" TwentyFourHourHold="0">							</EventDayFunction>							<EventDayFunction EventName="Lunch" StartTime="12:00:00" EndTime="01:00:00" UnitOfMeasureQuantity="365" UnitOfMeasure="Sq. Ft." AttendeeQuantity="30" RoomSetup="1" TwentyFourHourHold="1">								<Comments ParagraphNumber="1">									<Text Formatted="1" Language="en-us">Box Lunch with choices for Turkey, Roast Beef and Chicken sandwiches</Text>								</Comments>							</EventDayFunction>							<EventDayFunction EventName="FY 2003 Sales Review" StartTime="01:00:00" EndTime="03:15:00" UnitOfMeasureQuantity="975" UnitOfMeasure="Sq. Ft." AttendeeQuantity="24" RoomSetup="3" TwentyFourHourHold="0">							</EventDayFunction>							<EventDayFunction EventName="Break" StartTime="03:15:00" EndTime="03:30:00" UnitOfMeasureQuantity="285" UnitOfMeasure="Sq. Ft." AttendeeQuantity="30" RoomSetup="7" TwentyFourHourHold="1">								<Comments ParagraphNumber="1">									<Text Formatted="1" Language="en-us">Coffee; Soda: Cookies; etc.</Text>								</Comments>							</EventDayFunction>							<EventDayFunction EventName="FY 2004 Sales Goals" StartTime="03:30:00" EndTime="05:00:00" UnitOfMeasureQuantity="975" UnitOfMeasure="Sq. Ft." AttendeeQuantity="24" RoomSetup="3" TwentyFourHourHold="0">							</EventDayFunction>							<EventDayFunction EventName="Dinner" StartTime="06:00:00" EndTime="08:00:00" UnitOfMeasureQuantity="365" UnitOfMeasure="Sq. Ft." AttendeeQuantity="30" RoomSetup="1" TwentyFourHourHold="1">								<Comments ParagraphNumber="1">									<Text Formatted="1" Language="en-us">Box Lunch with choices for Turkey, Roast Beef and Chicken sandwiches</Text>								</Comments>							</EventDayFunction>						</EventDayFunctions>					</EventDay>					<EventDay DayNumber="2">						<EventDayFunctions>							<EventDayFunction EventName="Breakfast" StartTime="08:00:00" EndTime="09:00:00" UnitOfMeasureQuantity="365" UnitOfMeasure="Sq. Ft." AttendeeQuantity="30" RoomSetup="1" TwentyFourHourHold="1">								<Comments ParagraphNumber="1">									<Text Formatted="1" Language="en-us">All American breakfast; 4 Vegetarians</Text>								</Comments>							</EventDayFunction>							<EventDayFunction EventName="2004 Planning Session" StartTime="09:00:00" EndTime="10:30:00" UnitOfMeasureQuantity="975" UnitOfMeasure="Sq. Ft." AttendeeQuantity="24" RoomSetup="3" TwentyFourHourHold="0">							</EventDayFunction>							<EventDayFunction EventName="Break" StartTime="10:30:00" EndTime="10:45:00" UnitOfMeasureQuantity="285" UnitOfMeasure="Sq. Ft." AttendeeQuantity="30" RoomSetup="7" TwentyFourHourHold="1">								<Comments ParagraphNumber="1">									<Text Formatted="1" Language="en-us">Coffee; Soda; Danish, doughnuts</Text>								</Comments>							</EventDayFunction>							<EventDayFunction EventName="2004 Planning Session  continued" StartTime="10:45:00" EndTime="12:00:00" UnitOfMeasureQuantity="975" UnitOfMeasure="Sq. Ft." AttendeeQuantity="24" RoomSetup="3" TwentyFourHourHold="0">							</EventDayFunction>							<EventDayFunction EventName="Lunch" StartTime="12:00:00" EndTime="01:00:00" UnitOfMeasureQuantity="365" UnitOfMeasure="Sq. Ft." AttendeeQuantity="30" RoomSetup="1" TwentyFourHourHold="1">								<Comments ParagraphNumber="1">									<Text Formatted="1" Language="en-us">Box Lunch with choices for Turkey, Roast Beef and Chicken sandwiches</Text>								</Comments>							</EventDayFunction>							<EventDayFunction EventName="Establish 2004 Sales Goals" StartTime="01:00:00" EndTime="03:15:00" UnitOfMeasureQuantity="975" UnitOfMeasure="Sq. Ft." AttendeeQuantity="24" RoomSetup="3" TwentyFourHourHold="0">							</EventDayFunction>							<EventDayFunction EventName="Break" StartTime="03:15:00" EndTime="03:30:00" UnitOfMeasureQuantity="285" UnitOfMeasure="Sq. Ft." AttendeeQuantity="30" RoomSetup="7" TwentyFourHourHold="1">								<Comments ParagraphNumber="1">									<Text Formatted="1" Language="en-us">Coffee; Soda: Cookies; etc.</Text>								</Comments>							</EventDayFunction>							<EventDayFunction EventName="2004 Sales Goals continued" StartTime="03:30:00" EndTime="05:00:00" UnitOfMeasureQuantity="975" UnitOfMeasure="Sq. Ft." AttendeeQuantity="24" RoomSetup="3" TwentyFourHourHold="0">							</EventDayFunction>							<EventDayFunction EventName="Dinner" StartTime="06:00:00" EndTime="08:00:00" UnitOfMeasureQuantity="365" UnitOfMeasure="Sq. Ft." AttendeeQuantity="30" RoomSetup="1" TwentyFourHourHold="1">								<Comments ParagraphNumber="1">									<Text Formatted="1" Language="en-us">Box Lunch with choices for Turkey, Roast Beef and Chicken sandwiches</Text>								</Comments>							</EventDayFunction>						</EventDayFunctions>					</EventDay>					<EventDay DayNumber="3">						<EventDayFunctions>							<EventDayFunction EventName="Breakfast" StartTime="08:00:00" EndTime="09:00:00" UnitOfMeasureQuantity="963" UnitOfMeasure="Sq. Ft." AttendeeQuantity="80" RoomSetup="1" TwentyFourHourHold="1">								<Comments ParagraphNumber="1">									<Text Formatted="1" Language="en-us">All American breakfast; 4 Vegetarians</Text>								</Comments>							</EventDayFunction>							<EventDayFunction EventName="Lunch" StartTime="12:00:00" EndTime="01:00:00" UnitOfMeasureQuantity="963" UnitOfMeasure="Sq. Ft." AttendeeQuantity="80" RoomSetup="1" TwentyFourHourHold="1">								<Comments ParagraphNumber="1">									<Text Formatted="1" Language="en-us">Box Lunch with choices for Turkey, Roast Beef and Chicken sandwiches</Text>								</Comments>							</EventDayFunction>							<EventDayFunction EventName="Dinner" StartTime="06:00:00" EndTime="08:00:00" UnitOfMeasureQuantity="963" UnitOfMeasure="Sq. Ft." AttendeeQuantity="80" RoomSetup="1" TwentyFourHourHold="1">								<Comments ParagraphNumber="1">									<Text Formatted="1" Language="en-us">Box Lunch with choices for Turkey, Roast Beef and Chicken sandwiches</Text>								</Comments>							</EventDayFunction>							<EventDayFunction EventName="Awards Ceremony" StartTime="08:00:00" EndTime="10:00:00" UnitOfMeasureQuantity="963" UnitOfMeasure="Sq. Ft." AttendeeQuantity="80" RoomSetup="1" TwentyFourHourHold="1">							</EventDayFunction>						</EventDayFunctions>					</EventDay>					<EventDay DayNumber="4">						<EventDayFunctions>							<EventDayFunction EventName="Breakfast" StartTime="08:00:00" EndTime="09:00:00" UnitOfMeasureQuantity="963" UnitOfMeasure="Sq. Ft." AttendeeQuantity="80" RoomSetup="1" TwentyFourHourHold="1">								<Comments ParagraphNumber="1">									<Text Formatted="1" Language="en-us">All American breakfast; 4 Vegetarians</Text>								</Comments>							</EventDayFunction>							<EventDayFunction EventName="Lunch" StartTime="12:00:00" EndTime="01:00:00" UnitOfMeasureQuantity="963" UnitOfMeasure="Sq. Ft." AttendeeQuantity="80" RoomSetup="1" TwentyFourHourHold="1">								<Comments ParagraphNumber="1">									<Text Formatted="1" Language="en-us">Box Lunch with choices for Turkey, Roast Beef and Chicken sandwiches</Text>								</Comments>							</EventDayFunction>							<EventDayFunction EventName="Dinner" StartTime="06:00:00" EndTime="08:00:00" UnitOfMeasureQuantity="963" UnitOfMeasure="Sq. Ft." AttendeeQuantity="80" RoomSetup="1" TwentyFourHourHold="1">								<Comments ParagraphNumber="1">									<Text Formatted="1" Language="en-us">Box Lunch with choices for Turkey, Roast Beef and Chicken sandwiches</Text>								</Comments>							</EventDayFunction>							<EventDayFunction EventName="Awards Ceremony" StartTime="08:00:00" EndTime="10:00:00" UnitOfMeasureQuantity="963" UnitOfMeasure="Sq. Ft." AttendeeQuantity="80" RoomSetup="1" TwentyFourHourHold="1">							</EventDayFunction>						</EventDayFunctions>					</EventDay>				</EventDays>			</EventBlock>			<Histories>				<History Start="2002-09-10" End="2004-09-14" MeetingName="2nd Annual Sales Incentive" SiteName="Hilton Sacramento Arden West">					<ContactInfos>						<ContactInfo>							<Telephone CountryAccessCode="1" AreaCityCode="916" PhoneNumber="922-4700"/>							<Address FormattedInd="false" Type="2">								<AddressLine>2200 Harvard St.</AddressLine>								<CityName>Sacremento</CityName>								<PostalCode>95815</PostalCode>								<StateProv StateCode="CA">Cailfornia</StateProv>								<CountryName Code="US">United States of America</CountryName>							</Address>						</ContactInfo>					</ContactInfos>					<DaySummaries>						<DaySummary DayNumber="1" AttendeeQuantity="31" RoomBlockQuantity="35" RoomPickupQuantity="31" TotalGuestRoomAmount="5859.00" TotalFoodAndBevAmount="2854.00" TotalMeetingRoomRentalAmount="2000.00" TotalAudioVisualRentalAmount="125.00" CurrencyCode="USD" DecimalPlaces="2"/>						<DaySummary DayNumber="2" AttendeeQuantity="31" RoomBlockQuantity="35" RoomPickupQuantity="31" TotalGuestRoomAmount="5859.00" TotalFoodAndBevAmount="2854.00" TotalMeetingRoomRentalAmount="2000.00" TotalAudioVisualRentalAmount="150.00" CurrencyCode="USD" DecimalPlaces="2"/>						<DaySummary DayNumber="3" AttendeeQuantity="74" RoomBlockQuantity="35" RoomPickupQuantity="31" TotalGuestRoomAmount="5859.00" TotalFoodAndBevAmount="8566.00" TotalMeetingRoomRentalAmount="2000.00" TotalAudioVisualRentalAmount="350.00" CurrencyCode="USD" DecimalPlaces="2"/>						<DaySummary DayNumber="4" AttendeeQuantity="74" RoomBlockQuantity="35" RoomPickupQuantity="31" TotalGuestRoomAmount="5859.00" TotalFoodAndBevAmount="8566.00" TotalMeetingRoomRentalAmount="2000.00" TotalAudioVisualRentalAmount="350.00" CurrencyCode="USD" DecimalPlaces="2"/>					</DaySummaries>				</History>			</Histories><RFP_ID URL="http://www.mpoint.com" Type="13" ID="102231">		</RFP_ID>		</RFP_RequestSegment>			</RFP_RequestSegments>	<MessageID URL="http://www.mpoint.com" Type="13" ID="12346">		<CompanyName CompanyShortName="3RD Annual Sales Incentive Mtg">		</CompanyName>	</MessageID></OTA_HotelRFP_MeetingRQ>