<?xml version="1.0" encoding="UTF-8"?><OTA_TourInformationNotifRQ xmlns="http://www.opentravel.org/OTA/2003/05" xmlns:xsi="http://www.w3.org/2001/XMLSchema-instance" xsi:schemaLocation="http://www.opentravel.org/OTA/2003/05 OTA_TourInformationNotifRQ.xsd" TimeStamp="2008-02-07T18:26:46-07:00" Version="1.000" Target="Test">	<POS>		<Source>			<RequestorID ID="Adventure Central" Type="7">				<!-- Type value 7 = Wholesaler -->				<CompanyName CompanyShortName="Adventure Central"/>			</RequestorID>		</Source>	</POS>	<TourInformationItems>		<TourInformationItem LanguageCode="en-US" LastModifyDateTime="2008-02-07T18:26:46-07:00">			<TourName ShortName="Rafting in Tanzania, United Republic of" ID="http://localhost/adventuredistribution/ExtremeAdventures/Activity327"/>			<MultimediaDescriptions>				<MultimediaDescription>					<TextItems>						<TextItem Title="Short">							<Description TextFormat="HTML" Language="en-US">Rafting in Tanzania, United Republic of&lt;br&gt;Ecotourism</Description>						</TextItem>					</TextItems>				</MultimediaDescription>				<MultimediaDescription InfoCode="1">					<!-- InfoCode 1 is Description -->					<ImageItems>						<ImageItem>							<ImageFormat DimensionCategory="Thumbnail">								<URL>http://localhost/AdventureDistribution/images/uiAccents/notAvailableSmall.jpg</URL>							</ImageFormat>						</ImageItem>						<ImageItem>							<ImageFormat DimensionCategory="Detail">								<URL>http://localhost/AdventureDistribution/images/uiAccents/notAvailableBig.jpg</URL>							</ImageFormat>						</ImageItem>					</ImageItems>				</MultimediaDescription>			</MultimediaDescriptions>			<Destination>				<Position Placemark="Africa"/>			</Destination>			<Destination>				<Position Placemark="Tanzania, United Republic of"/>			</Destination>			<Category Type="Activity">				<CategoryItem Name="Rafting"/>			</Category>			<Category Type="Theme">				<CategoryItem Name="Ecotourism"/>			</Category>			<Category Type="Ability">				<CategoryItem Code="5"/>			</Category>			<Category Type="Comfort">				<CategoryItem Name="Luxury"/>			</Category>			<Charge CurrencyCode="USD" Amount="792.00">				<Description>					<Text>General price, subject to rate fluctuation.</Text>				</Description>			</Charge>			<Duration Description="1 day, 6 hours" Duration="P1DT6H"/>			<Departures>				<DepartureSchedule Start="2008-02-07T21:44:51+00:00" End="2008-02-07T21:44:51+00:00" Availability="55" HasAvailabilityInd="true">					<Charge CurrencyCode="USD" Amount="792.00"/>				</DepartureSchedule>				<DepartureSchedule Start="2008-02-08T21:44:51+00:00" End="2008-02-08T21:44:51+00:00" Availability="54" HasAvailabilityInd="true">					<Charge CurrencyCode="USD" Amount="1185.00"/>				</DepartureSchedule>				<DepartureSchedule Start="2008-02-09T21:44:51+00:00" End="2008-02-09T21:44:51+00:00" Availability="15" HasAvailabilityInd="true">					<Charge CurrencyCode="USD" Amount="2756.00"/>				</DepartureSchedule>				<!-- Similar entries removed to save space -->				<DepartureSchedule Start="2008-02-18T21:44:51+00:00" End="2008-02-18T21:44:51+00:00" Availability="1" HasAvailabilityInd="false">					<Charge CurrencyCode="USD" Amount="3676.00"/>				</DepartureSchedule>				<DepartureSchedule Start="2008-02-19T21:44:51+00:00" End="2008-02-19T21:44:51+00:00" Availability="2" HasAvailabilityInd="false">					<Charge CurrencyCode="USD" Amount="1628.00"/>				</DepartureSchedule>				<!-- Similar entries removed to save space -->				<DepartureSchedule Start="2008-10-08T21:44:51+00:00" End="2008-10-08T21:44:51+00:00" Availability="27" HasAvailabilityInd="true">					<Charge CurrencyCode="USD" Amount="991.00"/>				</DepartureSchedule>				<DepartureSchedule Start="2008-10-09T21:44:51+00:00" End="2008-10-09T21:44:51+00:00" Availability="78" HasAvailabilityInd="true">					<Charge CurrencyCode="USD" Amount="3079.00"/>				</DepartureSchedule>			</Departures>			<PolicyInfo>				<BookingPolicy OffsetDuration="P1D"/>			</PolicyInfo>			<SupplierInfo>				<CompanyName>Extreme Adventures</CompanyName>			</SupplierInfo>			<Language Language="en-US"/>			<URLs>				<URL Type="Website">http://localhost/adventuredistribution/</URL>				<URL Type="Detail">http://localhost/adventuredistribution/AdventureCentral/ExtremeAdventures/Activity327/Details.aspx</URL>				<URL Type="Availability">http://localhost/adventuredistribution/AdventureCentral/ExtremeAdventures/Activity327/Availability.aspx</URL>				<URL Type="Booking">http://localhost/adventuredistribution/AdventureCentral/ExtremeAdventures/Activity327/Booking.aspx</URL>			</URLs>		</TourInformationItem>		<TourInformationItem LanguageCode="en-US" LastModifyDateTime="2008-02-07T18:26:46-07:00">			<TourName ShortName="Culinary in Saint Vincent and the Grenadines" ID="http://localhost/adventuredistribution/ExtremeAdventures/Activity499"/>			<MultimediaDescriptions>				<MultimediaDescription>					<TextItems>						<TextItem Title="Short Description">							<Description TextFormat="HTML" Language="en-US">Culinary in Saint Vincent and the Grenadines&lt;br&gt;Family</Description>						</TextItem>					</TextItems>				</MultimediaDescription>				<MultimediaDescription>					<ImageItems>						<ImageItem>							<ImageFormat DimensionCategory="Thumbnail">								<URL>http://localhost/AdventureDistribution/images/uiAccents/notAvailableSmall.jpg</URL>							</ImageFormat>						</ImageItem>						<ImageItem>							<ImageFormat DimensionCategory="Detail">								<URL>http://localhost/AdventureDistribution/images/uiAccents/notAvailableBig.jpg</URL>							</ImageFormat>						</ImageItem>					</ImageItems>				</MultimediaDescription>			</MultimediaDescriptions>			<Destination>				<Position Placemark="Caribbean"/>			</Destination>			<Destination>				<Position Placemark="Saint Vincent and the Grenadines"/>			</Destination>			<Category Type="Activity">				<CategoryItem Name="Culinary"/>			</Category>			<Category Type="Theme">				<CategoryItem Name="Family"/>			</Category>			<Category Type="Ability">				<CategoryItem Name="Expert"/>			</Category>			<Category Type="Comfort">				<CategoryItem Name="Luxury"/>			</Category>			<Charge CurrencyCode="USD" Amount="3476.00">				<Description>					<Text>General price, subject to rate fluctuation.</Text>				</Description>			</Charge>			<Duration Description="1 day, 6 hours" Duration="P1DT6H"/>			<Departures>				<DepartureSchedule Start="2008-02-07T21:45:34+00:00" End="2008-02-07T21:45:34+00:00" Availability="33" HasAvailabilityInd="true">					<Charge CurrencyCode="USD" Amount="3872.00"/>				</DepartureSchedule>				<DepartureSchedule Start="2008-02-08T21:45:34+00:00" End="2008-02-08T21:45:34+00:00" Availability="80" HasAvailabilityInd="true">					<Charge CurrencyCode="USD" Amount="3699.00"/>				</DepartureSchedule>				<DepartureSchedule Start="2008-02-09T21:45:34+00:00" End="2008-02-09T21:45:34+00:00" Availability="53" HasAvailabilityInd="true">					<Charge CurrencyCode="USD" Amount="4121.00"/>				</DepartureSchedule>				<DepartureSchedule Start="2008-02-10T21:45:34+00:00" End="2008-02-10T21:45:34+00:00" Availability="19" HasAvailabilityInd="true">					<Charge CurrencyCode="USD" Amount="4126.00"/>				</DepartureSchedule>				<DepartureSchedule Start="2008-02-11T21:45:34+00:00" End="2008-02-11T21:45:34+00:00" Availability="19" HasAvailabilityInd="true">					<Charge CurrencyCode="USD" Amount="3476.00"/>				</DepartureSchedule>				<DepartureSchedule Start="2008-02-12T21:45:34+00:00" End="2008-02-12T21:45:34+00:00" Availability="98" HasAvailabilityInd="true">					<Charge CurrencyCode="USD" Amount="3649.00"/>				</DepartureSchedule>				<!-- Similar entries removed to save space -->				<DepartureSchedule Start="2008-10-08T21:45:34+00:00" End="2008-10-08T21:45:34+00:00" Availability="45" HasAvailabilityInd="true">					<Charge CurrencyCode="USD" Amount="3272.00"/>				</DepartureSchedule>				<DepartureSchedule Start="2008-10-09T21:45:34+00:00" End="2008-10-09T21:45:34+00:00" Availability="40" HasAvailabilityInd="true">					<Charge CurrencyCode="USD" Amount="2484.00"/>				</DepartureSchedule>			</Departures>			<PolicyInfo>				<BookingPolicy OffsetDuration="P1D"/>			</PolicyInfo>			<SupplierInfo>				<CompanyName>Extreme Adventures</CompanyName>			</SupplierInfo>			<Language Language="en-US"/>			<URLs>				<URL Type="Website">http://localhost/adventuredistribution/</URL>				<URL Type="Detail">http://localhost/adventuredistribution/AdventureCentral/ExtremeAdventures/Activity499/Details.aspx</URL>				<URL Type="Availability">http://localhost/adventuredistribution/AdventureCentral/ExtremeAdventures/Activity499/Availability.aspx</URL>				<URL Type="Booking">http://localhost/adventuredistribution/AdventureCentral/ExtremeAdventures/Activity499/Booking.aspx</URL>			</URLs>		</TourInformationItem>		<TourInformationItem LanguageCode="en-US" LastModifyDateTime="2008-02-07T18:26:46-07:00">			<TourName ShortName="Hiking in Saint Vincent and the Grenadines" ID="http://localhost/adventuredistribution/ExtremeAdventures/Activity500"/>			<MultimediaDescriptions>				<MultimediaDescription>					<TextItems>						<TextItem Title="Short Description">							<Description TextFormat="HTML" Language="en-US">Hiking in Saint Vincent and the Grenadines&lt;br&gt;Family</Description>						</TextItem>					</TextItems>				</MultimediaDescription>				<MultimediaDescription>					<ImageItems>						<ImageItem>							<ImageFormat DimensionCategory="Thumbnail">								<URL>http://localhost/AdventureDistribution/images/uiAccents/notAvailableSmall.jpg</URL>							</ImageFormat>						</ImageItem>						<ImageItem>							<ImageFormat DimensionCategory="Detail">								<URL>http://localhost/AdventureDistribution/images/uiAccents/notAvailableBig.jpg</URL>							</ImageFormat>						</ImageItem>					</ImageItems>				</MultimediaDescription>			</MultimediaDescriptions>			<Destination>				<Position Placemark="Caribbean"/>			</Destination>			<Destination>				<Position Placemark="Saint Vincent and the Grenadines"/>			</Destination>			<Category Type="Activity">				<CategoryItem Name="Hiking"/>			</Category>			<Category Type="Theme">				<CategoryItem Name="Family"/>			</Category>			<Category Type="Ability">				<CategoryItem Name="Expert"/>			</Category>			<Category Type="Comfort">				<CategoryItem Name="Comfortable"/>			</Category>			<Charge CurrencyCode="USD" Amount="407.00">				<Description>					<Text>General price, subject to rate fluctuation.</Text>				</Description>			</Charge>			<Duration Description="1 day, 20 hours" Duration="P1DT20H"/>			<Departures>				<DepartureSchedule Start="2008-02-07T21:45:34+00:00" End="2008-02-07T21:45:34+00:00" Availability="94" HasAvailabilityInd="true">					<Charge CurrencyCode="USD" Amount="407.00"/>				</DepartureSchedule>				<DepartureSchedule Start="2008-02-08T21:45:34+00:00" End="2008-02-08T21:45:34+00:00" Availability="100" HasAvailabilityInd="true">					<Charge CurrencyCode="USD" Amount="2761.00"/>				</DepartureSchedule>				<DepartureSchedule Start="2008-02-09T21:45:34+00:00" End="2008-02-09T21:45:34+00:00" Availability="63" HasAvailabilityInd="true">					<Charge CurrencyCode="USD" Amount="2441.00"/>				</DepartureSchedule>				<DepartureSchedule Start="2008-02-10T21:45:34+00:00" End="2008-02-10T21:45:34+00:00" Availability="67" HasAvailabilityInd="true">					<Charge CurrencyCode="USD" Amount="61.00"/>				</DepartureSchedule>				<DepartureSchedule Start="2008-02-11T21:45:34+00:00" End="2008-02-11T21:45:34+00:00" Availability="68" HasAvailabilityInd="true">					<Charge CurrencyCode="USD" Amount="3128.00"/>				</DepartureSchedule>				<DepartureSchedule Start="2008-02-12T21:45:34+00:00" End="2008-02-12T21:45:34+00:00" Availability="13" HasAvailabilityInd="true">					<Charge CurrencyCode="USD" Amount="469.00"/>				</DepartureSchedule>				<!-- Similar entries removed to save space -->				<DepartureSchedule Start="2008-10-08T21:45:34+00:00" End="2008-10-08T21:45:34+00:00" Availability="50" HasAvailabilityInd="true">					<Charge CurrencyCode="USD" Amount="266.00"/>				</DepartureSchedule>				<DepartureSchedule Start="2008-10-09T21:45:34+00:00" End="2008-10-09T21:45:34+00:00" Availability="1" HasAvailabilityInd="false">					<Charge CurrencyCode="USD" Amount="942.00"/>				</DepartureSchedule>			</Departures>			<PolicyInfo>				<BookingPolicy OffsetDuration="P1D"/>			</PolicyInfo>			<SupplierInfo>				<CompanyName>Extreme Adventures</CompanyName>			</SupplierInfo>			<Language Language="en-US"/>			<URLs>				<URL Type="Website">http://localhost/adventuredistribution/</URL>				<URL Type="Detail">http://localhost/adventuredistribution/AdventureCentral/ExtremeAdventures/Activity500/Details.aspx</URL>				<URL Type="Availability">http://localhost/adventuredistribution/AdventureCentral/ExtremeAdventures/Activity500/Availability.aspx</URL>				<URL Type="Booking">http://localhost/adventuredistribution/AdventureCentral/ExtremeAdventures/Activity500/Booking.aspx</URL>			</URLs>		</TourInformationItem>		<TourInformationItem LanguageCode="en-US" LastModifyDateTime="2008-02-07T18:26:46-07:00">			<TourName ShortName="Kayaking in Saint Vincent and the Grenadines" ID="http://localhost/adventuredistribution/ExtremeAdventures/Activity501"/>			<MultimediaDescriptions>				<MultimediaDescription>					<TextItems>						<TextItem Title="Short Description">							<Description TextFormat="HTML" Language="en-US">Kayaking in Saint Vincent and the Grenadines&lt;br&gt;Family</Description>						</TextItem>					</TextItems>				</MultimediaDescription>				<MultimediaDescription>					<ImageItems>						<ImageItem>							<ImageFormat DimensionCategory="Thumbnail">								<URL>http://localhost/AdventureDistribution/images/uiAccents/notAvailableSmall.jpg</URL>							</ImageFormat>						</ImageItem>						<ImageItem>							<ImageFormat DimensionCategory="Detail">								<URL>http://localhost/AdventureDistribution/images/uiAccents/notAvailableBig.jpg</URL>							</ImageFormat>						</ImageItem>					</ImageItems>				</MultimediaDescription>			</MultimediaDescriptions>			<Destination>				<Position Placemark="Caribbean"/>			</Destination>			<Destination>				<Position Placemark="Saint Vincent and the Grenadines"/>			</Destination>			<Category Type="Activity">				<CategoryItem Name="Kayaking"/>			</Category>			<Category Type="Theme">				<CategoryItem Name="Family"/>			</Category>			<Category Type="Ability">				<CategoryItem Code="5"/>			</Category>			<Category Type="Comfort">				<CategoryItem Name="Basic"/>			</Category>			<Charge CurrencyCode="USD" Amount="1437.00">				<Description>					<Text>General price, subject to rate fluctuation.</Text>				</Description>			</Charge>			<Duration Description="1 day, 23 hours" Duration="P1DT23H"/>			<Departures>				<DepartureSchedule Start="2008-02-07T21:45:34+00:00" End="2008-02-07T21:45:34+00:00" Availability="34" HasAvailabilityInd="true">					<Charge CurrencyCode="USD" Amount="3655.00"/>				</DepartureSchedule>				<DepartureSchedule Start="2008-02-08T21:45:34+00:00" End="2008-02-08T21:45:34+00:00" Availability="51" HasAvailabilityInd="true">					<Charge CurrencyCode="USD" Amount="1437.00"/>				</DepartureSchedule>				<DepartureSchedule Start="2008-02-09T21:45:34+00:00" End="2008-02-09T21:45:34+00:00" Availability="95" HasAvailabilityInd="true">					<Charge CurrencyCode="USD" Amount="2454.00"/>				</DepartureSchedule>				<DepartureSchedule Start="2008-02-10T21:45:34+00:00" End="2008-02-10T21:45:34+00:00" Availability="25" HasAvailabilityInd="true">					<Charge CurrencyCode="USD" Amount="4592.00"/>				</DepartureSchedule>				<DepartureSchedule Start="2008-02-11T21:45:34+00:00" End="2008-02-11T21:45:34+00:00" Availability="100" HasAvailabilityInd="true">					<Charge CurrencyCode="USD" Amount="2928.00"/>				</DepartureSchedule>				<!-- Similar entries removed to save space -->				<DepartureSchedule Start="2008-10-08T21:45:34+00:00" End="2008-10-08T21:45:34+00:00" Availability="40" HasAvailabilityInd="true">					<Charge CurrencyCode="USD" Amount="2155.00"/>				</DepartureSchedule>				<DepartureSchedule Start="2008-10-09T21:45:34+00:00" End="2008-10-09T21:45:34+00:00" Availability="30" HasAvailabilityInd="true">					<Charge CurrencyCode="USD" Amount="2802.00"/>				</DepartureSchedule>			</Departures>			<PolicyInfo>				<BookingPolicy OffsetDuration="P1DT0H" OffsetCalculationMode="BeforeBlockStartDate"/>			</PolicyInfo>			<SupplierInfo>				<CompanyName>Extreme Adventures</CompanyName>			</SupplierInfo>			<Language Language="en-US"/>			<URLs>				<URL Type="Website">http://localhost/adventuredistribution/</URL>				<URL Type="Detail">http://localhost/adventuredistribution/AdventureCentral/ExtremeAdventures/Activity501/Details.aspx</URL>				<URL Type="Availability">http://localhost/adventuredistribution/AdventureCentral/ExtremeAdventures/Activity501/Availability.aspx</URL>				<URL Type="Booking">http://localhost/adventuredistribution/AdventureCentral/ExtremeAdventures/Activity501/Booking.aspx</URL>			</URLs>		</TourInformationItem>	</TourInformationItems></OTA_TourInformationNotifRQ>