<?xml version="1.0" encoding="UTF-8"?><OTA_AirSeatMapRQ xmlns="http://www.opentravel.org/OTA/2003/05" xmlns:xsi="http://www.w3.org/2001/XMLSchema-instance" xsi:schemaLocation="http://www.opentravel.org/OTA/2003/05OTA_AirSeatMapRQ.xsd" Version="1.001">	<POS>		<Source>			<RequestorID Type="5" ID="0001">				<CompanyName>Indian Travels,Calcutta</CompanyName>			</RequestorID>		</Source>	</POS>	<SeatMapRequests>		<SeatMapRequest>			<FlightSegmentInfo DepartureDateTime="2003-09-26T18:30:00" FlightNumber="273">				<DepartureAirport  LocationCode="CCU"/>				<ArrivalAirport LocationCode="BOM"/>				<MarketingAirline CompanyShortName="Air India" Code="AI"/>			</FlightSegmentInfo>		</SeatMapRequest>		<SeatMapRequest>			<FlightSegmentInfo DepartureDateTime="2003-09-27T08:30:00" FlightNumber="101">				<DepartureAirport LocationCode="BOM" />				<ArrivalAirport LocationCode="LHR" />				<MarketingAirline CompanyShortName="Air India" Code="AI"/>			</FlightSegmentInfo>		</SeatMapRequest>	</SeatMapRequests>	<AirTravelers>		<AirTraveler PassengerTypeCode="ADT">			<PersonName>				<NamePrefix>Mr</NamePrefix>				<GivenName>Sam</GivenName>				<Surname>Jones</Surname>			</PersonName>			<CustLoyalty MembershipID="C12345" ProgramID="AI"/>		</AirTraveler>	</AirTravelers>	<BookingReferenceID Type="20" ID="345678">		<CompanyName>IC</CompanyName>	</BookingReferenceID>	<BookingReferenceID Type="20" ID="H1234">		<CompanyName>AI</CompanyName>	</BookingReferenceID>	<BookingReferenceID Type="20" ID="123456">		<CompanyName>1W</CompanyName>	</BookingReferenceID></OTA_AirSeatMapRQ>