<?xml version="1.0" encoding="UTF-8"?><OTA_CruiseSpecialServiceAvailRS xmlns="http://www.opentravel.org/OTA/2003/05" xmlns:xsi="http://www.w3.org/2001/XMLSchema-instance" xsi:schemaLocation="http://www.opentravel.org/OTA/2003/05 OTA_CruiseSpecialServiceAvailRS.xsd" Version="1.0" Target="Production" TransactionIdentifier="6940" TimeStamp="2006-11-10T09:30:50">	<Success/>	<SailingInfo>		<SelectedSailing VoyageID="743536" Start="2007-02-17" Duration="P7D">		<!-- Status value of 36 indicates this voyage is available -->			<CruiseLine VendorCode="NCL" VendorName="Norwegian Cruise Line" ShipCode="HA" ShipName="Pride of Hawaii"/>		</SelectedSailing>		<Currency CurrencyCode="USD" DecimalPlaces="2"/>	</SailingInfo>	<SpecialServices>		<SpecialService Type="MEDIC. CONDITION" Code="MD25" Description="MENTALLY CHALLENGED" Status="36" AssociationType="Passenger">		<!-- Status value of 36 indicates this special service is available -->			<PriceInfo Amount="0"/>		</SpecialService>		<SpecialService Type="MEDIC. CONDITION" Code="PETC" Description="SERVICE DOG" Status="36" AssociationType="Passenger">		<!-- Status value of 36 indicates this special service is available -->			<PriceInfo Amount="0"/>		</SpecialService>		<SpecialService Type="SPECIAL" Code="MD13" Description="HEARING IMPAIRED" Status="36" AssociationType="Passenger">		<!-- Status value of 36 indicates this special service is available -->			<PriceInfo Amount="0"/>		</SpecialService>		<SpecialService Type="SPECIAL" Code="MD41" Description="SIGHT IMPAIRED" Status="36" AssociationType="Passenger">		<!-- Status value of 36 indicates this special service is available -->			<PriceInfo Amount="0"/>		</SpecialService>		<SpecialService Type="SPECIAL" Code="MD45" Description="WHEELCHAIR GUEST" Status="36" AssociationType="Passenger">		<!-- Status value of 36 indicates this special service is available -->			<PriceInfo Amount="0"/>		</SpecialService>		<SpecialService Type="OCCASIONS" Code="S001" Description="ANNIVERSARY" Status="36" AssociationType="Passenger">		<!-- Status value of 36 indicates this special service is available -->			<PriceInfo Amount="0"/>		</SpecialService>		<SpecialService Type="OCCASIONS" Code="S002" Description="BIRTHDAY CAKES" Status="36" AssociationType="Passenger">		<!-- Status value of 36 indicates this special service is available -->			<PriceInfo Amount="0"/>		</SpecialService>		<SpecialService Type="DIETARY" Code="KSML" Description="KOSHER MEALS" Status="36" AssociationType="Passenger">		<!-- Status value of 36 indicates this special service is available -->			<PriceInfo Amount="0"/>		</SpecialService>		<SpecialService Type="DIETARY" Code="LFML" Description="LOW CHOLESTEROL" Status="36" AssociationType="Passenger">		<!-- Status value of 36 indicates this special service is available -->			<PriceInfo Amount="0"/>		</SpecialService>		<SpecialService Type="DIETARY" Code="LSML" Description="SALT FREE DIET" Status="36" AssociationType="Passenger">		<!-- Status value of 36 indicates this special service is available -->			<PriceInfo Amount="0"/>		</SpecialService>		<SpecialService Type="DIETARY" Code="SD02" Description="SUGAR FREE DIET" Status="36" AssociationType="Passenger">		<!-- Status value of 36 indicates this special service is available -->			<PriceInfo Amount="0"/>		</SpecialService>		<SpecialService Type="DIETARY" Code="VGML" Description="VEGETARIAN MEAL" Status="36" AssociationType="Passenger">		<!-- Status value of 36 indicates this special service is available -->			<PriceInfo Amount="0"/>		</SpecialService>	</SpecialServices></OTA_CruiseSpecialServiceAvailRS>