<?xml version="1.0" encoding="UTF-8"?><OTA_HotelRFP_MeetingRS EchoToken="183530" TimeStamp="2003-02-17T09:30:49-05:00" Target="Production" Version="1.000" SequenceNmbr="1" PrimaryLangID="en-us" AltLangID="en-us" xmlns="http://www.opentravel.org/OTA/2003/05" xmlns:xsi="http://www.w3.org/2001/XMLSchema-instance" xsi:schemaLocation="http://www.opentravel.org/OTA/2003/05OTA_HotelRFP_MeetingRS.xsd">	<Success/>	<RFP_Response>		<RFP_ResponseSegments>			<RFP_ResponseSegment>				<Sites>					<Site ChainCode="Hilton" BrandCode="HIC" HotelCode="16023" HotelName="Hilton San Diego Resort" ChainName="Hilton Hotels" BrandName="Hilton Hotels">						<SiteID URL="http://www.mpoint.com" Type="0" ID="102230"/>					</Site>				</Sites>			</RFP_ResponseSegment>		</RFP_ResponseSegments>		<MessageID URL="http://www.mpoint.com" Type="0" ID="12346">			<CompanyName>3RD Annual Sales Incentive Meeting</CompanyName>		</MessageID>	</RFP_Response></OTA_HotelRFP_MeetingRS>