<?xml version="1.0" encoding="UTF-8"?><OTA_ProfileReadRS xmlns="http://www.opentravel.org/OTA/2003/05" xmlns:xsi="http://www.w3.org/2001/XMLSchema-instance" xsi:schemaLocation="http://www.opentravel.org/OTA/2003/05 OTA_ProfileReadRS.xsd" EchoToken="12354" TimeStamp="2003-03-17T09:31:47" Target="Production" Version="2.004" SequenceNmbr="1"><Success/><Profiles><ProfileInfo><Profile StatusCode="A"><!--StatusCode A=Active --><Customer BirthDate="1980-01-01"><PersonName><GivenName>John</GivenName><Surname>Ben</Surname></PersonName><Address><CityName>Atlanta</CityName><CountryName Code="US"/></Address></Customer></Profile></ProfileInfo><ProfileInfo><Profile StatusCode="A"><Customer BirthDate="1980-01-01"><PersonName><GivenName>Sarah</GivenName><Surname>Stone</Surname></PersonName><Telephone PhoneTechType="5" PhoneUseType="3" PhoneLocationType="6" AreaCityCode="312" PhoneNumber="8145777652"/><!-- PhoneTechType 5=Mobile, PhoneUseType 3=Daytime Contact, PhoneLocationType 6=Home --><Address><CityName>Atlanta</CityName><CountryName Code="US"/></Address></Customer></Profile></ProfileInfo><ProfileInfo><Profile StatusCode="A"><!--StatusCode A=Active --><Customer BirthDate="1980-01-01"><PersonName><GivenName>Fei</GivenName><Surname>Wong</Surname></PersonName><Email>feiwong@cbd.com</Email><Address><CityName>Atlanta</CityName><CountryName Code="US"/></Address></Customer></Profile></ProfileInfo></Profiles></OTA_ProfileReadRS>