<?xml version="1.0" encoding="UTF-8"?><OTA_HotelAvailGetRS xmlns:xsi="http://www.w3.org/2001/XMLSchema-instance" xmlns="http://www.opentravel.org/OTA/2003/05" xsi:schemaLocation="http://www.opentravel.org/OTA/2003/05 OTA_HotelAvailGetRS.xsd" TimeStamp="2004-05-01T06:39:09" Target="Production" Version="1.000">	<Success/>	<AvailStatusMessages ChainCode="YY" BrandCode="XX" HotelCode="ABC123">		<AvailStatusMessage BookingLimit="5" BookingLimitMessageType="SetLimit">			<StatusApplicationControl Start="2009-08-15" End="2009-10-01" RatePlanCode="CORP"/>			<UniqueID Type="16" ID="1"/>			<!--Type (UIT) 16=Reference -->		</AvailStatusMessage>		<AvailStatusMessage BookingLimit="11" BookingLimitMessageType="SetLimit">			<StatusApplicationControl Start="2009-08-15" End="2009-09-10" RatePlanCode="CORP2" Mon="true" Tue="true" Weds="true" Thur="true" Fri="true" Sat="false" Sun="false"/>			<LengthsOfStay>				<LengthOfStay MinMaxMessageType="SetMinLOS" Time="2" TimeUnit="Day"/>			</LengthsOfStay>			<UniqueID Type="16" ID="2"/>			<!--Type (UIT) 16=Reference -->			<RestrictionStatus Status="Open"/>		</AvailStatusMessage>		<AvailStatusMessage BookingLimit="5" BookingLimitMessageType="SetLimit">			<StatusApplicationControl Start="2009-09-11" End="2009-10-01" RatePlanCode="CORP2"/>			<UniqueID Type="16" ID="3"/>			<!--Type (UIT) 16=Reference -->		</AvailStatusMessage>	</AvailStatusMessages></OTA_HotelAvailGetRS>