<?xml version="1.0" encoding="utf-8"?>
<OTA_DynamicPkgAvailRS xsi:schemaLocation="http://www.opentravel.org/OTA/2003/05 OTA_DynamicPkgAvailRS.xsd" xmlns="http://www.opentravel.org/OTA/2003/05" xmlns:xsi="http://www.w3.org/2001/XMLSchema-instance" Target="Test" TimeStamp="2009-07-20T12:23:49" Version="2" TransactionIdentifier="58A207A9C830DD11">
	<POS>
		<Source>
			<RequestorID ID="BTA142" MessagePassword="jg97fg6#67f" Type="5">
				<!--Type (UIT) 5= Travel Agency -->
				<CompanyName>Bob's Travel Agency</CompanyName>
			</RequestorID>
		</Source>
	</POS>
	<Success/>
	<SearchResults>
		<AirResults ResponseType="PriceFlights" SequenceNumber="1" QuoteID="88cbd786be5ebe1a">
			<PricedItineraries>
				<PricedItinerary SequenceNumber="1">
					<AirItinerary>
						<OriginDestinationOptions>
							<OriginDestinationOption>
								<FlightSegment ArrivalDateTime="2009-09-29T16:17:00" DepartureDateTime="2009-09-29T09:00:00" FlightNumber="567" ResBookDesigCode="G" StopQuantity="0">
									<DepartureAirport LocationCode="PHX"/>
									<ArrivalAirport LocationCode="MCO"/>
									<OperatingAirline Code="US" CompanyShortName="US">US Airways</OperatingAirline>
									<Equipment AirEquipType="321"/>
									<MarketingAirline Code="US"/>
									<BookingClassAvails CabinType="Economy">
										<BookingClassAvail ResBookDesigCode="G"/>
									</BookingClassAvails>
								</FlightSegment>
							</OriginDestinationOption>
							<OriginDestinationOption>
								<FlightSegment ArrivalDateTime="2009-10-03T09:00:00" DepartureDateTime="2009-10-03T07:25:00" FlightNumber="1519" ResBookDesigCode="G" StopQuantity="0">
									<DepartureAirport LocationCode="MCO"/>
									<ArrivalAirport LocationCode="PHX"/>
									<OperatingAirline Code="US" CompanyShortName="US">US Airways</OperatingAirline>
									<Equipment AirEquipType="752"/>
									<MarketingAirline Code="US"/>
									<BookingClassAvails CabinType="Economy">
										<BookingClassAvail ResBookDesigCode="G"/>
									</BookingClassAvails>
								</FlightSegment>
							</OriginDestinationOption>
						</OriginDestinationOptions>
					</AirItinerary>
					<AirItineraryPricingInfo QuoteID="515FED7189CDD1BD7B83640EBB708160C8B0F9097764EF04433E1136A18E09A9">
						<ItinTotalFare NegotiatedFare="true">
							<BaseFare Amount="496.74" CurrencyCode="USD"/>
							<Taxes>
								<Tax Amount="37.26" CurrencyCode="USD" TaxCode="US">USTRANSP</Tax>
								<Tax Amount="15.00" CurrencyCode="USD" TaxCode="AY">USSECURITY</Tax>
								<Tax Amount="27.00" CurrencyCode="USD" TaxCode="XF">USPFC</Tax>
								<Tax Amount="21.60" CurrencyCode="USD" TaxCode="ZP">USZP</Tax>
							</Taxes>
							<TotalFare Amount="597.60" CurrencyCode="USD"/>
						</ItinTotalFare>
						<PTC_FareBreakdowns>
							<PTC_FareBreakdown>
								<PassengerTypeQuantity Code="ADT" Quantity="3"/>
								<FareBasisCodes>
									<FareBasisCode>GGAUSJ6Y</FareBasisCode>
								</FareBasisCodes>
								<PassengerFare>
									<BaseFare Amount="165.58" CurrencyCode="USD"/>
									<Taxes>
										<Tax Amount="12.42" CurrencyCode="USD" TaxCode="US">USTRANSP</Tax>
										<Tax Amount="5.00" CurrencyCode="USD" TaxCode="AY">USSECURITY</Tax>
										<Tax Amount="7.20" CurrencyCode="USD" TaxCode="ZP">USZP</Tax>
										<Tax Amount="9.00" CurrencyCode="USD" TaxCode="XF">USPFC</Tax>
									</Taxes>
									<TotalFare Amount="199.20" CurrencyCode="USD"/>
								</PassengerFare>
							</PTC_FareBreakdown>
						</PTC_FareBreakdowns>
					</AirItineraryPricingInfo>
					<TicketingInfo TicketType="eTicket">
						<TicketAdvisory>NONREF/PEN FOR CHG</TicketAdvisory>
						<TicketAdvisory>VALID US ONLY</TicketAdvisory>
					</TicketingInfo>
				</PricedItinerary>
			</PricedItineraries>
		</AirResults>
	</SearchResults>
	<DynamicPackage>
		<ResGuests>
			<ResGuest ResGuestRPH="1" AgeQualifyingCode="10" LocationCode="PHX"/>
			<!--AgeQualifyingCode (AQC) 10= Adult -->
			<ResGuest ResGuestRPH="2" AgeQualifyingCode="8" Age="15" LocationCode="PHX"/>
			<!--AgeQualifyingCode (AQC) 8= Child -->
			<ResGuest ResGuestRPH="3" AgeQualifyingCode="8" Age="10" LocationCode="PHX"/>
			<!--AgeQualifyingCode (AQC) 8= Child -->
		</ResGuests>
	</DynamicPackage>
</OTA_DynamicPkgAvailRS>
