<?xml version="1.0" encoding="UTF-8"?><OTA_HotelRoomListRS EchoToken="9876" Target="Production" Version="1.002" xmlns="http://www.opentravel.org/OTA/2003/05" xmlns:xsi="http://www.w3.org/2001/XMLSchema-instance" xsi:schemaLocation="http://www.opentravel.org/OTA/2003/05OTA_HotelRoomListRS.xsd">	<Success/>	<HotelRoomLists>		<HotelRoomList ChainCode="HH" HotelCode="123456" HotelCityCode="NYC" HotelName="New                    York Hilton" ChainName="Hilton">			<UniqueID URL="http://www.bpa.com" Type="14" ID="123456789" ID_Context="Room List ID">				<CompanyName Code="33345999" CodeContext="Internal"                               CompanyShortName="BPA">Builder's Planning Agency</CompanyName>			</UniqueID>			<Guests>				<Guest GuestAction="Add-Update" PrintConfoInd="true">					<PersonName>						<NamePrefix>Ms.</NamePrefix>						<GivenName>Kellie</GivenName>						<MiddleName>Jean</MiddleName>						<Surname>Darling</Surname>					</PersonName>					<Telephone CountryAccessCode="001" AreaCityCode="312" PhoneNumber="889-0000"                                       Extension="564" PhoneUseType="3"/>					<Address Type="2">						<StreetNmbr>123</StreetNmbr>						<BldgRoom>45</BldgRoom>						<AddressLine>Yellow Wood Cove</AddressLine>						<CityName>Chicago</CityName>						<PostalCode>89776-0014</PostalCode>						<StateProv StateCode="IL"/>						<CountryName Code="US"/>					</Address>					<Email EmailType="2">KellieJean@att.com</Email>					<UniqueID Type="14" ID="4896702"/>				</Guest>				<Guest GuestAction="Add-Update" PrintConfoInd="true">					<PersonName>						<NamePrefix>Ms.</NamePrefix>						<GivenName>Julie</GivenName>						<MiddleName>Donna</MiddleName>						<Surname>Miller</Surname>					</PersonName>					<Telephone CountryAccessCode="001" AreaCityCode="216" PhoneNumber="628-0060"                                          Extension="896" PhoneUseType="3"/>					<Address Type="4">						<StreetNmbr>1223</StreetNmbr>						<BldgRoom>451</BldgRoom>						<AddressLine>Redwood Cove</AddressLine>						<CityName>Cleveland</CityName>						<PostalCode>44121</PostalCode>						<StateProv StateCode="OH"/>						<CountryName Code="US"/>					</Address>					<Email EmailType="2">JulieMiller@att.com</Email>					<UniqueID Type="14" ID="4896703"/>				</Guest>			</Guests>		</HotelRoomList>	</HotelRoomLists></OTA_HotelRoomListRS>