<?xml version="1.0" encoding="UTF-8"?><OTA_HotelPostEventRQ TransactionStatusCode="Start" TimeStamp="2007-12-17T09:30:47" Version="1.0" Target="Production" SequenceNmbr="1" PrimaryLangID="en-us" AltLangID="en-us" xsi:schemaLocation="http://www.opentravel.org/OTA/2003/05 OTA_HotelPostEventRQ.xsd" xmlns="http://www.opentravel.org/OTA/2003/05" xmlns:xsi="http://www.w3.org/2001/XMLSchema-instance">	<Requestor Type="10" ID="12345" RequestorType="External" Instance="1.0" URL="http://www.marriott.com">		<CompanyName CompanyShortName="Marriott" Department="Sales amp; Catering">Marriott Crystal City</CompanyName>	</Requestor>	<!-- Unique ID Type (UIT) 10= Hotel -->	<Events>		<Event MostRecentEventIndicator="true" EventHostName="CIC">			<Date Duration="P3D" End="2007-07-06" Start="2007-07-04"/>			<EventIdentifier MeetingName="2007 CMP Summit Meeting" ID="CIC12345"/>		</Event>	</Events></OTA_HotelPostEventRQ>