<?xml version="1.0" encoding="UTF-8"?><OTA_AirBookRS xmlns="http://www.opentravel.org/OTA/2003/05" xmlns:xsi="http://www.w3.org/2001/XMLSchema-instance" xsi:schemaLocation="http://www.opentravel.org/OTA/2003/05OTA_AirBookRS.xsd" TimeStamp="2005-01-31T09:30:47-05:00" Target="Production" Version="1.000" SequenceNmbr="1" PrimaryLangID="en-us"><Success/><Warnings>	<Warning Type="1" Code="115"/></Warnings><AirReservation LastModified="2004-09-30T08:35:00">		<AirItinerary DirectionInd="OneWay">			<OriginDestinationOptions>				<OriginDestinationOption>					<FlightSegment DepartureDateTime="2005-09-30T08:35:00" ArrivalDateTime="2005-09-30T11:25:00" RPH="1" FlightNumber="317" ResBookDesigCode="L" Status="30" NumberInParty="3">						<DepartureAirport LocationCode="LHR"/>						<ArrivalAirport LocationCode="ZRH"/>						<MarketingAirline Code="LX"/>						<MarriageGrp>1</MarriageGrp>					</FlightSegment>					<FlightSegment DepartureDateTime="2005-09-30T12:30:00" ArrivalDateTime="2005-09-30T15:10:00" RPH="2" FlightNumber="16" ResBookDesigCode="L" Status="30" NumberInParty="3">						<DepartureAirport LocationCode="ZRH"/>						<ArrivalAirport LocationCode="JFK"/>						<MarketingAirline Code="LX"/>						<MarriageGrp>1</MarriageGrp>					</FlightSegment>				</OriginDestinationOption>				<OriginDestinationOption>					<FlightSegment DepartureDateTime="2005-10-10T17:20:00" ArrivalDateTime="2005-11-10T07:05:00" RPH="3" FlightNumber="3001" ResBookDesigCode="L" Status="30" NumberInParty="3">						<DepartureAirport LocationCode="JFK"/>						<ArrivalAirport LocationCode="ZRH"/>						<OperatingAirline Code="AA" FlightNumber="0064"/>						<MarketingAirline Code="LX"/>					</FlightSegment>				</OriginDestinationOption>			</OriginDestinationOptions>		</AirItinerary>		<TravelerInfo>			<AirTraveler PassengerTypeCode="ADT">				<PersonName>					<GivenName>Bertram</GivenName>					<Surname>King</Surname>					<NameTitle>Mr</NameTitle>				</PersonName>				<TravelerRefNumber RPH="1"/>			</AirTraveler>			<AirTraveler PassengerTypeCode="ADT">				<PersonName>					<GivenName>Jonathan</GivenName>					<Surname>Ironheart</Surname>					<NameTitle>Mr</NameTitle>				</PersonName>				<TravelerRefNumber RPH="2"/>			</AirTraveler>			<AirTraveler PassengerTypeCode="ADT">				<PersonName>					<GivenName>Anthony</GivenName>					<Surname>Mueller</Surname>					<NameTitle>Mr</NameTitle>				</PersonName>				<TravelerRefNumber RPH="3"/>			</AirTraveler>			<SpecialReqDetails>				<SpecialServiceRequests>					<SpecialServiceRequest SSRCode="WCHR" TravelerRefNumberRPHList="1 2 3" FlightRefNumberRPHList="1 2 3" Status="30"/>				</SpecialServiceRequests>			</SpecialReqDetails>		</TravelerInfo>	</AirReservation></OTA_AirBookRS>