<?xml version="1.0" encoding="UTF-8"?><OTA_HotelRFP_MeetingRQ EchoToken="183529" TimeStamp="2003-12-17T09:30:47-05:00" Target="Production" Version="1.000" SequenceNmbr="1" PrimaryLangID="en-us" AltLangID="en-us" xmlns="http://www.opentravel.org/OTA/2003/05" xmlns:xsi="http://www.w3.org/2001/XMLSchema-instance" xsi:schemaLocation="http://www.opentravel.org/OTA/2003/05OTA_HotelRFP_MeetingRQ.xsd">	<RFP_RequestSegments AttendeeQuantity="25" ResponseDue="2003-04-10" DecisionDue="2003-04-10" ResponseFormat="2" ResponseLanguage="en-us">		<RFP_RequestSegment>			<Profiles>				<ProfileInfo>					<UniqueID URL="http://www.hiltondirect.com" Type="1" ID="123456"/>									<Profile ProfileType="1">						<Customer Gender="Female">							<PersonName>								<GivenName>Julie</GivenName>								<Surname>Clark</Surname>							</PersonName>							<Telephone CountryAccessCode="1" AreaCityCode="281" PhoneNumber="771-6846" PhoneUseType="3"/>							<Email>Julie_Clark@att.net</Email>							<Address UseType="2">								<AddressLine>785 Walnut Lane</AddressLine>								<CityName>Houston</CityName>								<PostalCode>77571</PostalCode>								<StateProv StateCode="TX">Texas</StateProv>								<CountryName Code="US">United States of America</CountryName>							</Address>						</Customer>					</Profile>				</ProfileInfo>			</Profiles>			<Dates>				<Date Start="2003-10-10" End="2003-10-12" DateType="Primary"/>							</Dates>			<Sites>				<Site ChainCode="Hilton" BrandCode="DT" HotelCode="16023" HotelName="Doubletree Hotel Dallas-Lincoln Centre near the Galleria" ChainName="Doubletree Hotels" BrandName="Hilton Hotels">					<ContactInfos>						<ContactInfo ContactType="Primary">							<Telephone CountryAccessCode="1" AreaCityCode="972" PhoneNumber="934-8400" PhoneUseType="5"/>							<Address FormattedInd="false" Type="2" UseType="6">								<AddressLine>5410 LBJ Freeway</AddressLine>								<CityName>Dallas</CityName>								<PostalCode>75240</PostalCode>								<StateProv StateCode="TX">Texas</StateProv>								<CountryName Code="US">United States of America</CountryName>							</Address>						</ContactInfo>					</ContactInfos>				</Site>				<Site ChainCode="Hilton" BrandCode="HIC" HotelCode="16024" HotelName="Hilton DFW Lakes Executive Conference Center" ChainName="Hilton Hotels" BrandName="Hilton Hotels">					<ContactInfos>						<ContactInfo ContactType="Primary">							<Telephone CountryAccessCode="1" AreaCityCode="972" PhoneNumber="934-8400" PhoneUseType="5"/>							<Address FormattedInd="false" Type="2" UseType="6">								<AddressLine>800 Highway 26 East</AddressLine>								<CityName>Grapevine</CityName>								<PostalCode>76051</PostalCode>								<StateProv StateCode="TX">Texas</StateProv>								<CountryName Code="US">United States of America</CountryName>							</Address>						</ContactInfo>					</ContactInfos>				</Site>				<Site ChainCode="Hilton" BrandCode="ES" HotelCode="16025" HotelName="Embassy Suites Hotel Dallas - Market Center" ChainName="Embassy Suites" BrandName="Hilton Hotels">					<ContactInfos>						<ContactInfo ContactType="Primary">							<Telephone CountryAccessCode="1" AreaCityCode="214" PhoneNumber="630-5332 " PhoneUseType="5"/>							<Address FormattedInd="false" Type="2" UseType="6">								<AddressLine>2727 Stemmons Freeway </AddressLine>								<CityName>Dallas</CityName>								<PostalCode>75207 </PostalCode>								<StateProv StateCode="TX">Texas</StateProv>								<CountryName Code="US">United States of America</CountryName>							</Address>						</ContactInfo>					</ContactInfos>				</Site>			</Sites>			<RoomBlock>				<BudgetedRoomRate Amount="110.00" CurrencyCode="USD" DecimalPlaces="2"/>				<StayDays FirstStayDayOfWeek="Fri">					<StayDay DayNumber="1">						<StayDayRooms>							<StayDayRoom RoomTypeRequirement="Singles" NumberOfUnits="5"/>							<StayDayRoom RoomTypeRequirement="Doubles/Doubles" NumberOfUnits="10">							</StayDayRoom>						</StayDayRooms>					</StayDay>					<StayDay DayNumber="2">						<StayDayRooms>							<StayDayRoom RoomTypeRequirement="Singles" NumberOfUnits="5"/>							<StayDayRoom RoomTypeRequirement="Doubles/Doubles" NumberOfUnits="10">							</StayDayRoom>						</StayDayRooms>					</StayDay>				</StayDays>			</RoomBlock>			<Comments ParagraphNumber="1" Language="en-us">				<Text Formatted="1" Language="en-us">Hilton HHonors member 528126539 All rooms on the same floor level.  All charges to one bill.  </Text>			</Comments>			<RFP_ID URL="http://www.mpoint.com" Type="13" ID="102230"/>		</RFP_RequestSegment>	</RFP_RequestSegments>	<MessageID URL="http://www.mpoint.com" Type="13" ID="12345">		<CompanyName CompanyShortName="Houston Astros Soccer Club">		</CompanyName>	</MessageID></OTA_HotelRFP_MeetingRQ>