<?xml version="1.0" encoding="UTF-8"?><OTA_CruiseCabinUnholdRQ xmlns="http://www.opentravel.org/OTA/2003/05" xmlns:xsi="http://www.w3.org/2001/XMLSchema-instance" Version="1.0" Target="Production" TransactionIdentifier="5556" TimeStamp="2006-05-17T09:54:19" xsi:schemaLocation="http://www.opentravel.org/OTA/2003/05 OTA_CruiseCabinUnholdRQ.xsd">	<POS>		<Source PseudoCityCode="LAS1S210D">			<RequestorID Type="13" ID="Elleipsis01">			<!--The Type value of 13 indicates this is an Internet Broker ID-->				<CompanyName CompanyShortName="WORLDSPAN" Code="WSPICR"/>			</RequestorID>		</Source>	</POS>	<SelectedSailing Start="2006-10-01" Duration="P7D" VendorCode="RCC" ShipCode="NV">		<SelectedCabin CabinNumber="8341"/>	</SelectedSailing></OTA_CruiseCabinUnholdRQ>