<?xml version="1.0" encoding="UTF-8"?><OTA_AirAvailRS xmlns="http://www.opentravel.org/OTA/2003/05" xmlns:xsi="http://www.w3.org/2001/XMLSchema-instance" xsi:schemaLocation="http://www.opentravel.org/OTA/2003/05 OTA_AirAvailRS.xsd" EchoToken="12354" TimeStamp="2003-07-17T09:30:47-05:00" Target="Production" Version="1.002" SequenceNmbr="1">	<Success/><OriginDestinationInformation><DepartureDateTime>2003-08-13T10:30:00</DepartureDateTime><OriginLocation>LHR</OriginLocation><DestinationLocation>LAX</DestinationLocation>	<OriginDestinationOptions>		<OriginDestinationOption>			<FlightSegment DepartureDateTime="2003-08-13T10:30:00" ArrivalDateTime="2003-08-13T11:14:00" StopQuantity="0" FlightNumber="212" JourneyDuration="P0Y0M0DT12H30M" SmokingAllowed="false" OnTimeRate="90" Ticket="Paper">				<DepartureAirport LocationCode="LHR"/>				<ArrivalAirport LocationCode="LAX"/>				<Equipment AirEquipType="744" ChangeofGauge="false"/>				<MarketingAirline CompanyShortName="BA"/>				<MarketingCabin CabinType="First" RPH="1">					<Meal MealCode="L"/>				</MarketingCabin>				<MarketingCabin CabinType="Business" RPH="2">					<Meal MealCode="L"/>				</MarketingCabin>				<MarketingCabin CabinType="Economy" RPH="3">					<Meal MealCode="L"/>				</MarketingCabin>				<BookingClassAvail ResBookDesigCode="F" ResBookDesigQuantity="5" RPH="1"/>				<BookingClassAvail ResBookDesigCode="C" ResBookDesigQuantity="8" RPH="2"/>				<BookingClassAvail ResBookDesigCode="J" ResBookDesigQuantity="3" RPH="2"/>				<BookingClassAvail ResBookDesigCode="Q" ResBookDesigQuantity="9" RPH="3"/>				<BookingClassAvail ResBookDesigCode="V" ResBookDesigQuantity="5" RPH="3"/>				<BookingClassAvail ResBookDesigCode="N" ResBookDesigQuantity="3" RPH="3"/>				<BookingClassAvail ResBookDesigCode="Y" ResBookDesigQuantity="3" RPH="3"/>			</FlightSegment>		</OriginDestinationOption>		<OriginDestinationOption>			<FlightSegment DepartureDateTime="2003-08-13T10:20:00" ArrivalDateTime="2003-08-13T11:13:00" StopQuantity="0" FlightNumber="112" JourneyDuration="P0Y0M0DT12H33M" SmokingAllowed="false" OnTimeRate="90" Ticket="Paper">				<DepartureAirport LocationCode="LHR"/>				<ArrivalAirport LocationCode="LAX"/>				<Equipment AirEquipType="777" ChangeofGauge="false"/>				<MarketingAirline CompanyShortName="UA"/>				<MarketingCabin CabinType="First" RPH="1">					<Meal MealCode="L"/>				</MarketingCabin>				<MarketingCabin CabinType="Business" RPH="2">					<Meal MealCode="L"/>				</MarketingCabin>				<MarketingCabin CabinType="Economy" RPH="3">					<Meal MealCode="L"/>				</MarketingCabin>				<BookingClassAvail ResBookDesigCode="F" ResBookDesigQuantity="7" RPH="1"/>				<BookingClassAvail ResBookDesigCode="C" ResBookDesigQuantity="7" RPH="2"/>				<BookingClassAvail ResBookDesigCode="J" ResBookDesigQuantity="3" RPH="2"/>				<BookingClassAvail ResBookDesigCode="Q" ResBookDesigQuantity="9" RPH="3"/>				<BookingClassAvail ResBookDesigCode="V" ResBookDesigQuantity="6" RPH="3"/>				<BookingClassAvail ResBookDesigCode="N" ResBookDesigQuantity="4" RPH="3"/>				<BookingClassAvail ResBookDesigCode="Y" ResBookDesigQuantity="4" RPH="3"/>			</FlightSegment>		</OriginDestinationOption>		<OriginDestinationOption>			<FlightSegment DepartureDateTime="2003-08-13T09:30:00" ArrivalDateTime="2003-08-13T11:35:00" StopQuantity="0" FlightNumber="22" JourneyDuration="P0Y0M0DT6H30M" SmokingAllowed="false" OnTimeRate="90" Ticket="Paper">				<DepartureAirport LocationCode="LHR"/>				<ArrivalAirport LocationCode="JFK"/>				<Equipment AirEquipType="767" ChangeofGauge="false"/>				<MarketingAirline CompanyShortName="BA"/>				<MarketingCabin CabinType="First" RPH="1">					<Meal MealCode="L"/>				</MarketingCabin>				<MarketingCabin CabinType="Business" RPH="2">					<Meal MealCode="L"/>				</MarketingCabin>				<MarketingCabin CabinType="Economy" RPH="3">					<Meal MealCode="L"/>				</MarketingCabin>				<BookingClassAvail ResBookDesigCode="F" ResBookDesigQuantity="4" RPH="1"/>				<BookingClassAvail ResBookDesigCode="C" ResBookDesigQuantity="8" RPH="2"/>				<BookingClassAvail ResBookDesigCode="J" ResBookDesigQuantity="3" RPH="2"/>				<BookingClassAvail ResBookDesigCode="Q" ResBookDesigQuantity="9" RPH="3"/>				<BookingClassAvail ResBookDesigCode="V" ResBookDesigQuantity="7" RPH="3"/>				<BookingClassAvail ResBookDesigCode="N" ResBookDesigQuantity="7" RPH="3"/>				<BookingClassAvail ResBookDesigCode="Y" ResBookDesigQuantity="6" RPH="3"/>			</FlightSegment>			<FlightSegment DepartureDateTime="2003-08-13T14:00:00" ArrivalDateTime="2003-08-13T16:35:00" StopQuantity="0" FlightNumber="4632" JourneyDuration="P0Y0M0DT4H30M" SmokingAllowed="false" OnTimeRate="90" Ticket="Paper">				<DepartureAirport LocationCode="JFK"/>				<ArrivalAirport LocationCode="LAX"/>				<OperatingAirline Code="US"/>				<Equipment AirEquipType="744" ChangeofGauge="false"/>				<MarketingAirline CompanyShortName="BA"/>				<MarketingCabin CabinType="Business" RPH="1">					<Meal MealCode="L"/>				</MarketingCabin>				<MarketingCabin CabinType="Economy" RPH="2">					<Meal MealCode="S"/>				</MarketingCabin>				<BookingClassAvail ResBookDesigCode="C" ResBookDesigQuantity="4" RPH="2"/>				<BookingClassAvail ResBookDesigCode="J" ResBookDesigQuantity="6" RPH="2"/>				<BookingClassAvail ResBookDesigCode="Q" ResBookDesigQuantity="1" RPH="3"/>				<BookingClassAvail ResBookDesigCode="V" ResBookDesigQuantity="8" RPH="3"/>				<BookingClassAvail ResBookDesigCode="N" ResBookDesigQuantity="6" RPH="3"/>				<BookingClassAvail ResBookDesigCode="Y" ResBookDesigQuantity="6" RPH="3"/>			</FlightSegment>		</OriginDestinationOption>	</OriginDestinationOptions></OriginDestinationInformation></OTA_AirAvailRS>