<?xml version="1.0" encoding="UTF-8"?><OTA_HotelPostEventRQ TimeStamp="2008-12-17T09:30:47" Version="1.0" Target="Production" SequenceNmbr="1" PrimaryLangID="en-us" AltLangID="en-us" xsi:schemaLocation="http://www.opentravel.org/OTA/2003/05 OTA_HotelPostEventRQ.xsd" xmlns="http://www.opentravel.org/OTA/2003/05" xmlns:xsi="http://www.w3.org/2001/XMLSchema-instance">	<Requestor Type="22" SecondaryRoutingIndicator="true" ID_Context="Meeting Planner" ID="a" RequestorType="External" Instance="1" URL="http://www.tucsoncvb.org">		<!-- Unique ID Type (UIT) 22=  ERSP Electronic Reservation Service Provider -->		<CompanyName CompanyShortName="Tucson CVB" Department="Meeting Planning">Tucson Convention amp; Visitors Bureau</CompanyName>	</Requestor>	<Events>		<Event MostRecentEventIndicator="true" EventHostName="MPI">			<Date Duration="P3D" End="2008-07-20" Start="2008-07-23">			</Date>			<EventIdentifier MeetingName="2008 World Education Conference" ID="MPI2008WEC"/>			<EventSites>				<EventSite HotelCityCode="ATL"/>			</EventSites>		</Event>	</Events></OTA_HotelPostEventRQ>