<?xml version="1.0" encoding="UTF-8"?><OTA_GolfCourseResRQ xmlns="http://www.opentravel.org/OTA/2003/05" xmlns:xsi="http://www.w3.org/2001/XMLSchema-instance" xsi:schemaLocation="http://www.opentravel.org/OTA/2003/05 OTA_GolfCourseResRQ.xsd" EchoToken="12345" TimeStamp="2003-05-30T13:20:00Z" Target="Production" Version="1.002" SequenceNmbr="123456" ID="FL1234" Notification="true">	<GolfCoursesRes>		<GolfCourseRes Status="New" StatusMessage="New Reservation Request" ResponderResConfID="11223344" RequestorResID="22113344">			<Rounds>				<Round RoundID="23456" PlayDateTime="2003-06-10T11:06:00" NumberOfGolfers="2" StartingTee="1" NumberOfCarts="1" Amount="140.00" CurrencyCode="USD">					<Charges>						<Charge TaxInclusive="true" Code="7" Amount="70.00" CurrencyCode="USD">							<Description Name="Standard Rate - Tourist">								<Text Formatted="false" Language="EN"/>							</Description>						</Charge>					</Charges>					<Golfers>						<Golfer Gender="Male" BirthDate="1923-06-03">							<Memberships>								<Membership ProgramID="NGCOA" MembershipID="4123546"/>							</Memberships>							<PaymentForm>								<PaymentCard CardType="1" CardCode="AX" CardNumber="3145234356876223" SeriesCode="1122334" EffectiveDate="0800" ExpireDate="0804">									<CardHolderName>Mr. Bobby Jones</CardHolderName>									<CardIssuerName BankID="1122334455"/>								</PaymentCard>							</PaymentForm>							<PersonName>								<NamePrefix>Mr.</NamePrefix>								<GivenName>Bobby</GivenName>								<Surname>Jones</Surname>							</PersonName>							<Address Type="1">								<StreetNmbr>123 Augusta Lane</StreetNmbr>								<CityName>Atlanta</CityName>								<PostalCode>23456</PostalCode>								<StateProv StateCode="GA">Georgia</StateProv>								<CountryName Code="US">United States</CountryName>							</Address>							<Telephone PhoneTechType="1" CountryAccessCode="1" AreaCityCode="703" PhoneNumber="444-5555"/>						</Golfer>					</Golfers>					<RateQualifiers>						<RateQualifier RateQualifier=" NGCOA">					</RateQualifier>					</RateQualifiers>				</Round>			</Rounds>			<ResID Type="14" ID="123">	</ResID>		</GolfCourseRes>	</GolfCoursesRes></OTA_GolfCourseResRQ>