<?xml version="1.0" encoding="UTF-8"?><OTA_ReadRQ xmlns="http://www.opentravel.org/OTA/2003/05" xmlns:xsi="http://www.w3.org/2001/XMLSchema-instance" xsi:schemaLocation="http://www.opentravel.org/OTA/2003/05OTA_ReadRQ.xsd" EchoToken="34289" TimeStamp="2003-11-12T06:30:47" Target="Production" Version="1.002" SequenceNmbr="1" PrimaryLangID="en-us" ReservationType="1" ReturnListIndicator="1">	<ReadRequests>		<AirReadRequest IncludeFF_EquivPartnerLev="1" FF_RequestCriteria="ReturnLevelAndAbove">			<POS>				<Source PseudoCityCode="ATL" AgentDutyCode="SU">					<RequestorID Type="6" ID="712639"/>				</Source>			</POS>			<FlightNumber>212</FlightNumber>			<DepartureAirport LocationCode="LAX"/>			<DepartureDate>2003-11-12</DepartureDate>			<CustLoyalty LoyalLevel="Gold"/>		</AirReadRequest>	</ReadRequests></OTA_ReadRQ>