<?xml version="1.0" encoding="UTF-8"?><OTA_AirFareDisplayRS xmlns="http://www.opentravel.org/OTA/2003/05" xmlns:xsi="http://www.w3.org/2001/XMLSchema-instance" xsi:schemaLocation="http://www.opentravel.org/OTA/2003/05 OTA_AirFareDisplayRS.xsd" TimeStamp="2005-05-17T09:30:50" Target="Production" Version="1.000" SequenceNmbr="1" TransactionStatusCode="Start" PrimaryLangID="en-us">	<Success/>	<FareDisplayInfos>		<FareDisplayInfo FareRPH="1" NotAvailableForFareQuotation="false" FareApplicationType="OneWay" ResBookDesigCode="C" MileageIndicator="true" LastFareUpdate="2005-02-02T04:20:00" FareIndication="public" FareStatus="published">			<TravelDates DepartureDate="2005-03-05"></TravelDates>			<FareReference>COW</FareReference>			<RuleInfo/>			<FilingAirline CompanyShortName="Swiss" Code="LX"/>			<MarketingAirline Code="YY"/>			<DepartureLocation LocationCode="ZRH">Zurich</DepartureLocation>			<ArrivalLocation LocationCode="LON">London</ArrivalLocation>			<Restrictions>				<Restriction>					<GlobalDirection GlobalIndicatorCode="EH" MaximumPermittedMileage="579"/>				</Restriction>			</Restrictions>			<PricingInfo NegotiatedFare="false" TicketDesignatorCode="C" PassengerTypeCode="ADT">				<BaseFare Amount="110800" CurrencyCode="CHF" DecimalPlaces="2"/>			</PricingInfo>		</FareDisplayInfo>		<FareDisplayInfo FareRPH="2" NotAvailableForFareQuotation="false" FareApplicationType="Return" ResBookDesigCode="C" MileageIndicator="true" LastFareUpdate="2005-02-02T04:20:00" FareIndication="public" FareStatus="published">			<TravelDates DepartureDate="2005-03-05"></TravelDates>			<FareReference>CRT</FareReference>			<RuleInfo/>			<FilingAirline CompanyShortName="Swiss" Code="LX"/>			<MarketingAirline Code="YY"/>			<DepartureLocation LocationCode="ZRH">Zurich</DepartureLocation>			<ArrivalLocation LocationCode="LON">London</ArrivalLocation>			<Restrictions>				<Restriction>					<GlobalDirection GlobalIndicatorCode="EH" MaximumPermittedMileage="579"/>				</Restriction>			</Restrictions>			<PricingInfo NegotiatedFare="false" TicketDesignatorCode="C" PassengerTypeCode="ADT">				<BaseFare Amount="188500" CurrencyCode="CHF" DecimalPlaces="2"/>			</PricingInfo>		</FareDisplayInfo>		<FareDisplayInfo FareRPH="3" NotAvailableForFareQuotation="false" FareApplicationType="Return" ResBookDesigCode="C" MileageIndicator="true" LastFareUpdate="2005-02-02T04:20:00" FareIndication="private" FareStatus="published">			<TravelDates DepartureDate="2005-03-05"/>			<FareReference>CSWISS</FareReference>			<RuleInfo>				<LengthOfStayRules StayRestrictionsInd="1">					<MinimumStay/>					<MaximumStay MaxStay="12" StayUnit="Months"/>				</LengthOfStayRules>			</RuleInfo>			<FilingAirline CompanyShortName="Swiss" Code="LX"/>			<MarketingAirline CompanyShortName="Swiss" Code="LX"/>					<DepartureLocation LocationCode="ZRH">Zurich</DepartureLocation>			<ArrivalLocation LocationCode="LON">London</ArrivalLocation>			<Restrictions>				<Restriction>					<GlobalDirection GlobalIndicatorCode="EH"/>				</Restriction>			</Restrictions>			<PricingInfo NegotiatedFare="false" TicketDesignatorCode="C" PassengerTypeCode="ADT">				<BaseFare Amount="141900" CurrencyCode="CHF" DecimalPlaces="2"></BaseFare>			</PricingInfo>		</FareDisplayInfo>	</FareDisplayInfos></OTA_AirFareDisplayRS>