<?xml version="1.0" encoding="UTF-8"?><OTA_InsuranceQuoteRS xmlns="http://www.opentravel.org/OTA/2003/05" xmlns:xsi="http://www.w3.org/2001/XMLSchema-instance" xsi:schemaLocation="http://www.opentravel.org/OTA/2003/05OTA_InsuranceQuoteRS.xsd" EchoToken="18723222" TimeStamp="2003-10-31T16:13:11" Target="Production" Version="1.002" SequenceNmbr="1569" PrimaryLangID="en">	<Success/>	<PlanForQuoteRS PlanID="ACME" Name="ACME Insurance Protection Plan" Type="Protection">		<QuoteDetail>			<ProviderCompany CompanyShortName="M.I.S.C. Insurance Agency"/>			<PlanRestrictions>				<PlanRestriction Code="111" Name="This plan is only available to US citizens"/>			</PlanRestrictions>		</QuoteDetail>		<InsCoverageDetail Type="SingleTrip">			<CoverageRequirements>				<CoverageRequirement CoverageType="12">					<PolicyLimit Amount="100000.00" CurrencyCode="USD"/>				</CoverageRequirement>			</CoverageRequirements>			<TotalTripCost Amount="480.00" CurrencyCode="USD"/>		</InsCoverageDetail>		<PlanCost Amount="55.25" CurrencyCode="USD">			<BasePremium Amount="50.00" CurrencyCode="USD"/>			<Charges>				<Charge TaxInclusive="false" Type="Exclusive">					<Taxes>						<Tax Type="Exclusive" Code="21" Amount="1.25" CurrencyCode="USD">							<TaxDescription Name="There is a 2.5% insurance tax on this policy">								<Text Formatted="false" Language="en"/>							</TaxDescription>						</Tax>					</Taxes>				</Charge>				<Charge TaxInclusive="false" Type="Inclusive" Amount="4.00" CurrencyCode="USD">					<Description Name=" US Processing fee">						<Text Formatted="false" Language="en"/>					</Description>				</Charge>			</Charges>		</PlanCost>		<Contact ContactType="CallCenter">			<Telephone PhoneTechType="1" CountryAccessCode="1" AreaCityCode="800" PhoneNumber="555-5556"/>			<CompanyName CompanyShortName="M.I.S.C. Insurance Agency"/>		</Contact>	</PlanForQuoteRS></OTA_InsuranceQuoteRS>