<?xml version="1.0" encoding="UTF-8"?><!-- OPENTRAVEL SAMPLE INSTANCE --><!-- USE CASE SCENARIO: Rail Schedule Request for Direct Trains within a 2 Hour Departure Time. --><!-- USE CASE DETAILS: An end user uses a wholesaler website to find a direct (no connection) train for a business trip between Beijing and Shanghai. This response message indicates that the transaction was processed successfully by the rail supplier, but one or more business warnings have been returned that indicate that no direct (no connection) trains are available for the requested search criteria (and the train schedules in the response each require at least one connection.) The results have been pre-sorted low-to-high by number of connections. Station details are provided for the departure and arrival stations, including address, phone number, hours of operation and staffing & self-service technology information. Additional information in the response includes the rail marketing company, amenities available on the train and available train service classes. --><OTA_RailScheduleRS TimeStamp="2011-02-03T10:25:37" EchoToken="7656" Target="Production" Version="1.000" PrimaryLangID="CHI" xmlns="http://www.opentravel.org/OTA/2003/05" xmlns:xsi="http://www.w3.org/2001/XMLSchema-instance" xsi:schemaLocation="http://www.opentravel.org/OTA/2003/05OTA_RailScheduleRS.xsd">	<!-- The presence of this element indicates the request message was processed successfully by the receiving system. -->	<Success/>		<!-- The presence of this element indicates the request message was processed successfully by the trading partner-but one or more business warnings have been returned. -->	<Warnings>		<!-- Warning Type 11 is "Advisory" - See OpenTravel Code List Error Warning Type (EWT). -->		<Warning Type="11">No direct trains available. Alternate schedules for trains with connections returned - sorted by connection quantity L2H.</Warning>	</Warnings>		<!-- The Origin and Destination location, and time information for the rail schedule request. (Three unique options shown in this example - all are non-direct with a minimum of 1 connection). -->	<OriginDestinationOptions>		<OriginLocation LocationCode="PEK">BEIJING</OriginLocation>		<DestinationLocation LocationCode="SHA">SHANGHAI</DestinationLocation>				<!-- OPTION 1: Beijing Railway Station to Shanghai Railway Station (Departs 9:00 AM) -->		<OriginDestinationOption>			<TrainSegment DepartureDateTime="2011-02-06T09:00:00" ArrivalDateTime="2011-02-06T19:47:00" StopQuantity="1" OnTimeRate="99.0">				<!-- DEPARTURE station information -->				<DepartureStation>					<!-- This train station is staffed, it also has self service technology including an automated ticket printer -->					<Details LocationCode="BEIC" IsStaffedInd="true" SST_MachineInd="true" TicketPrinterInd="true">Beijing Railway Station</Details>					<OperationSchedules>						<OperationSchedule>						<OperationTimes>						<!-- This station is open 24 hours a day, 7 days a week -->							<OperationTime Start="00:00:00" End="24:00:00" Mon="true" Tue="true" Weds="true" Thur="true" Fri="true" Sat="true" Sun="true"></OperationTime>						</OperationTimes>						</OperationSchedule>					</OperationSchedules>					<Address>						<AddressLine>Dongbianmen, Dongcheng District, Beijing 12345</AddressLine>					</Address>					<Telephone PhoneNumber="0086-10-51019999‎"/>				</DepartureStation>								<!-- ARRIVAL station information -->				<ArrivalStation>					<Details LocationCode="SHAN" IsStaffedInd="true" SST_MachineInd="true" TicketPrinterInd="true">Shanghai Railway Station</Details>					<OperationSchedules>						<OperationSchedule>						<OperationTimes>							<!-- This station is open 24 hours a day, 7 days a week -->							<OperationTime Start="00:00:00" End="24:00:00" Mon="true" Tue="true" Weds="true" Thur="true" Fri="true" Sat="true" Sun="true"></OperationTime>						</OperationTimes>						</OperationSchedule>					</OperationSchedules>					<Address>						<AddressLine>No. 303 Mo Ling Road, Shanghai, China, 100077</AddressLine>					</Address>					<Telephone PhoneNumber="0086-10-99919999‎"/>				</ArrivalStation>								<MarketingCompany>Chinese Ministry of Railways (CHRT)</MarketingCompany>								<TrainInfo>					<Train>						<TrainNumber>D999</TrainNumber>						<NetworkCode Code="12345"></NetworkCode>					</Train>				</TrainInfo>								<!-- Seat types, berth types, accommodation class and compartment information with associated quantities. -->				<Accommodation Quantity="66">					<Class>Business</Class>				</Accommodation>				<Accommodation Quantity="66">					<Class>Coach</Class>				</Accommodation>				<Accommodation Quantity="66">					<Class>HardClass</Class>				</Accommodation>				<!-- Comments about train amenities -->				<Comment Language="EN">Wi Fi</Comment>				<Comment Language="EN">Light Meals/Snacks</Comment>							</TrainSegment>				<!-- Comments about amenities available on these trains -->			<Comment>Wi Fi</Comment>			<Comment>Light Meals/Snacks</Comment>					</OriginDestinationOption>				<!-- OPTION 2: Beijing Railway Station to Shanghai Railway Station (Departs 9:00 PM and is an overnight train) -->		<OriginDestinationOption>			<TrainSegment DepartureDateTime="2011-02-06T21:00:00" ArrivalDateTime="2011-02-07T04:47:00" StopQuantity="3" OnTimeRate="87.0">							<!-- DEPARTURE station information -->				<DepartureStation>					<!-- This train station is staffed, it also has self service technology including an automated ticket printer -->					<Details LocationCode="BEIC" IsStaffedInd="true" SST_MachineInd="true" TicketPrinterInd="true">Beijing Railway Station</Details>					<OperationSchedules>						<OperationSchedule>						<OperationTimes>						<!-- This station is open 24 hours a day, 7 days a week -->							<OperationTime Start="00:00:00" End="24:00:00" Mon="true" Tue="true" Weds="true" Thur="true" Fri="true" Sat="true" Sun="true"></OperationTime>						</OperationTimes>						</OperationSchedule>					</OperationSchedules>					<Address>						<AddressLine>Dongbianmen, Dongcheng District, Beijing 12345</AddressLine>					</Address>					<Telephone PhoneNumber="0086-10-51019999‎"/>				</DepartureStation>								<!-- ARRIVAL station information -->				<ArrivalStation>					<Details LocationCode="SHAN" IsStaffedInd="true" SST_MachineInd="true" TicketPrinterInd="true">Shanghai Railway Station</Details>					<OperationSchedules>						<OperationSchedule>						<OperationTimes>							<!-- This station is open 24 hours a day, 7 days a week -->							<OperationTime Start="00:00:00" End="24:00:00" Mon="true" Tue="true" Weds="true" Thur="true" Fri="true" Sat="true" Sun="true"></OperationTime>						</OperationTimes>						</OperationSchedule>					</OperationSchedules>					<Address>						<AddressLine>No. 303 Mo Ling Road, Shanghai, China, 100077</AddressLine>					</Address>					<Telephone PhoneNumber="0086-10-99919999‎"/>				</ArrivalStation>								<MarketingCompany>Chinese Ministry of Railways (CHRT)</MarketingCompany>				<TrainInfo>					<Train>						<TrainNumber>D777</TrainNumber>						<NetworkCode Code="12345"></NetworkCode>					</Train>				</TrainInfo>								<!-- Seat types, berth types, accommodation class and compartment information with associated quantities. -->				<Accommodation Quantity="66">					<Class>Business</Class>				</Accommodation>				<Accommodation Quantity="66">					<Class>Coach</Class>				</Accommodation>				<Accommodation Quantity="66">					<Class>HardClass</Class>				</Accommodation>				<!-- Comments about train amenities -->				<Comment Language="EN">Wi Fi</Comment>				<Comment Language="EN">Light Meals/Snacks</Comment>							</TrainSegment>			</OriginDestinationOption>		<!-- OPTION 3: Beijing South Railway Station to Shanghai South Station (Departs 6:22 AM) -->		<OriginDestinationOption>			<TrainSegment DepartureDateTime="2011-02-06T06:22:00" ArrivalDateTime="2011-02-06T17:36:00" StopQuantity="7" OnTimeRate="94.0">							<!-- DEPARTURE station information -->				<DepartureStation>					<Details LocationCode="BEIS" IsStaffedInd="true" SST_MachineInd="true" TicketPrinterInd="true">Beijing South Railway Station</Details>					<!-- This train station is staffed, it also has self service technology including an automated ticket printer -->					<OperationSchedules>						<OperationSchedule>						<OperationTimes>						<!-- This station is open MON-FRI from 4AM to 11PM and SAT-SUN from 6AM to 10PM -->							<OperationTime Start="04:00:00" Duration="PT18H" Frequency="Monday through Friday" Mon="true" Tue="true" Weds="true" Thur="true" Fri="true"></OperationTime>							<OperationTime Start="06:00:00" Duration="PT14H" Frequency="Saturday and Sunday" Sat="true" Sun="true"></OperationTime>						</OperationTimes>						</OperationSchedule>					</OperationSchedules>					<Address>						<AddressLine>Fengtai, Beijing, China, 100053</AddressLine>					</Address>					<Telephone PhoneNumber="0086-10-99918888‎"/>				</DepartureStation>								<!-- ARRIVAL station information -->				<ArrivalStation>					<!-- This train station is staffed,but is has no self service technology or automated ticket printing facilities -->					<Details LocationCode="SHAS" IsStaffedInd="true" SST_MachineInd="false" TicketPrinterInd="false">Shanghai South Railway Station</Details>					<OperationSchedules>						<OperationSchedule>						<OperationTimes>							<!-- This station is open 7 days a week from 5AM to midnight -->							<OperationTime Start="05:00:00" End="24:00:00" Mon="true" Tue="true" Weds="true" Thur="true" Fri="true" Sat="true" Sun="true"></OperationTime>						</OperationTimes>						</OperationSchedule>					</OperationSchedules>					<Address>						<AddressLine>Xuhui District, Shanghai, China, 100073</AddressLine>					</Address>					<Telephone PhoneNumber="0086-10-99911111‎"/>				</ArrivalStation>								<MarketingCompany>Chinese Ministry of Railways (CHRT)</MarketingCompany>								<TrainInfo>					<Train>						<TrainNumber>C113</TrainNumber>						<NetworkCode Code="12399"></NetworkCode>					</Train>				</TrainInfo>					<!-- Seat types, berth types, accommodation class and compartment information with associated quantities. -->				<Accommodation Quantity="66">					<Class>Business</Class>				</Accommodation>				<Accommodation Quantity="66">					<Class>Coach</Class>				</Accommodation>				<Accommodation Quantity="66">					<Class>HardClass</Class>				</Accommodation>				<!-- Comments about train amenities -->				<Comment Language="EN">Wi Fi</Comment>				<Comment Language="EN">Light Meals/Snacks</Comment>							</TrainSegment>						<!-- Comments about amenities available on these trains -->			<Comment>Light Meals/Snacks</Comment>			</OriginDestinationOption>		</OriginDestinationOptions></OTA_RailScheduleRS>