<?xml version="1.0" encoding="UTF-8"?><OTA_ProfileMergeRQ xmlns="http://www.opentravel.org/OTA/2003/05" xmlns:xsi="http://www.w3.org/2001/XMLSchema-instance" xsi:schemaLocation="http://www.opentravel.org/OTA/2003/05OTA_ProfileMergeRQ.xsd" EchoToken="452987" TimeStamp="2008-03-17T09:30:47" Target="Production" Version="1.000" SequenceNmbr="1">	<UniqueID Type="21" ID="ABC123"/>	<!--Type (UIT) 21= Profile-->	<ObsoleteProfileID Type="21" ID="ABC456"/>	<!--Type (UIT) 21= Profile-->	<Profile ProfileType="1">		<!-- ProfileType (PRT) 1 = Customer -->		<Customer Gender="Male" BirthDate="1949-06-03" CurrencyCode="EUR">	<PersonName>		<NamePrefix>Mr</NamePrefix>		<GivenName>John</GivenName>		<Surname>Smith</Surname>	</PersonName><Telephone PhoneTechType="1" PhoneUseType="3" PhoneLocationType="7" CountryAccessCode="33" AreaCityCode="497" PhoneNumber="53-21-60"/>			<!-- PhoneTechType (PTT) 1=Voice, PhoneUseType (PUT) 3=Daytime Contact, PhoneLocationType (PLT) 7=Office -->			<Telephone PhoneTechType="5" PhoneUseType="4" CountryAccessCode="33" AreaCityCode="688" PhoneNumber="17-14-00"/>			<!-- PhoneTechType (PTT) 5=Mobile, PhoneUseType (PUT) 4=Evening Contact -->			<Email>smith@xyz.com</Email>			<Address FormattedInd="true" UseType="2">			<!--UseType (AUT) 2=Mailing-->				<StreetNmbr>123 Rue Fantastique</StreetNmbr>				<CityName>Nice</CityName>				<PostalCode>06000</PostalCode>				<CountryName Code="FR"/>			</Address>			<CitizenCountryName DefaultInd="true" Code="FR"/>		</Customer>	</Profile></OTA_ProfileMergeRQ>