<?xml version="1.0" encoding="UTF-8"?><OTA_CruiseShorexAvailRS xmlns="http://www.opentravel.org/OTA/2003/05" xmlns:xsi="http://www.w3.org/2001/XMLSchema-instance" xsi:schemaLocation="http://www.opentravel.org/OTA/2003/05 OTA_CruiseShorexAvailRS.xsd" Version="1.0" Target="Production" PrimaryLangID="en-us" TransactionIdentifier="6940" SequenceNmbr="1" MaxResponses="15" MoreIndicator="true" MoreDataEchoToken="15" TimeStamp="2006-12-17T09:30:48">	<Success/>	<SailingInfo>		<SelectedSailing VoyageID="126488" Start="2007-10-03" Duration="P7D" Status="36">			<!-- Status value of 36 indicates this sailing is available -->			<CruiseLine VendorCode="NCL" ShipCode="DA" ShipName="Norwegian Dawn"/>		</SelectedSailing>		<Currency CurrencyCode="USD" DecimalPlaces="2"/>	</SailingInfo>	<ShorexPackages>		<ShorexPackage Description="DISCOVER CAYMAN" PackageTypeCode="4" CruisePackageCode="828631" Start="2007-10-07T12:00:00" End="2007-10-07T14:30:00" Status="36">			<!-- PackageTypeCode value of 4 indicates shore excursion -->			<!-- Status value of 36 indicates this shore excursion is available -->			<Location LocationCode="GEC" LocationName="GEORGETOWN"/>			<PriceInfo AgeQualifyingCode="8" BreakdownType="MIN" Amount="3900">				<!-- Age qualifying code of 8 indicates this pricing is per child -->				<PriceDescription>PRE-BOOK ONLY</PriceDescription>			</PriceInfo>			<PriceInfo AgeQualifyingCode="10" BreakdownType="MAX" Amount="3900">				<!-- Age qualifying code of 10 indicates this pricing is per adult -->				<PriceDescription>PRE-BOOK ONLY</PriceDescription>			</PriceInfo>		</ShorexPackage>		<ShorexPackage Description="BUTTERFLY FARM &amp; BEACH ADVENTURE" PackageTypeCode="4" CruisePackageCode="828632" Start="2007-10-07T12:00:00" End="2007-10-07T15:00:00" Status="36">			<!-- PackageTypeCode value of 4 indicates shore excursion -->			<!-- Status value of 36 indicates this shore excursion is available -->			<Location LocationCode="GEC" LocationName="GEORGETOWN"/>			<PriceInfo AgeQualifyingCode="8" BreakdownType="MIN" Amount="4200">				<!-- Age qualifying code of 8 indicates this pricing is per child -->				<PriceDescription>PRE-BOOK ONLY</PriceDescription>			</PriceInfo>			<PriceInfo AgeQualifyingCode="10" BreakdownType="MAX" Amount="4200">				<!-- Age qualifying code of 10 indicates this pricing is per adult -->				<PriceDescription>PRE-BOOK ONLY</PriceDescription>			</PriceInfo>		</ShorexPackage>		<ShorexPackage Description="SEVEN-MILE BEACH BREAK" PackageTypeCode="4" CruisePackageCode="828633" Start="2007-10-07T12:00:00" End="2007-10-07T15:00:00" Status="36">			<!-- PackageTypeCode value of 4 indicates shore excursion -->			<!-- Status value of 36 indicates this shore excursion is available -->			<Location LocationCode="GEC" LocationName="GEORGETOWN"/>			<PriceInfo AgeQualifyingCode="8" BreakdownType="MIN" Amount="3200">				<!-- Age qualifying code of 8 indicates this pricing is per child -->				<PriceDescription>PRE-BOOK ONLY</PriceDescription>			</PriceInfo>			<PriceInfo AgeQualifyingCode="10" BreakdownType="MAX" Amount="3200">				<!-- Age qualifying code of 10 indicates this pricing is per adult -->				<PriceDescription>PRE-BOOK ONLY</PriceDescription>			</PriceInfo>		</ShorexPackage>		<ShorexPackage Description="STINGRAY CITY &amp; ISLAND TOUR" PackageTypeCode="4" CruisePackageCode="828634" Start="2007-10-07T12:00:00" End="2007-10-07T16:15:00" Status="36">			<!-- PackageTypeCode value of 4 indicates shore excursion -->			<!-- Status value of 36 indicates this shore excursion is available -->			<Location LocationCode="GEC" LocationName="GEORGETOWN"/>			<PriceInfo AgeQualifyingCode="8" BreakdownType="MIN" Amount="5900">				<!-- Age qualifying code of 8 indicates this pricing is per child -->				<PriceDescription>PRE-BOOK ONLY</PriceDescription>			</PriceInfo>			<PriceInfo AgeQualifyingCode="10" BreakdownType="MAX" Amount="5900">				<!-- Age qualifying code of 10 indicates this pricing is per adult -->				<PriceDescription>PRE-BOOK ONLY</PriceDescription>			</PriceInfo>		</ShorexPackage>		<ShorexPackage Description="CAYMAN JEEP ADVENTURE" PackageTypeCode="4" CruisePackageCode="828635" Start="2007-10-07T12:00:00" End="2007-10-07T15:30:00" Status="36">			<!-- PackageTypeCode value of 4 indicates shore excursion -->			<!-- Status value of 36 indicates this shore excursion is available -->			<Location LocationCode="GEC" LocationName="GEORGETOWN"/>			<PriceInfo AgeQualifyingCode="8" BreakdownType="MIN" Amount="7900">				<!-- Age qualifying code of 8 indicates this pricing is per child -->				<PriceDescription>PRE-BOOK ONLY</PriceDescription>			</PriceInfo>			<PriceInfo AgeQualifyingCode="10" BreakdownType="MAX" Amount="7900">				<!-- Age qualifying code of 10 indicates this pricing is per adult -->				<PriceDescription>PRE-BOOK ONLY</PriceDescription>			</PriceInfo>		</ShorexPackage>		<ShorexPackage Description="REEF RUNNER JUNGLE TOUR ADVENTURE" PackageTypeCode="4" CruisePackageCode="828636" Start="2007-10-07T12:00:00" End="2007-10-07T15:00:00" Status="36">			<!-- PackageTypeCode value of 4 indicates shore excursion -->			<!-- Status value of 36 indicates this shore excursion is available -->			<Location LocationCode="GEC" LocationName="GEORGETOWN"/>			<PriceInfo AgeQualifyingCode="8" BreakdownType="MIN" Amount="6900">				<!-- Age qualifying code of 8 indicates this pricing is per child -->				<PriceDescription>PRE-BOOK ONLY</PriceDescription>			</PriceInfo>			<PriceInfo AgeQualifyingCode="10" BreakdownType="MAX" Amount="6900">				<!-- Age qualifying code of 10 indicates this pricing is per adult -->				<PriceDescription>PRE-BOOK ONLY</PriceDescription>			</PriceInfo>		</ShorexPackage>		<ShorexPackage Description="PIRATE ENCOUNTER - JOLLY ROGER" PackageTypeCode="4" CruisePackageCode="828637" Start="2007-10-07T12:00:00" End="2007-10-07T14:00:00" Status="36">			<!-- PackageTypeCode value of 4 indicates shore excursion -->			<!-- Status value of 36 indicates this shore excursion is available -->			<Location LocationCode="GEC" LocationName="GEORGETOWN"/>			<PriceInfo AgeQualifyingCode="8" BreakdownType="MIN" Amount="3900">				<!-- Age qualifying code of 8 indicates this pricing is per child -->				<PriceDescription>PRE-BOOK ONLY</PriceDescription>			</PriceInfo>			<PriceInfo AgeQualifyingCode="10" BreakdownType="MAX" Amount="3900">				<!-- Age qualifying code of 10 indicates this pricing is per adult -->				<PriceDescription>PRE-BOOK ONLY</PriceDescription>			</PriceInfo>		</ShorexPackage>		<ShorexPackage Description="REEF &amp; WRECK SNORKEL TOUR" PackageTypeCode="4" CruisePackageCode="828638" Start="2007-10-07T12:00:00" End="2007-10-07T14:00:00" Status="36">			<!-- PackageTypeCode value of 4 indicates shore excursion -->			<!-- Status value of 36 indicates this shore excursion is available -->			<Location LocationCode="GEC" LocationName="GEORGETOWN"/>			<PriceInfo AgeQualifyingCode="8" BreakdownType="MIN" Amount="3900">				<!-- Age qualifying code of 8 indicates this pricing is per child -->				<PriceDescription>PRE-BOOK ONLY</PriceDescription>			</PriceInfo>			<PriceInfo AgeQualifyingCode="10" BreakdownType="MAX" Amount="3900">				<!-- Age qualifying code of 10 indicates this pricing is per adult -->				<PriceDescription>PRE-BOOK ONLY</PriceDescription>			</PriceInfo>		</ShorexPackage>		<ShorexPackage Description="DISCOVER CAYMAN" PackageTypeCode="4" CruisePackageCode="828649" Start="2007-10-07T14:45:00" End="2007-10-07T17:15:00" Status="36">			<!-- PackageTypeCode value of 4 indicates shore excursion -->			<!-- Status value of 36 indicates this shore excursion is available -->			<Location LocationCode="GEC" LocationName="GEORGETOWN"/>			<PriceInfo AgeQualifyingCode="8" BreakdownType="MIN" Amount="3900">				<!-- Age qualifying code of 8 indicates this pricing is per child -->				<PriceDescription>PRE-BOOK ONLY</PriceDescription>			</PriceInfo>			<PriceInfo AgeQualifyingCode="10" BreakdownType="MAX" Amount="3900">				<!-- Age qualifying code of 10 indicates this pricing is per adult -->				<PriceDescription>PRE-BOOK ONLY</PriceDescription>			</PriceInfo>		</ShorexPackage>		<ShorexPackage Description="SEVEN MILE PARASAILING" PackageTypeCode="4" CruisePackageCode="828670" Start="2007-10-07T15:00:00" End="2007-10-07T16:00:00" Status="36">			<!-- PackageTypeCode value of 4 indicates shore excursion -->			<!-- Status value of 36 indicates this shore excursion is available -->			<Location LocationCode="GEC" LocationName="GEORGETOWN"/>			<PriceInfo AgeQualifyingCode="8" BreakdownType="MIN" Amount="5900">				<!-- Age qualifying code of 8 indicates this pricing is per child -->				<PriceDescription>PRE-BOOK ONLY</PriceDescription>			</PriceInfo>			<PriceInfo AgeQualifyingCode="10" BreakdownType="MAX" Amount="5900">				<!-- Age qualifying code of 10 indicates this pricing is per adult -->				<PriceDescription>PRE-BOOK ONLY</PriceDescription>			</PriceInfo>		</ShorexPackage>		<ShorexPackage Description="TROLLEY ROGER TOUR" PackageTypeCode="4" CruisePackageCode="828671" Start="2007-10-07T15:00:00" End="2007-10-07T16:00:00" Status="36">			<!-- PackageTypeCode value of 4 indicates shore excursion -->			<!-- Status value of 36 indicates this shore excursion is available -->			<Location LocationCode="GEC" LocationName="GEORGETOWN"/>			<PriceInfo AgeQualifyingCode="8" BreakdownType="MIN" Amount="2500">				<!-- Age qualifying code of 8 indicates this pricing is per child -->				<PriceDescription>PRE-BOOK ONLY</PriceDescription>			</PriceInfo>			<PriceInfo AgeQualifyingCode="10" BreakdownType="MAX" Amount="2500">				<!-- Age qualifying code of 10 indicates this pricing is per adult -->				<PriceDescription>PRE-BOOK ONLY</PriceDescription>			</PriceInfo>		</ShorexPackage>		<ShorexPackage Description="SEE &amp; SEA TOUR" PackageTypeCode="4" CruisePackageCode="828703" Start="2007-10-07T12:30:00" End="2007-10-07T15:00:00" Status="36">			<!-- PackageTypeCode value of 4 indicates shore excursion -->			<!-- Status value of 36 indicates this shore excursion is available -->			<Location LocationCode="GEC" LocationName="GEORGETOWN"/>			<PriceInfo AgeQualifyingCode="8" BreakdownType="MIN" Amount="5300">				<!-- Age qualifying code of 8 indicates this pricing is per child -->				<PriceDescription>PRE-BOOK ONLY</PriceDescription>			</PriceInfo>			<PriceInfo AgeQualifyingCode="10" BreakdownType="MAX" Amount="5300">				<!-- Age qualifying code of 10 indicates this pricing is per adult -->				<PriceDescription>PRE-BOOK ONLY</PriceDescription>			</PriceInfo>		</ShorexPackage>		<ShorexPackage Description="NORTH SOUND RAYS &amp; REEFS SNORKEL" PackageTypeCode="4" CruisePackageCode="828704" Start="2007-10-07T12:30:00" End="2007-10-07T15:45:00" Status="36">			<!-- PackageTypeCode value of 4 indicates shore excursion -->			<!-- Status value of 36 indicates this shore excursion is available -->			<Location LocationCode="GEC" LocationName="GEORGETOWN"/>			<PriceInfo AgeQualifyingCode="8" BreakdownType="MIN" Amount="6900">				<!-- Age qualifying code of 8 indicates this pricing is per child -->				<PriceDescription>PRE-BOOK ONLY</PriceDescription>			</PriceInfo>			<PriceInfo AgeQualifyingCode="10" BreakdownType="MAX" Amount="6900">				<!-- Age qualifying code of 10 indicates this pricing is per adult -->				<PriceDescription>PRE-BOOK ONLY</PriceDescription>			</PriceInfo>		</ShorexPackage>		<ShorexPackage Description="BUTTERFLY FARM &amp; PEDRO ST. JAMES " PackageTypeCode="4" CruisePackageCode="828745" Start="2007-10-07T13:00:00" End="2007-10-07T16:00:00" Status="36">			<!-- PackageTypeCode value of 4 indicates shore excursion -->			<!-- Status value of 36 indicates this shore excursion is available -->			<Location LocationCode="GEC" LocationName="GEORGETOWN"/>			<PriceInfo AgeQualifyingCode="8" BreakdownType="MIN" Amount="5400">				<!-- Age qualifying code of 8 indicates this pricing is per child -->				<PriceDescription>PRE-BOOK ONLY</PriceDescription>			</PriceInfo>			<PriceInfo AgeQualifyingCode="10" BreakdownType="MAX" Amount="5400">				<!-- Age qualifying code of 10 indicates this pricing is per adult -->				<PriceDescription>PRE-BOOK ONLY</PriceDescription>			</PriceInfo>		</ShorexPackage>		<ShorexPackage Description="SOTO'S REEF KAYAK SNORKEL" PackageTypeCode="4" CruisePackageCode="828746" Start="2007-10-07T13:00:00" End="2007-10-07T15:30:00" Status="36">			<!-- PackageTypeCode value of 4 indicates shore excursion -->			<!-- Status value of 36 indicates this shore excursion is available -->			<Location LocationCode="GEC" LocationName="GEORGETOWN"/>			<PriceInfo AgeQualifyingCode="8" BreakdownType="MIN" Amount="3900">				<!-- Age qualifying code of 8 indicates this pricing is per child -->				<PriceDescription>PRE-BOOK ONLY</PriceDescription>			</PriceInfo>			<PriceInfo AgeQualifyingCode="10" BreakdownType="MAX" Amount="3900">				<!-- Age qualifying code of 10 indicates this pricing is per adult -->				<PriceDescription>PRE-BOOK ONLY</PriceDescription>			</PriceInfo>		</ShorexPackage>	</ShorexPackages></OTA_CruiseShorexAvailRS>