<?xml version="1.0" encoding="UTF-8"?><OTA_HotelAvailRQ xmlns="http://www.opentravel.org/OTA/2003/05" xmlns:xsi="http://www.w3.org/2001/XMLSchema-instance"  xsi:schemaLocation="http://www.opentravel.org/OTA/2003/05 OTA_HotelAvailRQ.xsd" Version="1.003">	<AvailRequestSegments>		<AvailRequestSegment>			<StayDateRange End="2006-01-30" Start="2006-01-16"/>			<RoomStayCandidates>				<RoomStayCandidate Quantity="1">					<GuestCounts>						<GuestCount AgeQualifyingCode="10" Count="1"/>					</GuestCounts>				</RoomStayCandidate>			</RoomStayCandidates>			<HotelSearchCriteria>				<Criterion>					<HotelRef ChainCode="MC" HotelCode="DENDT"/>				</Criterion>			</HotelSearchCriteria>		</AvailRequestSegment>	</AvailRequestSegments></OTA_HotelAvailRQ>