<?xml version="1.0" encoding="UTF-8"?><OTA_AirBookRS xmlns="http://www.opentravel.org/OTA/2003/05" xmlns:xsi="http://www.w3.org/2001/XMLSchema-instance" xsi:schemaLocation="http://www.opentravel.org/OTA/2003/05 OTA_AirBookRS.xsd" EchoToken="456789" TimeStamp="2003-08-17T09:30:47-05:00" Target="Production" Version="2.001" SequenceNmbr="1" PrimaryLangID="en-us">	<Success/>	<AirReservation>		<AirItinerary DirectionInd="Circle">			<OriginDestinationOptions>				<OriginDestinationOption>					<FlightSegment DepartureDateTime="2003-12-12T09:00:00" ArrivalDateTime="2003-12-12T14:35:00" RPH="1" FlightNumber="150" ResBookDesigCode="Q"  NumberInParty="1" Status="30">						<DepartureAirport LocationCode="IAD"/>						<ArrivalAirport LocationCode="SAN"/>						<Equipment AirEquipType="767"/>						<MarketingAirline Code="AA"/>					</FlightSegment>				</OriginDestinationOption>				<OriginDestinationOption>					<FlightSegment DepartureDateTime="2003-12-14T12:40:00" ArrivalDateTime="2003-12-14T14:35:00" RPH="2" FlightNumber="151" ResBookDesigCode="Q"  NumberInParty="1" Status="30">						<DepartureAirport LocationCode="SAN"/>						<ArrivalAirport LocationCode="IAD"/>						<Equipment AirEquipType="767"/>						<MarketingAirline Code="AA"/>					</FlightSegment>				</OriginDestinationOption>			</OriginDestinationOptions>		</AirItinerary>		<TravelerInfo>			<AirTraveler PassengerTypeCode="ADT">				<ProfileRef>					<UniqueID URL="http://www.usda.gov" Type="21" Instance="1999-02- 28T09:13:53" ID="ID12345"/>				</ProfileRef>				<PersonName>					<NamePrefix>Mr</NamePrefix>					<GivenName>John</GivenName>					<Surname>Smith</Surname>					<NameTitle>M.D.</NameTitle>				</PersonName>				<Telephone AreaCityCode="703" PhoneNumber="555-5555"/>				<Email EmailType="1">johnsmith@home.com </Email>				<Address>					<AddressLine>12 Main Street</AddressLine>					<CityName>Dallas</CityName>					<PostalCode>75000</PostalCode>					<StateProv StateCode="TX"/>					<CountryName Code="US"/>				</Address>				<CustLoyalty ProgramID="AA" MembershipID="Q56GTF"/>				<Document DocIssueAuthority="US Passport Office" DocIssueLocation="Dallas" DocID="T056736" DocType="2" Gender="Male" BirthDate="1967-08-13" EffectiveDate="1997-08-13" ExpireDate="2007-08-13">					<DocHolderName>John Smith</DocHolderName>				</Document>				<TravelerRefNumber/>			</AirTraveler>			<SpecialReqDetails>				<SeatRequests>					<SeatRequest SeatNumber="14C" TravelerRefNumberRPHList="1" FlightRefNumberRPHList="1">			</SeatRequest>				</SeatRequests>				<SpecialServiceRequests>					<SpecialServiceRequest SSRCode="WCHR" TravelerRefNumberRPHList="1" FlightRefNumberRPHList="1">						<Airline> CompanyShortName="AA"</Airline>					</SpecialServiceRequest>				</SpecialServiceRequests>			</SpecialReqDetails>		</TravelerInfo>		<Ticketing TicketType="eTicket" TicketTimeLimit="2003-09-10T00:00:00"/>	</AirReservation></OTA_AirBookRS>