<?xml version="1.0" encoding="UTF-8"?><OTA_HotelAvailGetRS xmlns="http://www.opentravel.org/OTA/2003/05" xmlns:xsi="http://www.w3.org/2001/XMLSchema-instance" xsi:schemaLocation="http://www.opentravel.org/OTA/2003/05 OTA_HotelAvailGetRS.xsd" Version="1.000" Target="Production" TimeStamp="2009-01-21T09:30:47">	<Success/>	<AvailStatusMessages ChainCode="YY" BrandCode="XX" HotelCode="ABC123">		<AvailStatusMessage>			<StatusApplicationControl Start="2009-06-20" End="2009-06-20"/>			<RestrictionStatus Status="Close" Restriction="Master"/>		</AvailStatusMessage>		<AvailStatusMessage>			<StatusApplicationControl Start="2009-06-21" End="2009-06-22"/>			<RestrictionStatus Status="Open" Restriction="Master"/>		</AvailStatusMessage>		<AvailStatusMessage>			<StatusApplicationControl Start="2009-06-20" End="2009-06-22" RatePlanCode="RACK" InvTypeCode="GR"/>			<RestrictionStatus Status="Close"  Restriction="Arrival"/>		</AvailStatusMessage>	</AvailStatusMessages></OTA_HotelAvailGetRS>