<?xml version="1.0" encoding="UTF-8"?><OTA_AirSeatMapRQ xmlns="http://www.opentravel.org/OTA/2003/05" xmlns:xsi="http://www.w3.org/2001/XMLSchema-instance" xsi:schemaLocation="http://www.opentravel.org/OTA/2003/05OTA_AirSeatMapRQ.xsd" Version="1.001">	<POS>		<Source>			<RequestorID Type="5" ID="0001">				<CompanyName>Indian Travels,Calcutta</CompanyName>			</RequestorID>		</Source>	</POS>	<SeatMapRequests>		<SeatMapRequest>			<FlightSegmentInfo DepartureDateTime="2003-02-10T06:30:00" FlightNumber="111">				<DepartureAirport LocationCode="BOM" />				<ArrivalAirport LocationCode="LHR" />				<MarketingAirline Code="AI"/>			</FlightSegmentInfo>			<SeatDetails SeatUpgrade="true"/>		</SeatMapRequest>	</SeatMapRequests>	<AirTravelers>		<AirTraveler PassengerTypeCode="ADT">			<PersonName>				<NamePrefix>Mr.</NamePrefix>				<GivenName>Sam</GivenName>				<Surname>Jones</Surname>			</PersonName>			<CustLoyalty MembershipID="C12345" ProgramID="AI"/>		</AirTraveler>		<AirTraveler PassengerTypeCode="ADT">			<PersonName>				<NamePrefix>Mr.</NamePrefix>				<GivenName>John</GivenName>				<Surname>Smith</Surname>			</PersonName>			<CustLoyalty/>		</AirTraveler>	</AirTravelers>	<BookingReferenceID Type="20" ID="H1234">		<CompanyName Code="AI"/>	</BookingReferenceID>	<BookingReferenceID Type="20" ID="123456">		<CompanyName Code="1W"/>	</BookingReferenceID></OTA_AirSeatMapRQ>