<?xml version="1.0" encoding="UTF-8"?><OTA_HotelRFP_MeetingRS xmlns="http://www.opentravel.org/OTA/2003/05" xmlns:xsi="http://www.w3.org/2001/XMLSchema-instance" xsi:schemaLocation="http://www.opentravel.org/OTA/2003/05OTA_HotelRFP_MeetingRS.xsd" Version="1.000">	<Success/>	<RFP_Response>		<RFP_ResponseSegments>			<RFP_ResponseSegment>				<Sites>					<Site ChainCode="Hilton" BrandCode="HIC" HotelCode="16024" HotelName="Hilton DFW Lakes Executive Conference Center" ChainName="Hilton Hotels" BrandName="Hilton Hotels">						<ResponseType DetailIncludedIndicator="false" ResponseMethod="11" MinimumTime="P0Y0M1DT0H00M" MaximumTime="P0Y0M2DT0H00M" ResponseTimeUnit="business day"/>						<SiteID  Type="10" ID="99445"/>							</Site>				</Sites>			<RFP_ID URL="http://www.mpoint.com" Type="13" ID="102230">					<CompanyName>Houston Astros Soccer Club</CompanyName>				</RFP_ID>			</RFP_ResponseSegment>		</RFP_ResponseSegments>		<MessageID URL="http://www.mpoint.com" Type="13" ID="12345"/>	</RFP_Response></OTA_HotelRFP_MeetingRS>