<?xml version="1.0" encoding="UTF-8"?><OTA_HotelAvailGetRS xmlns="http://www.opentravel.org/OTA/2003/05" xmlns:xsi="http://www.w3.org/2001/XMLSchema-instance" xsi:schemaLocation="http://www.opentravel.org/OTA/2003/05 OTA_HotelAvailGetRS.xsd" Version="1.000" Target="Production" TimeStamp="2009-01-21T09:30:47">	<Success/>	<AvailStatusMessages ChainCode="YY" BrandCode="XX" HotelCode="ABC123">		<AvailStatusMessage>			<StatusApplicationControl Start="2009-06-20" End="2009-06-20"/>			<LengthsOfStay ArrivalDateBased="true">				<LengthOfStay Time="2" TimeUnit="Day" MinMaxMessageType="MinLOS"/>				<LengthOfStay Time="5" TimeUnit="Day" MinMaxMessageType="MaxLOS"/>			</LengthsOfStay>			<UniqueID Type="16" ID="1"/>			<!-- Type (UIT) 16 = Reference -->		</AvailStatusMessage>		<AvailStatusMessage>			<StatusApplicationControl Start="2009-06-21" End="2009-06-22"/>			<LengthsOfStay>			<LengthOfStay Time="1" TimeUnit="Day" MinMaxMessageType="MinLOS"/>			</LengthsOfStay>			<UniqueID Type="16" ID="2"/>			<!-- Type (UIT) 16 = Reference -->		</AvailStatusMessage>		<AvailStatusMessage>			<StatusApplicationControl RatePlanCode="RACK" InvCode="KS" Start="2009-06-20" End="2009-06-22"/>			<LengthsOfStay>			<LengthOfStay Time="3" TimeUnit="Day" MinMaxMessageType="MinLOS"/>			<LengthOfStay Time="9" TimeUnit="Day" MinMaxMessageType="MaxLOS"/> 			</LengthsOfStay>			<UniqueID Type="16" ID="3"/>			<!-- Type (UIT) 16 = Reference -->		</AvailStatusMessage>	</AvailStatusMessages></OTA_HotelAvailGetRS>