<?xml version="1.0" encoding="UTF-8"?><OTA_HotelRFP_MeetingRS xmlns="http://www.opentravel.org/OTA/2003/05" xmlns:xsi="http://www.w3.org/2001/XMLSchema-instance" xsi:schemaLocation="http://www.opentravel.org/OTA/2003/05 OTA_HotelRFP_MeetingRS.xsd" Version="1.002">	<Success/>	<RFP_Response>		<RFP_ResponseSegments>			<RFP_ResponseSegment>				<Sites>					<Site HotelName="Hyatt Regency OHare" SimilarEventCount="500">						<ContactInfos>							<ContactInfo ContactType="Sales">								<PersonName NameType="3">									<!--NameType Code list (NAM) NameType 3 = Alternate Name-->									<NamePrefix>Ms</NamePrefix>									<MiddleName>W</MiddleName>									<Surname>Doe</Surname>									<NameTitle>CMP</NameTitle>								</PersonName>								<Telephone PhoneLocationType="5" PhoneTechType="1" PhoneNumber="222.333.4444"/>								<Telephone PhoneTechType="3" PhoneNumber="222.333.5555"/>								<Telephone PhoneTechType="5" PhoneNumber=" 222.333.6666"/>								<!--PhoneLocation Type Code list PLT PhoneLocationType 3 = Property Sales Office, PhoneTechType CodeList (PTT) PhoneTechType 1 = voice, 3=Fax, 5 = Mobile-->								<Address Type="7">									<!-- Address Use Type Code list (AUT) Type 7=physical -->									<AddressLine>9300 Bryn Mawr Road</AddressLine>									<CityName>Rosemont</CityName>									<PostalCode>12322</PostalCode>									<StateProv>IL</StateProv>									<CountryName>USA</CountryName>								</Address>								<Address Type="2">									<!-- Address Use Type Code list (AUT) Type 2=mailing -->									<AddressLine>9300 Bryn Mawr Road</AddressLine>									<CityName>Rosemont</CityName>									<PostalCode>12322</PostalCode>									<StateProv>IL</StateProv>									<CountryName>USA</CountryName>								</Address>								<Email EmailType="2">Jane_Doe@hyatt.com</Email>								<URL>www.hyatt.com</URL>								<CompanyName>Hyatt Regency O'Hare</CompanyName>								<EmployeeInfo EmployeeTitle="Sales Manager"/>							</ContactInfo>						</ContactInfos>						<Dates>							<Date Start="2005-10-15" End="2005-10-18">								<RoomBlock>									<StayDates>										<StayDate Start="2005-10-15" End="2005-10-18" AvailabilityOptionType="First">											<StayDateRooms>												<StayDateRoom RoomType="Single">													<Rates>														<Rate CurrencyCode="USD" Amount="175"/>													</Rates>												</StayDateRoom>												<StayDateRoom RoomType="Double">													<Rates>														<Rate CurrencyCode="USD" Amount="185">															<Fees>																<Fee Type="Exclusive" Amount="25"/>															</Fees>															<!--Fee Tax Type Code list (FTT) FeeTaxType 31 = ExtraPersonCharge-->														</Rate>													</Rates>												</StayDateRoom>												<StayDateRoom RoomType="Suite">													<Rates>														<Rate Amount="400" CurrencyCode="USD"/>														<Rate Amount="625" CurrencyCode="USD"/>													</Rates>												</StayDateRoom>											</StayDateRooms>										</StayDate>									</StayDates>								</RoomBlock>								<EventBlock>									<EventDates>										<EventDate Start="2005-10-15">											<EventDateFunctions>												<EventDateFunction EventName="Staff Suite" EventType="3"/>												<!--EventCharge Code list (EVT) EventType 3=Breakout-->												<EventDateFunction StartTime="10:00:00" EndTime="17:00:00" RoomSetup="8" MeetingRoomName="Suite123" MeetingRoomCapacity="5" TwentyFourHourHold="true" AvailabilityOptionType="First"/>												<!-- MeetingRoomFormatCode Code list (MRF) RoomSetup 8= Boardroom-->											</EventDateFunctions>										</EventDate>										<EventDate Start="2005-10-16">											<EventDateFunctions>												<EventDateFunction EventName="Breakfast" EventType="4"/>												<!--Event Charge Code list (EVT) EventType 4=Breakfast-->												<EventDateFunction StartTime="07:30:00" EndTime="08:30:00" RoomSetup="10" MeetingRoomName="Room A" MeetingRoomCapacity="150" TwentyFourHourHold="false" AvailabilityOptionType="First"/>												<!--MeetingRoomFormatCode Code list (MRF) RoomSetup  10= Round for 8-->												<EventDateFunction EventName="Lunch" EventType="5" StartTime="12:00:00" EndTime="13:30:00" RoomSetup="10" MeetingRoomName="Room B" MeetingRoomCapacity="225" TwentyFourHourHold="false" AvailabilityOptionType="First"/>												<!-- Event Charge Code list (EVT) EventType5=Lunch-->												<!-- MeetingRoomFormatCode Code list (MRF) RoomSetup 10= Rounds for 8-->												<EventDateFunction EventName="General Session" EventType="30" StartTime="08:30:00" EndTime="17:00:00" RoomSetup="2" MeetingRoomName="Jr Ballroom" MeetingRoomCapacity="250" TwentyFourHourHold="true" AvailabilityOptionType="First"/>												<!-- Event Charge Code list (EVT) EventType 30=General Session-->												<!-- MeetingRoomFormatCode Code list (MRF) RoomSetup 2= Classroom-->											</EventDateFunctions>										</EventDate>										<EventDate Start="2005-10-17">											<EventDateFunctions>												<EventDateFunction EventName="Breakfast" EventType="4" StartTime="07:30:00" EndTime="08:30:00" RoomSetup="10" MeetingRoomName="Jr Ballroom Foyer" MeetingRoomCapacity="150" TwentyFourHourHold="true" AvailabilityOptionType="First"/>												<!-- Event Charge Code list (EVT) EventType  4=Breakfast-->												<!-- MeetingRoomFormatCode Code list (MRF) RoomSetup 10= Rounds for 8-->												<EventDateFunction EventName="Breakout Session" EventType="3" StartTime="08:30:00" EndTime="17:00:00" RoomSetup="2" MeetingRoomName="Room A" MeetingRoomCapacity="150" TwentyFourHourHold="true" AvailabilityOptionType="First"/>												<!-- Event Charge Code list (EVT) EventType 3 =Breakout-->												<!-- MeetingRoomFormatCode Code list (MRF) RoomSetup 2= Classroom-->												<EventDateFunction EventName="Breakout Session" EventType="3" StartTime="08:30:00" EndTime="17:00:00" RoomSetup="2" MeetingRoomName="Room B" MeetingRoomCapacity="75" TwentyFourHourHold="true" AvailabilityOptionType="First"/>												<!-- Event Charge Code list (EVT) EventType  3=Breakout-->												<!-- MeetingRoomFormatCode Code list (MRF) RoomSetup 2= Classroom-->												<EventDateFunction EventName="Breakout Session" EventType="3" StartTime="08:30:00" EndTime="17:00:00" RoomSetup="2" MeetingRoomName="Room C" MeetingRoomCapacity="75" TwentyFourHourHold="true" AvailabilityOptionType="First"/>												<!-- Event Charge Code list (EVT) EventType  3=Breakout-->												<!-- MeetingRoomFormatCode Code list (MRF) RoomSetup 2= Classroom-->												<EventDateFunction EventName="Breakout Session" EventType="3" StartTime="08:30:00" EndTime="17:00:00" RoomSetup="2" MeetingRoomName="Room D" MeetingRoomCapacity="50" TwentyFourHourHold="true" AvailabilityOptionType="First"/>												<!-- Event Charge Code list (EVT) EventType  3=Breakout-->												<!-- MeetingRoomFormatCode Code list (MRF) RoomSetup 2= Classroom-->												<EventDateFunction EventName="Breakout Session" EventType="3" StartTime="08:30:00" EndTime="17:00:00" RoomSetup="2" MeetingRoomName=" Room E" MeetingRoomCapacity="50" TwentyFourHourHold="true" AvailabilityOptionType="First"/>												<!-- Event Charge Code list (EVT) EventType  3=Breakout-->												<!-- MeetingRoomFormatCode Code list (MRF) RoomSetup 2= Classroom-->											</EventDateFunctions>										</EventDate>										<EventDate Start="2005-10-18">											<EventDateFunctions>												<EventDateFunction EventName="Breakfast" EventType="4" StartTime="07:30:00" EndTime="08:30:00" RoomSetup="10" MeetingRoomName=" Jr Ballroom Foyer" MeetingRoomCapacity="150" TwentyFourHourHold="false" AvailabilityOptionType="First"/>												<!-- Event Charge Code list (EVT) EventType  4=Breakfast-->												<!-- MeetingRoomFormatCode Code list (MRF) RoomSetup 10= Rounds for 8-->												<EventDateFunction EventName="General Session" EventType="30" StartTime="08:30:00" EndTime="12:00:00" RoomSetup="2" MeetingRoomName=" Room A" MeetingRoomCapacity="225" TwentyFourHourHold="true" AvailabilityOptionType="First"/>												<!-- Event Charge Code list (EVT) EventType  30=General Session-->												<!-- MeetingRoomFormatCode Code list (MRF) RoomSetup 2= Classroom-->												<EventDateFunction EventName="Lunch" EventType="5" StartTime="12:00:00" EndTime="13:30:00" RoomSetup="10" MeetingRoomName=" Jr Ballroom Foyer" MeetingRoomCapacity="150" TwentyFourHourHold="false" AvailabilityOptionType="First"/>												<!-- Event Charge Code list (EVT) EventType  5=Lunch-->												<!--MeetingRoomFormatCode Code list (MRF) RoomSetup 10= Rounds for 8-->											</EventDateFunctions>										</EventDate>										<EventDate Start="2005-10-15" End="2005-10-18">											<EventCharges>												<EventCharge CurrencyCode="USD" DecimalPlaces="2" AverageChargeAmount="9.95" EventCharge="19" PrimaryChargeType="7">													<!-- Event Charge Code list (EVT) EventCharge  19=MorningBreak,  Charge Type Code list (CHG) PrimaryChargeType 7=per person-->													<Taxes>														<Tax Code="7" Percent="14"/>														<!-- Fee Tax Type Code list (FTT) Code 7=F&B Tax-->														<Tax Code="14" Percent="18"/>														<!-- Fee Tax Type Code list (FTT) Code 14=Service Charge-->													</Taxes>												</EventCharge>												<EventCharge CurrencyCode="USD" DecimalPlaces="2" AverageChargeAmount="9.95" PrimaryChargeType="7" EventCharge="19">													<!-- Event Charge Code list (EVT) EventCharge  20=AfternoonBreak,  Charge Type Code list (CHG)  PrimaryChargeType 7=per person-->													<Taxes>														<Tax Code="7" Percent="14"/>														<!-- Fee Tax Type Code list (FTT) Code 7=F&B Tax-->														<Tax Code="14" Percent="18"/>														<!-- Fee Tax Type Code list (FTT) Code 14=Service Charge-->													</Taxes>												</EventCharge>												<EventCharge AverageChargeAmount="25.00" EventCharge="19" PrimaryChargeType="7">													<!-- Event Charge Code list (EVT) EventCharge 21=Reception,  Charge Type Code list (CHG) PrimaryChargeType 7=per person-->													<Taxes>														<Tax Code="14" Percent="18"/>														<!-- Fee Tax Type Code list (FTT) Code 7=F&B Tax-->														<Tax Code="14" Percent="18"/>														<!-- Fee Tax Type Code list (FTT) Code 14=Service Charge-->													</Taxes>												</EventCharge>												<EventCharge CurrencyCode="USD" DecimalPlaces="2" AverageChargeAmount="18.95" EventCharge="19" PrimaryChargeType="7">													<!-- Event Charge Code list (EVT) EventCharge  22=Plated Breakfast,  Charge Type Code list (CHG) PrimaryChargeType  7=per person-->													<Taxes>														<Tax Code="7" Percent="14"/>														<!-- Fee Tax Type Code list (FTT) Code 7=F&B Tax-->														<Tax Code="14" Percent="18"/>														<!-- Fee Tax Type Code list (FTT) Code 14=Service Charge-->													</Taxes>												</EventCharge>												<EventCharge CurrencyCode="USD" DecimalPlaces="2" AverageChargeAmount="16.95" PrimaryChargeType="7">													<!--Charge Type Code list (CHG) PrimaryChargeType 7=per person-->													<Taxes>														<Tax Code="14" Percent="18"/>														<!-- Fee Tax Type Code list (FTT) Code  7=F&B Tax-->														<Tax Code="14" Percent="18"/>														<!-- Fee Tax Type Code list (FTT) Code  14=Service Charge-->													</Taxes>												</EventCharge>												<EventCharge CurrencyCode="USD" DecimalPlaces="2" AverageChargeAmount="14.95" EventCharge="19" PrimaryChargeType="7">													<!-- Event Charge Code list (EVT) EventCharge 23=Continental Breakfast,  Charge Type Code list (CHG)  PrimaryChargeType 7=per person-->													<Taxes>														<Tax Code="14" Percent="18"/>														<!--Fee Tax Type Code list (FTT) Code 7=F&B Tax-->														<Tax Code="14" Percent="18"/>														<!--Fee Tax Type Code list (FTT) Code 14=Service Charge-->													</Taxes>												</EventCharge>												<EventCharge CurrencyCode="USD" DecimalPlaces="2" AverageChargeAmount="24.95" EventCharge="19" PrimaryChargeType="7">													<!--Event Charge Code list (EVT) EventCharge 24=Hot Plated Lunch,  Charge Type Code list (CHG) PrimaryChargeType 7=per person-->													<Taxes>														<Tax Code="14" Percent="18"/>														<!--Fee Tax Type Code list (FTT) Code 7=F&B Tax-->														<Tax Code="14" Percent="18"/>														<!-- Fee Tax Type Code list (FTT) Code  14=Service Charge-->													</Taxes>												</EventCharge>												<EventCharge CurrencyCode="USD" DecimalPlaces="2" AverageChargeAmount="22.95" EventCharge="19" PrimaryChargeType="7">													<!-- Event Charge Code list (EVT) EventCharge 25=Cold Plated Lunch,  Charge Type Code list (CHG) PrimaryChargeType 7=per person-->													<Taxes>														<Tax Code="14" Percent="18"/>														<!-- Fee Tax Type Code list (FTT) Code 7=F&B Tax-->														<Tax Code="14" Percent="18"/>														<!-- Fee Tax Type Code list (FTT) Code 14=Service Charge-->													</Taxes>												</EventCharge>												<EventCharge CurrencyCode="USD" DecimalPlaces="2" AverageChargeAmount="19.95" EventCharge="19" PrimaryChargeType="7">													<!-- Event Charge Code list (EVT) EventCharge 26=Buffet Lunch,  Charge Type Code list (CHG) PrimaryChargeType 7=per person-->													<Taxes>														<Tax Code="7" Percent="14"/>														<!-- Fee Tax Type Code list (FTT) Code 7=F&B Tax-->														<Tax Code="14" Percent="18"/>														<!-- Fee Tax Type Code list (FTT) Code 14=Service Charge-->													</Taxes>												</EventCharge>												<EventCharge CurrencyCode="USD" DecimalPlaces="2" AverageChargeAmount="34.95" EventCharge="19" PrimaryChargeType="7">													<!-- Event Charge Code list (EVT) EventCharge 27=Plated Dinner,  Charge Type Code list (CHG) PrimaryChargeType 7=per person-->													<Taxes>														<Tax Code="7" Percent="14"/>														<!-- Fee Tax Type Code list (FTT) Code 7=F&B Tax-->														<Tax Code="14" Percent="18"/>														<!-- Fee Tax Type Code list (FTT) Code 14=Service Charge-->													</Taxes>												</EventCharge>												<EventCharge CurrencyCode="USD" DecimalPlaces="2" AverageChargeAmount="30.95" EventCharge="19" PrimaryChargeType="7">													<!-- Event Charge Code list (EVT) EventCharge 28=Buffet Dinner,  Charge Type (CHG) PrimaryChargeType 7=per person-->													<Taxes>														<Tax Code="7" Percent="14"/>														<!-- Fee Tax Type Code list (FTT) Code 7=F&B Tax-->														<Tax Code="14" Percent="18"/>														<!-- Fee Tax Type Code list (FTT) Code 14=Service Charge-->													</Taxes>												</EventCharge>											</EventCharges>										</EventDate>									</EventDates>								</EventBlock>							</Date>						</Dates>						<References>							<Reference MeetingName="ILAC2004" Start="2004-12-10" MeetingType="6" MeetingHost="Excel">								<!--Event Type Code list (ETT) MeetingType 6 = General Business Meeting-->								<PersonName>									<GivenName>John</GivenName>									<Surname>Doe</Surname>								</PersonName>								<Telephone PhoneTechType="1" PhoneNumber="111.222.3333"/>								<!-- Phone Tech Type Code list (PTT) PhoneTechType 1= voice-->								<EmployeeInfo EmployeeTitle="President"/>							</Reference>						</References>					</Site>				</Sites>				<Comment>					<Text>Coverage Policies are available for personal on-property inspection</Text>				</Comment>			</RFP_ResponseSegment>		</RFP_ResponseSegments>	</RFP_Response></OTA_HotelRFP_MeetingRS>