<?xml version="1.0" encoding="UTF-8"?><OTA_HotelAvailGetRQ xmlns="http://www.opentravel.org/OTA/2003/05" xmlns:xsi="http://www.w3.org/2001/XMLSchema-instance" xsi:schemaLocation="http://www.opentravel.org/OTA/2003/05 OTA_HotelAvailGetRQ.xsd" EchoToken="12345" TimeStamp="2009-01-17T09:30:47" Target="Production" Version="1.000">	<POS>		<Source>			<RequestorID Type="22" ID="Passkey"/>			<!--Type (UIT) 22= ERSP -->		</Source>	</POS>	<HotelAvailRequests>		<HotelAvailRequest SendBookingLimit="1" BookingLimitMessageType="SetLimit">			<DateRange Start="2009-06-11" End="2009-08-03"/>			<RoomTypeCandidates>				<RoomTypeCandidate RoomTypeCode="STD"/>				<RoomTypeCandidate RoomTypeCode="DLX"/>			</RoomTypeCandidates>			<LengthsOfStayCandidates SendAllLengthsOfStay="true"/>			<HotelRef ChainCode="YY" BrandCode="XX" HotelCode="ABC123"/>		</HotelAvailRequest>	</HotelAvailRequests></OTA_HotelAvailGetRQ>