<?xml version="1.0" encoding="UTF-8"?><OTA_AirCheckInRS xmlns="http://www.opentravel.org/OTA/2003/05" xmlns:xsi="http://www.w3.org/2001/XMLSchema-instance" xsi:schemaLocation="http://www.opentravel.org/OTA/2003/05 OTA_AirCheckInRS.xsd" TimeStamp="2006-09-18T09:30:47.0Z" Version="1.0" Target="Production" PrimaryLangID="en-us">	<Success/>	<AirCheckInInfo>		<MessageFunction Function="SelectCheckInSegments"/>		<MessageFunction Function="SelectPassengersToCheckIn"/>		<MessageFunction Function="IssueBoardingPass"/>		<FlightInfo RPH="1">			<CarrierInfo FlightNumber="944" CompanyShortName="CoAir" Code="CO" MarketingInd="false">Continental Airlines</CarrierInfo>			<DepartureInformation Terminal="B" LocationName="Houston" LocationCode="IAH" DayOfWeek="Thu" JulianDateOfDeparture="019" ScheduledDepartureTime="17:00:00.0Z" Gate="32" BoardingDateTime="2006-01-19T16:30:00.0Z" DateOfDeparture="2006-01-19"/>			<ArrivalInformation Terminal="C" LocationName="Chicago" LocationCode="ORD" DayOfWeek="Thu" ScheduledArrivalTime="21:04:00.0Z" Gate="24" DateOfArrival="2006-01-19"/>		</FlightInfo>		<PassengerInfo RPH="1">			<PassengerName>				<NamePrefix>Ms</NamePrefix>				<GivenName>Vicki</GivenName>				<Surname>Smith</Surname>			</PassengerName>		</PassengerInfo>		<PassengerFlightInfo FlightRPH="1" PassengerRPH="1">			<SeatBoardingInfo SeatNumber="32A"/>		</PassengerFlightInfo>	</AirCheckInInfo></OTA_AirCheckInRS>