<?xml version="1.0" encoding="UTF-8"?><OTA_ResRetrieveRS xmlns="http://www.opentravel.org/OTA/2003/05" xmlns:xsi="http://www.w3.org/2001/XMLSchema-instance" xsi:schemaLocation="http://www.opentravel.org/OTA/2003/05OTA_ResRetrieveRS.xsd" EchoToken="3229853" TimeStamp="2003-11-01T10:34:30" Target="Production" Version="2.000" SequenceNmbr="1" PrimaryLangID="en-us">	<Success/>	<ReservationsList>		<HotelReservation>			<RoomStays>				<RoomStay>					<GuestCounts>						<GuestCount Count="1"/>					</GuestCounts>					<TimeSpan Start="2003-11-23" End="2003-11-26"/>					<BasicPropertyInfo ChainCode="MA" HotelCode="WASTC" HotelName="Marriott Tysons Corner">						<Address>							<CityName>Tysons Corner</CityName>						</Address>					</BasicPropertyInfo>				</RoomStay>			</RoomStays>			<ResGuests>				<ResGuest>					<Profiles>						<ProfileInfo>							<Profile>								<Customer>									<PersonName>										<GivenName>Brandon</GivenName>										<Surname>Wilson</Surname>									</PersonName>								</Customer>							</Profile>						</ProfileInfo>					</Profiles>				</ResGuest>			</ResGuests>			<ResGlobalInfo>				<HotelReservationIDs>					<HotelReservationID ResID_Type="10" ResID_Value="83428984"/>				</HotelReservationIDs>			</ResGlobalInfo>		</HotelReservation>		<HotelReservation>			<RoomStays>				<RoomStay>					<GuestCounts>						<GuestCount Count="1"/>					</GuestCounts>					<TimeSpan Start="2004-01-06" End="2004-01-10"/>					<BasicPropertyInfo ChainCode="MA" HotelCode="WASTC" HotelName="Marriott Tysons Corner">						<Address>							<CityName>Tysons Corner</CityName>						</Address>					</BasicPropertyInfo>				</RoomStay>			</RoomStays>			<ResGuests>				<ResGuest>					<Profiles>						<ProfileInfo>							<Profile>								<Customer>									<PersonName>										<GivenName>Brandon</GivenName>										<Surname>Wilson</Surname>									</PersonName>								</Customer>							</Profile>						</ProfileInfo>					</Profiles>				</ResGuest>			</ResGuests>			<ResGlobalInfo>				<HotelReservationIDs>					<HotelReservationID ResID_Type="10" ResID_Value="80422743"/>				</HotelReservationIDs>			</ResGlobalInfo>		</HotelReservation>	</ReservationsList></OTA_ResRetrieveRS>