<?xml version="1.0" encoding="UTF-8"?><OTA_HotelAvailRS xmlns="http://www.opentravel.org/OTA/2003/05" xmlns:xsi="http://www.w3.org/2001/XMLSchema-instance" xsi:schemaLocation="http://www.opentravel.org/OTA/2003/05 OTA_HotelAvailRS.xsd" Version="1.003"><Success/>	<RoomStays>		<RoomStay>			<RatePlans>				<RatePlan RatePlanCode="CORA999"/>			</RatePlans>			<RoomRates>				<RoomRate>					<Rates>						<Rate EffectiveDate="2006-01-02" ExpireDate="2006-04-14">							<Base AmountBeforeTax="189.00" CurrencyCode="USD"/>							<RateDescription>								<Text>CORPORATE RATE*DELUXE ROOM (1 KING OR 2 DOUBLES)</Text>							</RateDescription>						</Rate>					</Rates>				</RoomRate>			</RoomRates>		</RoomStay>		<RoomStay>			<RatePlans>				<RatePlan RatePlanCode="CORB999"/>			</RatePlans>			<RoomRates>				<RoomRate>					<Rates>						<Rate EffectiveDate="2006-01-02" ExpireDate="2006-04-14">							<Base AmountBeforeTax="199.00" CurrencyCode="USD"/>							<RateDescription>								<Text>CONC DELUXE RM*PRIVATE FLOOR W/ADDL AMENITIES*LOUNGE INCLDS HOT CONTINENTAL BKFST,EVENING HORS D'OEUVRES,HONOR BAR &amp; DESSERT</Text>							</RateDescription>						</Rate>					</Rates>				</RoomRate>			</RoomRates>		</RoomStay>		<RoomStay>			<RatePlans>				<RatePlan RatePlanCode="REGA999"/>			</RatePlans>			<RoomRates>				<RoomRate>					<Rates>						<Rate EffectiveDate="2006-01-02" ExpireDate="2006-04-14">							<Base AmountBeforeTax="270.00" CurrencyCode="USD"/>							<RateDescription>								<Text>REGULAR RATE*DELUXE ROOM (1KING OR 2DOUBLES)</Text>							</RateDescription>						</Rate>					</Rates>				</RoomRate>			</RoomRates>		</RoomStay>		<RoomStay>			<RatePlans>				<RatePlan RatePlanCode="REGB999"/>			</RatePlans>			<RoomRates>				<RoomRate>					<Rates>						<Rate EffectiveDate="2006-01-02" ExpireDate="2006-04-14">							<Base AmountBeforeTax="285.00" CurrencyCode="USD"/>							<RateDescription>								<Text>CONC DELUXE RM*PRIVATE FLOOR W/ADDL AMENITIES*LOUNGE INCLDS HOT CONTINENTAL BREAKFAST,EVENING HORS D'OEUVRES &amp; HONOR BAR</Text>							</RateDescription>						</Rate>					</Rates>				</RoomRate>			</RoomRates>		</RoomStay>		<RoomStay>			<RatePlans>				<RatePlan RatePlanCode="AAAAAAA"/>			</RatePlans>			<RoomRates>				<RoomRate>					<Rates>						<Rate EffectiveDate="2006-01-02" ExpireDate="2006-04-14">							<Base AmountBeforeTax="189.00" CurrencyCode="USD"/>							<RateDescription>								<Text>AAAA WEEKDAY*DELUXE ROOM (1KING OR 2DOUBLES) * ID REQUIED AT CHECK IN *</Text>							</RateDescription>						</Rate>					</Rates>				</RoomRate>			</RoomRates>		</RoomStay>	</RoomStays></OTA_HotelAvailRS>