<?xml version="1.0" encoding="UTF-8"?><OTA_TourInformationNotifRQ xmlns="http://www.opentravel.org/OTA/2003/05" xmlns:xsi="http://www.w3.org/2001/XMLSchema-instance" xsi:schemaLocation="http://www.opentravel.org/OTA/2003/05 OTA_TourInformationNotifRQ.xsd" EchoToken="12345" TimeStamp="2008-04-01T15:52:00" Version="1.000" Target="Test">	<POS>		<Source>			<RequestorID ID="Viator" Type="7">				<!-- Type 7 is Wholesaler -->				<CompanyName CompanyShortName="Viator"/>			</RequestorID>		</Source>	</POS>	<TourInformationItems>		<TourInformationItem>			<TourName ShortName="Prince William Sound" ID="2310"/>			<MultimediaDescriptions>				<MultimediaDescription>					<ImageItems>						<ImageItem>							<ImageFormat DimensionCategory="Thumbnail">								<URL>http://adventurecollection.com/images/thumbnail_seeds/alaska-dd_us02_tal0029_lr.jpg</URL>							</ImageFormat>						</ImageItem>					</ImageItems>				</MultimediaDescription>				<MultimediaDescription InfoCode="1">					<!-- InfoCode 1 is Description -->					<TextItems>						<TextItem Title="Short Description">							<Description>12-passenger Discovery is operated by the exceptional Dean Rand; our unique itinerary and Dean's cheerfulness (and cooking skills) make our voyages hugely memorable.</Description>						</TextItem>					</TextItems>				</MultimediaDescription>			</MultimediaDescriptions>			<Destination>				<StateProv StateCode="AK"/>				<CountryName Code="US"/>				<Region RegionName="Prince William Sound"/>			</Destination>			<Category Type="Activity">				<CategoryItem Name="Sailing &amp; Small Boats" Code="190"/>			</Category>			<Category Type="Theme">				<CategoryItem Name="Singles"/>				<CategoryItem Name="Family"/>			</Category>			<Category Type="Exertion">				<CategoryItem Name="Medium"/>			</Category>			<Charge CurrencyCode="USD" Amount="3500.00"/>			<Duration Duration="P6D" Description="6 days, 5 nights"/>			<Departures>				<DepartureSchedule InfoType="General" Start="2008-05-01" End="2008-09-30"/>			</Departures>			<SupplierInfo>				<CompanyName>Geographic Expeditions</CompanyName>			</SupplierInfo>			<URLs>				<URL Type="Trip">http://www.geoex.com/destinations/destination.asp?DestinationID=46</URL>			</URLs>		</TourInformationItem>		<TourInformationItem>			<TourName ShortName="Winter Wonders" ID="1029">Winter Wonders: Yellowstone and Grand Teton National Parks winter adventure"</TourName>			<MultimediaDescriptions>				<MultimediaDescription>					<ImageItems>						<ImageItem>							<ImageFormat DimensionCategory="Thumbnail">								<URL>http://www.offthebeatenpath.com/adventure-collection-website/images/08WinterWonders.jpg</URL>							</ImageFormat>						</ImageItem>					</ImageItems>				</MultimediaDescription>				<MultimediaDescription InfoCode="1">					<!-- InfoCode 1 is Description -->					<TextItems>						<TextItem Title="Short Description">							<Description TextFormat="HTML">&lt;P&gt; With your naturalist guides, you'll follow boardwalks through steamy, ethereal  geyser basins; snowshoe across sparkling, snowy expanses; enjoy an elk-watching sleigh ride; and explore the two parks in search of bison, elk, wolves, coyotes, otters, bighorn sheep, eagles, and other winter-adapted creatures. Choose from active or laid-back activity options from snowshoeing and cross-country skiing to sitting by the fire. There's something for everyone on this fun trip. &lt;P&gt;   &lt;LI&gt;Wildlife watching: Winter is a fabulous time to see wildlife, as animals gather in the valleys. There are amazing opportunities to see elk, bison, otters, coyotes, and possibly the elusive wolves. &lt;LI&gt;Thermal features: Drifting steam and fog make winter in the geyser basins otherworldly. &lt;LI&gt;Happy Holidays: Celebrate Christmas, Chanukah, winter solstice, or the December holiday of your choice at the Old Faithful Snow Lodge. &lt;LI&gt;Snow sports: Enjoy snowshoeing to backcountry geysers, cross-country skiing, and a sleigh ride.</Description>						</TextItem>					</TextItems>				</MultimediaDescription>				<MultimediaDescription InfoCode="1">					<!-- InfoCode 1 is Description -->					<TextItems>						<TextItem Title="Itinerary">							<Description TextFormat="HTML">&lt;P&gt;&lt;B&gt;Day 1&lt;/B&gt; (Yellowstone National Park) Board a special over-the-snow vehicle and take the scenic route to the Old Faithful Snow Lodge, maybe sharing sections of the road with wandering bison. Along the way, watch for great herds of elk, playful otters, and other wildlife,  and stop to peer into the Grand Canyon of the Yellowstone to see the towering, iced-over falls. &lt;P&gt;&lt;B&gt;Day 2&lt;/B&gt; (Yellowstone National Park) Walk the steamy, snowy, magical boardwalk trails through the Upper Geyser Basin, which holds the largest concentration of geysers in the world. See Old Faithful, Grand Geyser, Morning Glory Pool, and other amazing features. After lunch, rent snowshoes or cross-country skis to continue your explorations through the surrounding forested trails. &lt;P&gt;&lt;B&gt;Day 3&lt;/B&gt; (Yellowstone National Park) A snow coach will shuttle you and your guide to a trailhead where you can cross-country ski or snowshoe along lovely backcountry trails to off-the-beaten-path geysers and other sights that only the lucky, plucky few get to see. &lt;P&gt;&lt;B&gt;Day 4&lt;/B&gt; (Jackson and Grand Teton National Park) Board the snow coaches and head south to Grand Teton National Park, for breathtaking views of these jagged peaks. We'll take our time driving through the park, stopping at scenic overlooks for photo opportunities and wildlife watching. This evening, enjoy the shops and galleries of the Jackson town square. &lt;P&gt;&lt;B&gt;Day 5&lt;/B&gt; (Jackson and Grand Teton National Park) A horse-drawn sleigh takes us out into the elk refuge, where we watch for bull elk and listen as the herd hums and calls to each other. Later we take a private tour of the remarkable National Museum of Wildlife Art, then head back into the park for more exploring.  &lt;P&gt;&lt;B&gt;Day 6&lt;/B&gt; (Departures home) Catch a flight home at your convenience from the Jackson  Airport, or plan your departure from the larger Idaho Falls airport.</Description>						</TextItem>					</TextItems>				</MultimediaDescription>			</MultimediaDescriptions>			<Destination>				<StateProv StateCode="MT"/>				<CountryName Code="US"/>			</Destination>			<Destination>				<StateProv StateCode="WY"/>				<CountryName Code="US"/>			</Destination>			<Destination>				<CountryName Code="US"/>				<Region RegionName="Yellowstone National Park"/>			</Destination>			<Destination>				<CountryName Code="US"/>				<Region RegionName="Grand Teton National Park"/>			</Destination>			<Category Type="Activity">				<CategoryItem Name="Wildlife Watching" Code="110"/>				<CategoryItem Name="Snowshoeing" Code="150"/>			</Category>			<Category Type="Exertion">				<CategoryItem Name="Medium" Code="2"/>			</Category>			<Charge CurrencyCode="USD" Amount="2595.00"/>			<Duration Description="6 days, 5 nights" Duration="P6D"/>			<Departures>				<DepartureSchedule InfoType="Specific" Duration="P6D" Start="2008-05-03" End="2008-02-08" HasAvailabilityInd="true" Availability="5"/>				<DepartureSchedule InfoType="Specific" Duration="P6D" Start="2008-05-17" End="2008-02-22" HasAvailabilityInd="false"/>				<DepartureSchedule InfoType="Specific" Duration="P6D" Start="2008-12-23" End="2008-12-28" HasAvailabilityInd="true" Availability="10"/>			</Departures>			<PolicyInfo>				<CustomerPolicy MinimumCustomers="4" MaximumCustomers="16"/>			</PolicyInfo>			<SupplierInfo>				<CompanyName>Off the Beaten Path</CompanyName>			</SupplierInfo>			<URLs>				<URL Type="Trip">http://offthebeatenpath.com/territories/rocky-mountains/winter-wonders/?ggjid=146</URL>			</URLs>		</TourInformationItem>	</TourInformationItems></OTA_TourInformationNotifRQ>