<?xml version="1.0" encoding="UTF-8"?><OTA_CruiseDiningAvailRQ xmlns="http://www.opentravel.org/OTA/2003/05" xmlns:xsi="http://www.w3.org/2001/XMLSchema-instance" xsi:schemaLocation="http://www.opentravel.org/OTA/2003/05 OTA_CruiseDiningAvailRQ.xsd" Version="1.0" Target="Production" PrimaryLangID="en-us" TransactionIdentifier="6940" TimeStamp="2007-05-22T09:30:47">	<POS>		<Source PseudoCityCode="LAS1S210D">			<RequestorID Type="5" ID="Elleipsis"/>			<!-- Type value of 5 indicates travel agency -->		</Source>	</POS>	<GuestCounts>		<GuestCount Quantity="2"/>	</GuestCounts>	<SailingInfo>		<SelectedSailing Start="2007-10-03">			<CruiseLine VendorCode="NCL" ShipCode="DA"/>		</SelectedSailing>			</SailingInfo>	<DiningRoom>		<InfoCodes>			<InfoCode Code="9"/>			<!-- Code value of 9 is the restaurant category code indicating fine dining -->		</InfoCodes>		<CuisineCodes>			<CuisineCode Code="2"/>			<!-- Type value of 2 is the code indicating French cuisine -->		</CuisineCodes>		<Seating TableSize="2"/>	</DiningRoom>	<SelectedFare FareCode="BESTFARE"/></OTA_CruiseDiningAvailRQ>