<?xml version="1.0" encoding="UTF-8"?><OTA_HotelDescriptiveContentNotifRQ xmlns="http://www.opentravel.org/OTA/2003/05" xmlns:xsi="http://www.w3.org/2001/XMLSchema-instance" xsi:schemaLocation="http://www.opentravel.org/OTA/2003/05 OTA_HotelDescriptiveContentNotifRQ.xsd" Version="3.001">	<HotelDescriptiveContents>		<HotelDescriptiveContent BrandCode="MARS" BrandName="Company A Hotels" CurrencyCode="USD" HotelCode="PROPA" HotelName="Property A Copley Place">			<HotelInfo HotelStatus="Open" LastUpdated="2005-08-19T09:57:59" WhenBuilt="1984">				<CategoryCodes>					<LocationCategory Code="3"/>					<!-- The LocationCategory attribute Code value of 3 indicates this is a City -->				</CategoryCodes>				<Descriptions>				<MultimediaDescriptions>						<MultimediaDescription>							<VideoItems>								<VideoItem Category="2" Caption="Lobby area" Version="1.1" CreateDateTime="2005-08-19T14:10:00.0Z">								<VideoFormat UnitOfMeasureCode="12" FileSize="501646" FileName=" LobbyArea.mpg" ContentID="cid:A3EA77711E4873D4E62C9120A98812" Title="HotelDescription" RecordID="1">									<!-- The UnitOfMeasureCode value of 12 indicates that this is Gigabytes-->  						   			  <!--  The Category value of 2 indicates this is a Lobby View-->								</VideoFormat>							  </VideoItem>							</VideoItems>							</MultimediaDescription>							<MultimediaDescription>							<ImageItems>								<ImageItem Category="1" CreateDateTime="2005-08-19T14:10:00.0Z" Version="1.0">									<ImageFormat UnitOfMeasureCode="8" Width="5" Height="10" ContentID="cid:A3EA77711E90183D4E62C9120A47C8E0" Title="Hotel Description" RecordID="2" FileName="Exteriorshot.jpg" FileSize="234234">									<!-- The UnitOfMeasureCode value of 8 indicates this is Inches -->									<!-- The Category value of 1 indicates this is an Exterior View-->									</ImageFormat>									<Description Caption="Image-Exterior shot">The Property A Hotel is the perfect destination for business or pleasure.  We are located in Boston near the Mass. Turnpike at Exit 22, 4 miles from Logan Airport, in close proximity to the subway.</Description>							</ImageItem> 							</ImageItems>							</MultimediaDescription>				</MultimediaDescriptions>				</Descriptions>				<Position Latitude="42.347996" Longitude="-71.07869"/>			</HotelInfo>			<FacilityInfo LastUpdated="2004-12-04T16:00:12">				<MeetingRooms LargestRoomSpace="23431" LargestSeatingCapacity="3640" MeetingRoomCount="1" TotalRoomSpace="65000" UnitOfMeasure="Square Feet">					<MeetingRoom Irregular="false" RoomName="Grand Ballroom">						<Dimension Area="23431" Height="18.1" Length="108" Width="221"/>						<AvailableCapacities>							<MeetingRoomCapacity MeetingRoomFormatCode="1">								<!-- The MeetingRoomFormatCode  value of 1 indicates this is a Banquet -->								<Occupancy MaxOccupancy="1990"/>							</MeetingRoomCapacity>						</AvailableCapacities>						<MultimediaDescriptions>							<MultimediaDescription>							<ImageItems>							<ImageItem Category="9" CreateDateTime="2005-08-19T14:10:00.0Z" Version="2.0">							<ImageFormat  UnitOfMeasureCode="8" Width="5" Height="10" ContentID="cid:A3EA77711E90183D4E62C9120A20A6548" Title="Meeting facilities" RecordID="3" FileName=" Grandballroom.jpg "  FileSize="22364">							<!-- The UnitOfMeasureCode value of 8 indicates that this is Inches -->							<!--  The Category value of 9 indicates this is a Ballroom-->							</ImageFormat>							<Description Caption="Grand ballroom"/>							</ImageItem>							</ImageItems>							</MultimediaDescription>						</MultimediaDescriptions>					</MeetingRoom>				</MeetingRooms>				<GuestRooms>					<GuestRoom>						<Amenities>							<Amenity RoomAmenityCode="11">								<!-- The RoomAmenityCode value of 11 indicates that this is Bathroom Amenities -->								<MultimediaDescriptions>									<MultimediaDescription>									<ImageItems>									<ImageItem Category="6" CreateDateTime="2005-08-19T14:10:00.0Z" Version="2.0">									<ImageFormat UnitOfMeasureCode="8" Width="7" Height="15" ContentID="cid:A3EA77711E90183D4E62C9120A206598" Title="Bathroom Amenities" RecordID="4" FileName=" StandardBathroom.jpg " FileSize="12364">									<!-- The UnitOfMeasureCode value of 8 indicates that this is Inches -->									<!--  The Category value of 6 indicates that this is a Guest Room-->									 </ImageFormat>									 <Description Caption="Standard bathroom amenities">Soap, shampoo, rinse, shower cap, lotions</Description>									</ImageItem>									</ImageItems>									</MultimediaDescription>								</MultimediaDescriptions>							</Amenity>						</Amenities>					</GuestRoom>					<GuestRoom CodeContext="MARSHA Room Type" MaxOccupancy="5" NonsmokingQuantity="923" Quantity="1033" RoomTypeName="General Rooms">						<MultimediaDescriptions>							<MultimediaDescription>							<ImageItems>							<ImageItem Category="6" CreateDateTime="2005-08-19T14:10:00.0Z" Version="2.0">							<ImageFormat UnitOfMeasureCode="8" Width="7" Height="10" ContentID="cid:A3EA77711E90183D4E62C9120A206599" Title="Features of Room Type" RecordID="5" FileName=" StandardSingle.jpg " FileSize="13654">							<!--  The UnitOfMeasureCode value of 8 indicates that this is Inches -->							<!--  The Category value of 6 indicates that this is a Guest Room-->							</ImageFormat>							<Description Caption="Standard single room">GENR Standard 1 King Bed/or 2 Dbl beds, Coffee Maker, Hair Dryer, Desk w/ chair</Description>							</ImageItem>							<ImageItem Category="6" CreateDateTime="2005-08-19T14:10:00.0Z" Version="2.0">							<ImageFormat UnitOfMeasureCode="8" Width="7" Height="10" ContentID="cid:A3EA77711E90183D4E62C9120A206859" RecordID="6" FileName=" StandardDouble.jpg " FileSize="13654">							<!--  The UnitOfMeasureCode value of 8 indicates that this is Inches -->							<!--  The Category value of 6 indicates that this is a Guest Room--></ImageFormat>							<Description Caption="Standard double room"/>						</ImageItem>							</ImageItems>							</MultimediaDescription>							</MultimediaDescriptions>					</GuestRoom>				</GuestRooms>				<Restaurants>					<Restaurant OfferBreakfast="true" OfferDinner="true" OfferLunch="true" RestaurantName="Gourmeli">					<MultimediaDescriptions Attire="Casual">						<MultimediaDescription>						<ImageItems>						<ImageItem Category="4" CreateDateTime="2005-08-19T14:10:00.0Z" Version="2.0"><ImageFormat UnitOfMeasureCode="8" Width="10" Height="15" ContentID="cid:A3EA77711E90183D4E62C9120A20444" Title="Restaurant Short Description" RecordID="7" FileName=" Gourmeli.mpg"  FileSize="12254">							<!--  The UnitOfMeasureCode value of 8 indicates that this is Inches -->							<!--  The Category value of 4 indicates that this is a Restaurant-->						</ImageFormat>						<Description Caption="Gourmeli restaurant">Upscale family restaurant with daily theme buffets and both a la carte and childrens menus</Description>						</ImageItem>						</ImageItems> 						</MultimediaDescription>					</MultimediaDescriptions>									<OperationSchedules>							<OperationSchedule>								<OperationTimes>									<OperationTime End="14:00:00" Fri="true" Mon="true" Sat="true" Start="06:30:00" Sun="true" Thur="true" Tue="true" Weds="true"/>									<OperationTime End="22:00:00" Fri="true" Mon="true" Sat="true" Start="17:00:00" Sun="true" Thur="true" Tue="true" Weds="true"/>								</OperationTimes>							</OperationSchedule>						</OperationSchedules>					</Restaurant>				</Restaurants>			</FacilityInfo>			<AreaInfo>				<Recreations>					<Recreation Code="36" CodeDetail="Onsite" Name="The Health Club">						<!-- The Code value of 36 indicates that this is a Health Club -->						<OperationSchedules>							<OperationSchedule>								<OperationTimes>									<OperationTime End="23:00:00" Fri="true" Mon="true" Start="05:30:00" Thur="true" Tue="true" Weds="true"/>									<OperationTime End="23:00:00" Sat="true" Start="06:00:00" Sun="true"/>								</OperationTimes>							</OperationSchedule>							<OperationSchedule>								<Charge Amount="0"/>							</OperationSchedule>						</OperationSchedules>						<RefPoints>							<RefPoint Distance="0"/>						</RefPoints>						<MultimediaDescriptions>							<MultimediaDescription>							<ImageItems>							<ImageItem Category="5" CreateDateTime="2005-08-19T14:10:00.0Z" Version="2.0">							<ImageFormat UnitOfMeasureCode="8" Width="7" Height="10" ContentID="cid:A3EA77711E90183D4E62C9120A206565" RecordID="8" FileName="HealthClub.jpg"  FileSize="13254">							<!--  The UnitOfMeasureCode value of 8 indicates that this is Inches -->							<!--  The Category value of 5 indicates that this is a Health Club-->							</ImageFormat>							<Description Caption="Health Club"/>							</ImageItem>							</ImageItems>							</MultimediaDescription>						</MultimediaDescriptions>					</Recreation>					<Recreation Code="122" Name="Indoor Pool">						<!-- The Code value of 122 indicates that this is an Indoor Pool -->						<OperationSchedules>							<OperationSchedule>								<OperationTimes>									<OperationTime End="23:00:00" Fri="true" Mon="true" Start="05:30:00" Thur="true" Tue="true" Weds="true"/>									<OperationTime End="23:00:00" Sat="true" Start="06:00:00" Sun="true"/>								</OperationTimes>							</OperationSchedule>						</OperationSchedules>						<MultimediaDescriptions>							<MultimediaDescription>							<ImageItems>							<ImageItem Category="3" CreateDateTime="2005-08-19T14:10:00.0Z" Version="1.0"><ImageFormat UnitOfMeasureCode="8" Width="5" Height="15" ContentID="cid:A3EA77711E90183D4E62C9120A206123" RecordID="9" FileName="Indoorpool.jpg"  FileSize="23254">							<!--  The UnitOfMeasureCode value of 8 indicates that this is Inches -->							<!--  The Category value of 3 indicates that this is an Indoor Pool--></ImageFormat>							<Description Caption="Indoor Pool"/>					</ImageItem>						<ImageItem Category="3" CreateDateTime="2005-08-19T14:10:00.0Z" Version="1.1"><ImageFormat UnitOfMeasureCode="8" ContentID=" cid:A3EA77711E4873D4E62C9120A95512" RecordID="10" FileName=" Indoorpool2.mpg " FileSize="601646">							<!--  The UnitOfMeasureCode value of 8 indicates that this is Inches -->							<!--  The Category value of 3 indicates that this is an Indoor Pool--></ImageFormat>									<Description Caption="Indoor pool"/>				</ImageItem>							</ImageItems>							</MultimediaDescription>						</MultimediaDescriptions>					</Recreation>				</Recreations>			</AreaInfo>		</HotelDescriptiveContent>	</HotelDescriptiveContents></OTA_HotelDescriptiveContentNotifRQ>