<?xml version="1.0" encoding="UTF-8"?><!-- OPENTRAVEL SAMPLE INSTANCE --><!-- USE CASE SCENARIO: Hotel Availability with Promotion Code Specified. --><!-- USE CASE DETAILS: A travel agent trading partner that is caching hotel rates and availability information has made an OTA_HotelInvChangeRQ request and has received the response that contains hotel codes participating in the TWOFREE promotion that need to be updated in the travel agent trading partner cache. This sample availability request includes the results from the OTA_HotelInvChangeRS message. --><OTA_HotelAvailRQ xmlns="http://www.opentravel.org/OTA/2003/05" xmlns:xsi="http://www.w3.org/2001/XMLSchema-instance"  xsi:schemaLocation="http://www.opentravel.org/OTA/2003/05 OTA_HotelAvailRQ.xsd" Version="3.001">	<!-- Transaction originator (point of sale) information -->	<POS>		<Source ISOCountry="US" ISOCurrency="USD">			<!-- Request type of 5 is "Travel Agency" - See OpenTravel Code List Unique ID Type (UIT). -->			<RequestorID Type="5" ID="12345" MessagePassword="ABC123456789"/>		</Source>	</POS>	<AvailRequestSegments>		<AvailRequestSegment>			<HotelSearchCriteria>							<Criterion>					<HotelRef HotelCode="LONST"/>					<StayDateRange End="2010-09-30" Start="2010-07-07"/>					<RoomStayCandidates>						<RoomStayCandidate PromotionCode="TWOFREE"/>					</RoomStayCandidates>				</Criterion>				<Criterion>					<HotelRef HotelCode="LONSU"/>					<StayDateRange End="2010-09-30" Start="2010-07-07"/>					<RoomStayCandidates>						<RoomStayCandidate PromotionCode="TWOFREE"/>					</RoomStayCandidates>				</Criterion>							</HotelSearchCriteria>		</AvailRequestSegment>	</AvailRequestSegments></OTA_HotelAvailRQ>