<?xml version="1.0" encoding="UTF-8"?><OTA_CruiseBookingDocumentRQ xmlns="http://www.opentravel.org/OTA/2003/05" xmlns:xsi="http://www.w3.org/2001/XMLSchema-instance" xsi:schemaLocation="http://www.opentravel.org/OTA/2003/05 OTA_CruiseBookingDocumentRQ.xsd" EchoToken="34267" TimeStamp="2006-07-10T11:31:47-05:00" Target="Production" Version="1.000" SequenceNmbr="1"> 	<POS>		<Source AgentSine="USN67" PseudoCityCode="BY03" ISOCountry="US" ISOCurrency="USD" AgentDutyCode="SU"  TerminalID="R267A">			<RequestorID  Type="5" ID="712367"/>			<!--Type value of 5=Travel Agency -->		</Source>	</POS>	<ReservationID Type="14" ID="774263"/>	<!--Type value of 14=Reservation -->	<CruiseDocument DocumentTypeCode="3" DeliveryMethodCode="3">		<!-- Document type code 3 = Confirmation, Delivery method code 3= Mail -->		<RecipientInfo ContactType="Primary" Relation="Self">			<PersonName>				<NamePrefix>Ms.</NamePrefix>				<GivenName>Jamie</GivenName>				<Surname>Smith</Surname>			</PersonName>			<Address Type="1">			<!--Address Type value of 1=Delivery -->				<AddressLine>1041 Mountain Trail Drive</AddressLine>				<CityName>Albuquerque</CityName>				<PostalCode>87113</PostalCode>				<StateProv StateCode="NM"/>				<CountryName Code="US"/>			</Address>	</RecipientInfo>	</CruiseDocument></OTA_CruiseBookingDocumentRQ>