<?xml version="1.0" encoding="UTF-8"?><OTA_AirFareDisplayRQ xmlns="http://www.opentravel.org/OTA/2003/05" xmlns:xsi="http://www.w3.org/2001/XMLSchema-instance" xsi:schemaLocation="http://www.opentravel.org/OTA/2003/05 OTA_AirFareDisplayRQ.xsd" TimeStamp="2005-05-17T09:30:47" Target="Production" Version="1.000" SequenceNmbr="1" TransactionStatusCode="Start" PrimaryLangID="en-us" DirectFlightsOnly="false" AvailableFlightsOnly="false" DisplayOrder="ByPriceLowToHigh">	<POS>		<Source AgentSine="XY" PseudoCityCode="H1L" ISOCountry="CH" ISOCurrency="CHF" AgentDutyCode="XY" AirlineVendorID="YY" AirportCode="ZRH" TerminalID="XYZ123">			<RequestorID Type="13" ID="81412345"/>			<BookingChannel Type="11" Primary="false"/>		</Source>	</POS>	<!-- Originating flight -->	<OriginDestinationInformation>		<DepartureDateTime>2011-03-20</DepartureDateTime>		<OriginLocation LocationCode="ZRH">Zurich</OriginLocation>		<DestinationLocation LocationCode="LON">London</DestinationLocation>	</OriginDestinationInformation>	<!-- Return flight -->	<OriginDestinationInformation>		<DepartureDateTime>2011-03-30</DepartureDateTime>		<OriginLocation LocationCode="LON">London</OriginLocation>		<DestinationLocation LocationCode="ZRH">Zurich</DestinationLocation>	</OriginDestinationInformation>	<TravelPreferences>		<VendorPref >LX</VendorPref>		<TicketDistribPref FirstTicketDate="2011-03-15T00:00:00"/>		<FareApplicationTypePref FareApplicationType="Roundtrip"/>		<BookingClassPref ResBookDesigCode="C"/>		<PricingPrefs IncludeTaxInd="false" IncludeServiceFeesInd="false"/>	</TravelPreferences>	<TravelerInfoSummary>		<PassengerTypeQuantity Code="11" Quantity="1">			<ReductionPref Percent="50"></ReductionPref>		</PassengerTypeQuantity>	</TravelerInfoSummary></OTA_AirFareDisplayRQ>