<?xml version="1.0" encoding="UTF-8"?><OTA_CruiseFastSellRQ xmlns="http://www.opentravel.org/OTA/2003/05" xmlns:xsi="http://www.w3.org/2001/XMLSchema-instance" xsi:schemaLocation="http://www.opentravel.org/OTA/2003/05OTA_CruiseFastSellRQ.xsd" EchoToken="34267" TimeStamp="2007-06-30T10:30:47-05:00" Target="Production" Version="1.000"> 	<POS>		<Source AgentSine="USN67" PseudoCityCode="BY03" ISOCountry="US" ISOCurrency="USD" AgentDutyCode="SU"  TerminalID="R267A">			<RequestorID  Type="5" ID="712367"/><!--Type value of 5=Travel Agency -->		</Source>	</POS>	<GuestCounts>		<GuestCount Age="35" Code="10" Quantity="1"/>		<GuestCount Age="32" Code="10" Quantity="1"/><!--Code value of 10=Adult -->	</GuestCounts>	<SelectedSailing Start="2007-08-13" End="2007-08-20" VendorCode="RCL" VendorName="RoyalCaribbean" ShipCode="VY" ShipName="Voyager">		<SelectedFare FareCode="BRKA01"/>		<SelectedCategory PricedCategoryCode="P" >			<SelectedCabin CabinNumber="3240"/>		</SelectedCategory>		<InclusivePackageOption CruisePackageCode="VY10CRW" InclusiveIndicator="1" Start="2007-08-13" End="2007-08-23"/>	</SelectedSailing></OTA_CruiseFastSellRQ>