<?xml version="1.0" encoding="UTF-8"?><OTA_AirDetailsRS EchoToken="String" TimeStamp="2001-12-17T09:30:47-05:00" Target="Production" Version="1.002" xmlns="http://www.opentravel.org/OTA/2003/05" xmlns:xsi="http://www.w3.org/2001/XMLSchema-instance" xsi:schemaLocation="http://www.opentravel.org/OTA/2003/05 OTA_AirDetailsRS.xsd">	<Success/>	<FlightDetails TotalFlightTime="PT2H25M" TotalMiles="946">		<FlightLegDetails SequenceNumber="0" FlightNumber="194" JourneyDuration="PT2H25M" OnTimeRate="97.00" DepartureDateTime="2003-11-07T09:38:00-05:00" ArrivalDateTime="2003-11-07T12:03:00-05:00">			<DepartureAirport LocationCode="ATL" CodeContext="IATA"/>			<ArrivalAirport LocationCode="BOS" CodeContext="IATA"/>			<MarketingAirline CompanyShortName="Delta Airlines" TravelSector="1" Code="DL"/>			<Equipment AirEquipType="736" ChangeofGauge="false"/>			<Comment Language="en-us">String</Comment>			<MarketingCabinAvailability CabinType="First">				<Meal MealCode="Breakfast"/>			</MarketingCabinAvailability>		</FlightLegDetails>	</FlightDetails></OTA_AirDetailsRS>