<?xml version="1.0" encoding="UTF-8"?><OTA_HotelPostEventRS TimeStamp="2007-07-17T09:30:50" Version="1.0" Target="Production" SequenceNmbr="1" PrimaryLangID="en-us" xsi:schemaLocation="http://www.opentravel.org/OTA/2003/05 OTA_HotelPostEventRS.xsd" xmlns="http://www.opentravel.org/OTA/2003/05" xmlns:xsi="http://www.w3.org/2001/XMLSchema-instance">	<Success/>	<EventReports>		<EventReport>			<EventSites>				<EventSite PropertyTypeCode="20" ChainCode="MI" HotelName="Arlington Marriott" LocationCategoryCode="4" HeadquarterHotelIndicator="true" ChainName="Marriott" HotelCityCode="DCA" PrimaryFacilityIndicator="true">					<!-- PropertyTypeCode(PCT) 20= Hotel-->					<!-- LocationCategoryCode (LOC) 4= Downtown-->					<ResponseType DeclineReasonCode="10" DeclineIndicator="true" MaximumTime="P10D" ResponseTimeUnit="business day" ResponseMethod="11"/>					<!-- DeclineReasonCode(DEC) 10 = Data for report not yet available-->					<!-- ResponseMethod (DTB) 11 = XML-->					<Event_ID Type="17" MeetingName="2007 CMP Summit Meeting" ID="CIC07312007" URL="http://www.conventionindustry.org">						<!-- Type (UIT) 17= Meeting Planning Agency-->						<CompanyName CompanyShortName="CIC" Department="Meeting Planning"/>					</Event_ID>					<Date Duration="P3D" End="2007-07-06" Start="2007-07-04"/>				</EventSite>			</EventSites>		</EventReport>	</EventReports></OTA_HotelPostEventRS>