<?xml version="1.0" encoding="UTF-8"?><OTA_VehCheckOutRQ xmlns="http://www.opentravel.org/OTA/2003/05" xmlns:xsi="http://www.w3.org/2001/XMLSchema-instance" xsi:schemaLocation="http://www.opentravel.org/OTA/2003/05OTA_VehCheckOutRQ.xsd" Version="1.0">	<POS>		<Source AgentSine="E3549K" TerminalID="T549K"/>	</POS>	<Customer>		<Primary>			<PersonName>				<NamePrefix>Mr.</NamePrefix>				<GivenName>Joe</GivenName>				<Surname>Bailey</Surname>			</PersonName>			<Telephone PhoneNumber="4055551212" PhoneTechType="5"/>			<!--Code value of 5 indicates this is a mobile phone-->			<Document DocIssueStateProv="MO" DocIssueCountry="US" DocID="L1759302" DocType="4" BirthDate="1962-07-11" ExpireDate="2007-12-13"/>		</Primary>	</Customer>	<PickUpReturnDetails PickUpDateTime="2005-11-01T10:30:00" ReturnDateTime="2005-11-09T10:00:00">		<PickUpLocation LocationCode="OKC"/>		<ReturnLocation LocationCode="OKC"/>	</PickUpReturnDetails>	<VehPref AirConditionInd="true" TransmissionType="Automatic">		<VehType VehicleCategory="1"/>		<VehClass Size="6"/>	</VehPref>	<VehIdentity VehicleAssetNumber="Car054"/>	<VehDetailsOut>		<FuelLevelDetails FuelLevelValue="8"/>		<!--Fuel is measured in 1/8 increments; 8 in FuelLevelValue represents a full tank-->		<OdometerReading UnitOfMeasureQuantity="4560" UnitOfMeasure="Miles"/>	</VehDetailsOut>	<SpecialEquipPrefs>		<SpecialEquipPref EquipType="8" Quantity="1"/>	</SpecialEquipPrefs>	<ConfID Type="14" ID="C21358AC036"/>	<VehRentalAdditionalInfo>		<CoveragePrefs>			<CoveragePref CoverageType="7"/>		</CoveragePrefs>		<RentalPaymentPref>			<PaymentCard CardType="1" CardCode="VI" CardNumber="48484848484849999" ExpireDate="0909"/>		</RentalPaymentPref>	</VehRentalAdditionalInfo></OTA_VehCheckOutRQ>