<?xml version="1.0" encoding="UTF-8"?><OTA_HotelAvailGetRS xmlns="http://www.opentravel.org/OTA/2003/05" xmlns:xsi="http://www.w3.org/2001/XMLSchema-instance" xsi:schemaLocation="http://www.opentravel.org/OTA/2003/05 OTA_HotelAvailGetRS.xsd" Version="1.000" Target="Production" TimeStamp="2009-01-21T09:30:47">	<Success/>	<AvailStatusMessages ChainCode="YY" BrandCode="XX" HotelCode="ABC123">		<AvailStatusMessage>			<StatusApplicationControl Start="2009-06-20" End="2009-06-20"/>			<HurdleRate Amount="107.50"/>			<Delta Amount="2.25" Ceiling="35" MaxSold="123"/>			<UniqueID Type="16" ID="1"/>			<!--Type (UIT) 16 = Reference -->		</AvailStatusMessage>		<AvailStatusMessage>			<StatusApplicationControl Start="2009-06-21" End="2009-06-21"/>			<HurdleRate Amount="99.80"/>			<Delta Amount="12.00" Ceiling="17" MaxSold="88"/>			<UniqueID Type="16" ID="2"/>			<!--Type (UIT) 16= Reference -->		</AvailStatusMessage>		<AvailStatusMessage>			<StatusApplicationControl Start="2009-06-22" End="2009-06-22"/>			<HurdleRate Amount="111.00"/>			<Delta Amount="0.75" Ceiling="103" MaxSold="105"/>			<UniqueID Type="16" ID="3"/>			<!--Type (UIT) 16= Reference  -->		</AvailStatusMessage>	</AvailStatusMessages></OTA_HotelAvailGetRS>