<?xml version="1.0" encoding="UTF-8"?><OTA_AirFlifoRS EchoToken="533575" TimeStamp="2003-03-17T09:30:47-05:00" Target="Production" Version="1.002" SequenceNmbr="1" xmlns="http://www.opentravel.org/OTA/2003/05" xmlns:xsi="http://www.w3.org/2001/XMLSchema-instance" xsi:schemaLocation="http://www.opentravel.org/OTA/2003/05OTA_AirFlifoRS.xsd">	<Success/>	<FlightInfoDetails TotalFlightTime="PT3H38M" TotalMiles="734">		<FlightLegInfo FlightNumber="1644" JourneyDuration="PT1H33M" LegDistance="432">			<DepartureAirport LocationCode="IND"/>			<ArrivalAirport LocationCode="ATL" Diversion="0"/>			<MarketingAirline CompanyShortName="Delta" Code="DL">Delta Airlines</MarketingAirline>			<Equipment AirEquipType="M80">McDonnell Douglas MD-88</Equipment>			<DepartureDateTime Scheduled="2003-04-01T08:30:00" Actual="2003-04-01T08:30:00"/>			<ArrivalDateTime Scheduled="2003-04-01T10:30:00" Estimated="2003-04-01T10:26:00"/>		</FlightLegInfo>		<FlightLegInfo FlightNumber="1644" JourneyDuration="PT1H13M" LegDistance="302">			<DepartureAirport LocationCode="ATL"/>			<ArrivalAirport LocationCode="MOB" Diversion="0"/>			<MarketingAirline CompanyShortName="Delta" Code="DL">Delta Airlines</MarketingAirline>			<Equipment AirEquipType="M80">McDonnell Douglas MD-88</Equipment>			<DepartureDateTime Scheduled="2003-04-01T12:55:00"/>			<ArrivalDateTime Scheduled="2003-04-01T01:08:00"/>		</FlightLegInfo>	</FlightInfoDetails></OTA_AirFlifoRS>