<?xml version="1.0" encoding="UTF-8"?><OTA_ProfileModifyRQ xmlns="http://www.opentravel.org/OTA/2003/05" xmlns:xsi="http://www.w3.org/2001/XMLSchema-instance" xsi:schemaLocation="http://www.opentravel.org/OTA/2003/05 OTA_ProfileModifyRQ.xsd" EchoToken="183529" TimeStamp="2003-03-17T09:30:47" Target="Production" Version="1.000" SequenceNmbr="1">	<UniqueID Type="21" ID="123456">	<!-- Type (UIT) 21 = Profile -->	</UniqueID>	<ProfileModify ProfileType="1" CreateDateTime="2005-07-17T11:30:00" LastModifyDateTime="2008-09-17T09:30:47">	<!-- ProfileType (PRT) 1 = Customer -->		<Customer Gender="Male" BirthDate="1949-06-03">			<PersonName NameType="0">				<NamePrefix>Mr</NamePrefix>				<GivenName>John</GivenName>				<Surname>Doe</Surname>			</PersonName>			<Telephone PhoneTechType="5" PhoneUseType="3" PhoneLocationType="6" AreaCityCode="312" PhoneNumber="8145777652"/>			<!--PhoneTechType (PTT) 5=Mobile, PhoneUseType (PUT) 3=Daytime Contact, PhoneLocationType (PLT) 6=Home-->			<Email>Johndoe@edw.com</Email>			<Address FormattedInd="true" UseType="2">			<!-- UseType (AUT) 2=Mailing -->				<StreetNmbr>70 Howard Street</StreetNmbr>				<CityName>Chicago</CityName>				<PostalCode>60160</PostalCode>				<CountryName Code="US"/>			</Address>		</Customer>		<PrefCollections>			<PrefCollection TravelPurpose="1">			<!-- TravelPurpose (TVP) 1=Business -->				<HotelPref>					<PropertyAmenityPref PropertyAmenityType="48">Health Club</PropertyAmenityPref>				<!-- PropertyAmenityType (HAC) 48=Health Club -->					<RoomAmenityPref RoomAmenity="74"/>				<!-- RoomAmenityType (RMA) 74=Non-smoking -->				</HotelPref>			</PrefCollection>		</PrefCollections>	</ProfileModify></OTA_ProfileModifyRQ>