<?xml version="1.0" encoding="UTF-8"?><OTA_PkgAvailRQ xmlns="http://www.opentravel.org/OTA/2003/05" xmlns:xsi="http://www.w3.org/2001/XMLSchema-instance" xsi:schemaLocation="http://www.opentravel.org/OTA/2003/05 OTA_PkgAvailRQ.xsd" Target="Production" Version="3.000" TimeStamp="2005-04-08T21:10:30" EchoToken="7656">	<POS>		<Source AgentSine="ABC" AgentDutyCode="49682">			<RequestorID Type="4" ID="01253">			</RequestorID>		</Source>	</POS>	<PackageRequest ID="K09104" TravelCode="42213" TourCode="MINAMA" ProductCode="K">		<DateRange Start="2005-06-20" Duration="P14N"/>	</PackageRequest>	<CustomerCounts>		<CustomerCount Code="10" Quantity="2"/>		<!-- Code 10 indicates an adult -->		<CustomerCount Code="8" Quantity="1" Age="5"/>		<!-- Code 8 indicates a child -->	</CustomerCounts></OTA_PkgAvailRQ>