<?xml version="1.0" encoding="UTF-8"?><OTA_CruiseSailAvailRQ xmlns="http://www.opentravel.org/OTA/2003/05" xmlns:xsi="http://www.w3.org/2001/XMLSchema-instance" Version="1.0" Target="Production" MoreIndicator="false" TransactionIdentifier="1234" TimeStamp="2006-03-17T09:30:47" xsi:schemaLocation="http://www.opentravel.org/OTA/2003/05 OTA_CruiseSailAvailRQ.xsd">	<POS>		<Source PseudoCityCode="LAS1S210D">			<RequestorID Type="13" ID="Elleipsis01">			<!--The Type value of 13 indicates this is an Internet Broker ID-->				<CompanyName CompanyShortName="WORLDSPAN" Code="WSPICR"/>			</RequestorID>		</Source>	</POS>	<GuestCounts>		<GuestCount Quantity="2"/>	</GuestCounts>	<SailingDateRange Start="2006-09-15" Duration="P7D"/>	<CruiseLinePrefs>		<CruiseLinePref VendorCode="COL"/>	</CruiseLinePrefs>	<RegionPref RegionCode="CAW"/></OTA_CruiseSailAvailRQ>