<?xml version="1.0" encoding="UTF-8"?><OTA_VehCheckInRQ xmlns="http://www.opentravel.org/OTA/2003/05" xmlns:xsi="http://www.w3.org/2001/XMLSchema-instance" xsi:schemaLocation="http://www.opentravel.org/OTA/2003/05OTA_VehCheckInRQ.xsd" Version="1.0">	<POS>		<Source AgentSine="9435E" TerminalID="S549K"/>	</POS>	<ConfID Type="14" ID="C21358AC036"/>	<!-- Coded value of 14 in Type indicates Confirmation-->	<ContractID Type="8" ID="123456789"/>	<!--Coded value of 8 in Type indicates Car Rental-->	<PickUpReturnDetails ReturnDateTime="2004-11-09T12:30:00"/>	<Vehicle>		<VehIdentity VehicleAssetNumber="Car054"/>	</Vehicle>	<VehRentalDetails>		<FuelLevelDetails FuelLevelValue="4"/>		<OdometerReading UnitOfMeasureQuantity="4750" UnitOfMeasure="Miles"/>		<ConditionReport Condition="OK"/>	</VehRentalDetails>	<PricedEquips>		<PricedEquip>			<Equipment EquipType="8" Quantity="1"/>		</PricedEquip>	</PricedEquips></OTA_VehCheckInRQ>