<?xml version="1.0" encoding="UTF-8"?><OTA_HotelRateAmountNotifRQ xmlns="http://www.opentravel.org/OTA/2003/05" xmlns:xsi="http://www.w3.org/2001/XMLSchema-instance" xsi:schemaLocation="http://www.opentravel.org/OTA/2003/05 OTA_HotelRateAmountNotifRQ.xsd" TimeStamp="2005-02-02T12:00:00" Target="Production" Version="1.002">	<RateAmountMessages ChainCode="CY" HotelCode="ATLPE">		<RateAmountMessage>			<StatusApplicationControl Start="2005-04-01" End="2005-04-01"			RatePlanCodeType ="RatePlanCode" RatePlanCode="BARA00"			InvCodeApplication ="InvCode" InvCode="STD" />			<Rates>				<Rate RateTimeUnit="Day" Start="2005-04-01" End="2005-04-01"				CurrencyCode ="USD">					<BaseByGuestAmts>						<BaseByGuestAmt AmountBeforeTax="100.00" />					</BaseByGuestAmts>				</Rate>			</Rates>		</RateAmountMessage>	</RateAmountMessages></OTA_HotelRateAmountNotifRQ>