<?xml version="1.0" encoding="UTF-8"?><!-- OPENTRAVEL SAMPLE INSTANCE --><!-- USE CASE SCENARIO: Rail Schedule Request for Schedules between Orlando and New York City Penn Station for a Specified Departure Date. --><!-- USE CASE DETAILS: An end user uses a wholesalers website to retrieve schedules for specified origin & destination location and a dates with a preference of a maximum of one connection. This response message indicates that the transaction was processed successfully by the rail wholesaler with no business warnings. This response message includes two departure options with one or less connections: 1) A direct train between the Tampa train station and Penn Station New York and, 2) a train from the Tampa train station with a connection at the Washington DC train station to a direct train to Penn Station New York. Station details are provided for the departure and arrival stations, including address, phone number, hours of operation and staffing & self-service technology information. Additional information in the response includes the rail marketing company, the train type (Silver Star), amenities available on the train and available train service classes. --><OTA_RailScheduleRS TimeStamp="2011-02-03T10:25:37" EchoToken="7656" Target="Production" Version="1.000" PrimaryLangID="ENG" xmlns="http://www.opentravel.org/OTA/2003/05" xmlns:xsi="http://www.w3.org/2001/XMLSchema-instance" xsi:schemaLocation="http://www.opentravel.org/OTA/2003/05OTA_RailScheduleRS.xsd">	<!-- The presence of this element indicates the request message was processed successfully by the receiving system. -->	<Success/>		<!-- The Origin and Destination location, and time information for the rail schedule request. (Three unique options shown in this example.) -->	<OriginDestinationOptions>		<OriginLocation LocationCode="TPA">Tampa, FL</OriginLocation>		<DestinationLocation LocationCode="NYP">New York - Penn Station, NY</DestinationLocation>				<!-- OPTION 1: A non-stop "Silver Star" from Orlando FL to Penn Station NY  (Departs 5:17 PM) -->		<OriginDestinationOption>			<TrainSegment DepartureDateTime="2011-08-13T17:17:00" ArrivalDateTime="2011-08-14T19:29:00" StopQuantity="0" OnTimeRate="99.0">				<!-- DEPARTURE station information -->				<DepartureStation>					<!-- This train station is staffed, it also has self service technology including an automated ticket printer -->					<Details LocationCode="TPA" IsStaffedInd="true" SST_MachineInd="false" TicketPrinterInd="false">Amtrak Tampa Florida Station</Details>					<OperationSchedules>						<OperationSchedule>						<OperationTimes>						<!-- This station is open 7 days a week, 8:15 AM to 6:15PM -->							<OperationTime Start="08:15:00" End="20:15:00" Mon="true" Tue="true" Weds="true" Thur="true" Fri="true" Sat="true" Sun="true"></OperationTime>						</OperationTimes>						</OperationSchedule>					</OperationSchedules>					<Address>						<AddressLine>601 North Nebraska Avenue, Tampa, FL 33602</AddressLine>					</Address>					<Telephone PhoneNumber="1-800-872-7245‎"/>				</DepartureStation>				<!-- ARRIVAL station information -->				<ArrivalStation>					<Details LocationCode="NYP" IsStaffedInd="true" SST_MachineInd="true" TicketPrinterInd="true">New York - Penn Station, NY</Details>					<OperationSchedules>						<OperationSchedule>						<OperationTimes>							<!-- This station is open 24 hours a day, 7 days a week -->							<OperationTime Start="00:00:00" End="24:00:00" Mon="true" Tue="true" Weds="true" Thur="true" Fri="true" Sat="true" Sun="true"></OperationTime>						</OperationTimes>						</OperationSchedule>					</OperationSchedules>					<Address>						<AddressLine>8th Ave 31st Street / 8th Ave 33rd Street, Pennsylvania Station, New York, NY 10001</AddressLine>					</Address>					<Telephone PhoneNumber="1-800-872-7245‎‎"/>				</ArrivalStation>					<!-- Amtrak is the marketing company -->				<MarketingCompany>Amtrak</MarketingCompany>					<!-- The operating train company. -->				<OperatingCompany>Amtrak</OperatingCompany>								<TrainInfo ScheduleCode="17">					<!-- Schedule Code of 17 = "Silver Star." Refer to OpenTravel code list Train Schedule Code (TSD) -->					<Train>						<TrainNumber>92</TrainNumber>						<NetworkCode Code="55555"></NetworkCode>					</Train>				</TrainInfo>								<!-- Seat types, berth types, accommodation class and compartment information with associated quantities. -->				<Accommodation Quantity="66">					<Class>Business</Class>				</Accommodation>				<Accommodation Quantity="66">					<Class>Coach</Class>				</Accommodation>			<!-- Comments about amenities available on these trains -->			<Comment>Wi Fi</Comment>			<Comment>Checked Baggage</Comment>			<Comment>Lounge</Comment>			<Comment>Dining Car</Comment>				</TrainSegment>		</OriginDestinationOption>			<!-- OPTION 2: Train from Tampa FL to Washington DC to Penn Station NY -->		<OriginDestinationOption>			<!-- OPTION 2: Train Segment 1: Tampa FL to Washington DC -->			<TrainSegment DepartureDateTime="2011-08-13T17:17:00" ArrivalDateTime="2011-08-14T15:14:00" StopQuantity="5" OnTimeRate="94.0">				<!-- DEPARTURE station information -->				<DepartureStation>					<!-- This train station is staffed, it also has self service technology including an automated ticket printer -->					<Details LocationCode="TPA" IsStaffedInd="true" SST_MachineInd="false" TicketPrinterInd="false">Amtrak Tampa Florida Station</Details>					<OperationSchedules>						<OperationSchedule>						<OperationTimes>						<!-- This station is open 7 days a week, 8:15 AM to 6:15PM -->							<OperationTime Start="08:15:00" End="20:15:00" Mon="true" Tue="true" Weds="true" Thur="true" Fri="true" Sat="true" Sun="true"></OperationTime>						</OperationTimes>						</OperationSchedule>					</OperationSchedules>					<Address>						<AddressLine>601 North Nebraska Avenue, Tampa, FL 33602</AddressLine>					</Address>					<Telephone PhoneNumber="1-800-872-7245‎"/>				</DepartureStation>				<!-- ARRIVAL station information -->				<ArrivalStation>					<Details LocationCode="WAS" IsStaffedInd="true" SST_MachineInd="true" TicketPrinterInd="true">Washington DC - Union Station</Details>					<OperationSchedules>						<OperationSchedule>						<OperationTimes>							<!-- This station is open 24 hours a day, 7 days a week -->							<OperationTime Start="00:00:00" End="24:00:00" Mon="true" Tue="true" Weds="true" Thur="true" Fri="true" Sat="true" Sun="true"></OperationTime>						</OperationTimes>						</OperationSchedule>					</OperationSchedules>					<Address>						<AddressLine>50 Massachusetts Avenue NE, Union Station, Washington, DC 20002</AddressLine>					</Address>					<Telephone PhoneNumber="1-800-872-7245‎‎"/>				</ArrivalStation>				<MarketingCompany>Amtrak</MarketingCompany>				<TrainInfo>					<Train>						<TrainNumber>92</TrainNumber>						<NetworkCode Code="55555"></NetworkCode>					</Train>				</TrainInfo>								<!-- Seat types, berth types, accommodation class and compartment information with associated quantities. -->				<Accommodation Quantity="66">					<Class>Business</Class>				</Accommodation>				<Accommodation Quantity="66">					<Class>Coach</Class>				</Accommodation>				<!-- Comments about amenities available on these trains -->				<Comment>Wi Fi</Comment>				<Comment>Checked Baggage</Comment>				<Comment>Lounge</Comment>				<Comment>Dining Car</Comment>					</TrainSegment>						<!-- OPTION 2: Train Segment 2: Train from Washington DC to Penn Station NY -->			<TrainSegment DepartureDateTime="2011-08-14T22:00:00" ArrivalDateTime="2011-08-15T01:50:00" StopQuantity="0" OnTimeRate="99.0">				<!-- DEPARTURE station information -->				<DepartureStation>					<Details LocationCode="WAS" IsStaffedInd="true" SST_MachineInd="true" TicketPrinterInd="true">Washington DC - Union Station</Details>					<OperationSchedules>						<OperationSchedule>						<OperationTimes>							<!-- This station is open 24 hours a day, 7 days a week -->							<OperationTime Start="00:00:00" End="24:00:00" Mon="true" Tue="true" Weds="true" Thur="true" Fri="true" Sat="true" Sun="true"></OperationTime>						</OperationTimes>						</OperationSchedule>					</OperationSchedules>					<Address>						<AddressLine>50 Massachusetts Avenue NE, Union Station, Washington, DC 20002</AddressLine>					</Address>					<Telephone PhoneNumber="1-800-872-7245‎‎"/>				</DepartureStation>				<!-- ARRIVAL station information -->				<ArrivalStation>					<Details LocationCode="NYP" IsStaffedInd="true" SST_MachineInd="true" TicketPrinterInd="true">New York - Penn Station, NY</Details>					<OperationSchedules>						<OperationSchedule>						<OperationTimes>							<!-- This station is open 24 hours a day, 7 days a week -->							<OperationTime Start="00:00:00" End="24:00:00" Mon="true" Tue="true" Weds="true" Thur="true" Fri="true" Sat="true" Sun="true"></OperationTime>						</OperationTimes>						</OperationSchedule>					</OperationSchedules>					<Address>						<AddressLine>8th Ave 31st Street / 8th Ave 33rd Street, Pennsylvania Station, New York, NY 10001</AddressLine>					</Address>					<Telephone PhoneNumber="1-800-872-7245‎‎"/>				</ArrivalStation>				<MarketingCompany>Amtrak</MarketingCompany>				<TrainInfo>					<Train>						<TrainNumber>66</TrainNumber>						<NetworkCode Code="155555"></NetworkCode>					</Train>				</TrainInfo>								<!-- Seat types, berth types, accommodation class and compartment information with associated quantities. -->				<Accommodation>					<Class>Business</Class>				</Accommodation>				<Accommodation>					<Class>Coach</Class>				</Accommodation>				<!-- Comments about amenities available on these trains -->				<Comment>Wi Fi</Comment>				<Comment>Checked Baggage</Comment>				<Comment>Lounge</Comment>				<Comment>Dining Car</Comment>					</TrainSegment>		</OriginDestinationOption>			</OriginDestinationOptions></OTA_RailScheduleRS>