<?xml version="1.0" encoding="UTF-8"?><OTA_ProfileReadRS xmlns="http://www.opentravel.org/OTA/2003/05" xmlns:xsi="http://www.w3.org/2001/XMLSchema-instance" xsi:schemaLocation="http://www.opentravel.org/OTA/2003/05 OTA_ProfileReadRS.xsd" EchoToken="12354" TimeStamp="2003-03-17T09:31:47" Target="Production" Version="2.004" SequenceNmbr="1"><Success/><Profiles><ProfileInfo><Profile StatusCode="A"><!--StatusCode A=Active --><CompanyInfo><CompanyName>ABC Company</CompanyName><ContactPerson><PersonName><Surname>Doe</Surname></PersonName><Telephone PhoneNumber="532160"/><Address><CityName>Nice</CityName><CountryName Code="FR"/></Address><Email>John.Doe@xyz.com</Email></ContactPerson></CompanyInfo></Profile></ProfileInfo></Profiles></OTA_ProfileReadRS>