<?xml version="1.0" encoding="UTF-8"?><OTA_HotelAvailNotifRQ xmlns:xsi="http://www.w3.org/2001/XMLSchema-instance" xmlns="http://www.opentravel.org/OTA/2003/05" xsi:schemaLocation="http://www.opentravel.org/OTA/2003/05OTA_HotelAvailNotifRQ.xsd" TimeStamp="2004-05-01T06:39:09" Target="Production" Version="1.002">	<AvailStatusMessages ChainCode="JUM" HotelCode="JUMBCH">		<AvailStatusMessage>			<StatusApplicationControl RatePlanCode="RACK" InvCode="ROH" Start="2004-05-01"/>			<HurdleRate Amount="553.45" CurrencyCode="USD"/>			<UniqueID Type="16.UIT" ID="1"/>		</AvailStatusMessage>		<AvailStatusMessage>			<StatusApplicationControl RatePlanCode="RACK" InvCode="ROH" Start="2004-05-02"/>			<HurdleRate Amount="250.52" CurrencyCode="USD"/>			<UniqueID Type="16.UIT" ID="2"/>		</AvailStatusMessage>		<AvailStatusMessage>			<StatusApplicationControl RatePlanCode="RACK" InvCode="ROH" Start="2004-05-03"/>			<HurdleRate Amount="250.65" CurrencyCode="USD"/>			<UniqueID Type="16.UIT" ID="3"/>		</AvailStatusMessage>		<AvailStatusMessage>			<StatusApplicationControl RatePlanCode="RACK" InvCode="ROH" Start="2004-05-04"/>			<HurdleRate Amount="245.92" CurrencyCode="USD"/>			<UniqueID Type="16.UIT" ID="4"/>		</AvailStatusMessage>		<AvailStatusMessage>			<StatusApplicationControl RatePlanCode="RACK" InvCode="ROH" Start="2004-05-05"/>			<HurdleRate Amount="247.78" CurrencyCode="USD"/>			<UniqueID Type="16.UIT" ID="5"/>		</AvailStatusMessage>		<AvailStatusMessage>			<StatusApplicationControl RatePlanCode="RACK" InvCode="ROH" Start="2004-05-06"/>			<HurdleRate Amount="451.15" CurrencyCode="USD"/>			<UniqueID Type="16.UIT" ID="6"/>		</AvailStatusMessage>		<AvailStatusMessage>			<StatusApplicationControl RatePlanCode="RACK" InvCode="ROH" Start="2004-05-07"/>			<HurdleRate Amount="437.85" CurrencyCode="USD"/>			<UniqueID Type="16.UIT" ID="7"/>		</AvailStatusMessage>	</AvailStatusMessages></OTA_HotelAvailNotifRQ>