<?xml version="1.0" encoding="UTF-8"?><OTA_AirScheduleRS EchoToken="75657" TimeStamp="2003-03-17T09:30:47-05:00" Target="Production" Version="1.002" SequenceNmbr="1" xmlns="http://www.opentravel.org/OTA/2003/05" xmlns:xsi="http://www.w3.org/2001/XMLSchema-instance" xsi:schemaLocation="http://www.opentravel.org/OTA/2003/05OTA_AirScheduleRS.xsd">	<Success/>	<OriginDestinationOptions>		<OriginDestinationOption>			<FlightSegment DepartureDateTime="2003-12-01T09:00:00" ArrivalDateTime="2003-12-01T10:24:00" StopQuantity="0" FlightNumber="443" OnTimeRate="8" ScheduleValidStartDate="2003-06-15" ScheduleValidEndDate="2003-12-29">				<DepartureAirport LocationCode="DEN"/>				<ArrivalAirport LocationCode="LAX"/>				<Equipment AirEquipType="777">Boeing 777</Equipment>				<MarketingAirline CompanyShortName="United" Code="UA">United Airlines</MarketingAirline>				<MarketingCabin CabinType="Business" RPH="1">					<Meal MealCode="Breakfast"/>				</MarketingCabin>				<DaysOfOperation>					<OperationSchedule>						<OperationTimes>							<OperationTime Mon="1" Tue="1" Weds="1" Thur="1" Fri="1" Sat="1" Sun="1"/>						</OperationTimes>					</OperationSchedule>				</DaysOfOperation>			</FlightSegment>		</OriginDestinationOption>		<OriginDestinationOption>			<FlightSegment DepartureDateTime="2003-12-01T10:50:00" ArrivalDateTime="2003-12-01T12:15:00" StopQuantity="0" FlightNumber="781" OnTimeRate="8" ScheduleValidStartDate="2003-04-01" ScheduleValidEndDate="2004-01-06">				<DepartureAirport LocationCode="DEN"/>				<ArrivalAirport LocationCode="LAX"/>				<Equipment AirEquipType="777">Boeing 777</Equipment>				<MarketingAirline CompanyShortName="United" Code="UA">United Airlines</MarketingAirline>				<MarketingCabin CabinType="Business" RPH="1">					<Meal MealCode="Snack"/>				</MarketingCabin>				<DaysOfOperation>					<OperationSchedule>						<OperationTimes>							<OperationTime Mon="0" Tue="0" Weds="0" Thur="0" Fri="0" Sat="0" Sun="1"/>						</OperationTimes>					</OperationSchedule>				</DaysOfOperation>			</FlightSegment>		</OriginDestinationOption>	</OriginDestinationOptions></OTA_AirScheduleRS>