<?xml version="1.0" encoding="UTF-8"?><OTA_HotelInvCountRQ xmlns="http://www.opentravel.org/OTA/2003/05" xmlns:xsi="http://www.w3.org/2001/XMLSchema-instance" xsi:schemaLocation="http://www.opentravel.org/OTA/2003/05 OTA_HotelInvCountRQ.xsd" EchoToken="String" TimeStamp="2008-12-17T09:30:47" Target="Production" Version="1.000">	<POS>		<Source>			<RequestorID Type="22" ID="SoftBrands"/>			<!--Type (UIT) 22= ERSP-->		</Source>	</POS>	<HotelInvCountRequests>		<HotelInvCountRequest >			<DateRange Start="2009-01-01" End="2009-04-30"/>			<RoomTypeCandidates>							<RoomTypeCandidate RoomTypeCode="DLX" />			</RoomTypeCandidates><HotelRef ChainCode="YY" BrandCode="XX" HotelCode="ABC123"/>		</HotelInvCountRequest>	</HotelInvCountRequests></OTA_HotelInvCountRQ>