<?xml version="1.0" encoding="UTF-8"?><OTA_CruiseCabinHoldRQ xmlns="http://www.opentravel.org/OTA/2003/05" xmlns:xsi="http://www.w3.org/2001/XMLSchema-instance" Version="1.0" Target="Production" TransactionIdentifier="5555" TimeStamp="2006-05-17T09:51:16" xsi:schemaLocation="http://www.opentravel.org/OTA/2003/05 OTA_CruiseCabinHoldRQ.xsd">	<POS>		<Source PseudoCityCode="LAS1S210D">			<RequestorID Type="13" ID="Elleipsis01">			<!--The Type value of 13 indicates this is an Internet Broker ID-->				<CompanyName CompanyShortName="WORLDSPAN" Code="WSPICR"/>			</RequestorID>		</Source>	</POS>	<GuestCounts>		<GuestCount Quantity="2"/>	</GuestCounts>	<SelectedSailing Start="2006-10-01" Duration="P7D" VendorCode="RCC" ShipCode="NV">		<SelectedFare FareCode="BRKF25"/>		<SelectedCategory BerthedCategoryCode="L" PricedCategoryCode="L">			<SelectedCabin CabinNumber="8341" MaxOccupancy="2"/>		</SelectedCategory>	</SelectedSailing>	<Guest>		<GuestTransportation Mode="29">		<!--The TransportationMode value of 29 indicates No Transportation (Cruise Only) -->			<GatewayCity LocationCode="ATL"/>		</GuestTransportation>	</Guest>	<Currency CurrencyCode="USD"/></OTA_CruiseCabinHoldRQ>