<?xml version="1.0" encoding="UTF-8"?><OTA_HotelRoomListRQ xmlns="http://www.opentravel.org/OTA/2003/05" xmlns:xsi="http://www.w3.org/2001/XMLSchema-instance" xsi:schemaLocation="http://www.opentravel.org/OTA/2003/05 OTA_HotelRoomListRQ.xsd" Version="1.001">	<POS>		<Source ISOCurrency="USD"/>	</POS>	<HotelRoomLists>		<!-- CreationDate-Time listed in GMT -->		<HotelRoomList HotelName="Palace Hotel" CreationDate="2008-07-03T17:15:30Z" GroupBlockCode="PH-2008-0123">			<Guests>				<Guest GuestAction="Add" RPH="1">					<PersonName>						<NamePrefix>Mr</NamePrefix>						<GivenName>Jim</GivenName>						<Surname>Falker</Surname>						<NameSuffix>Jr.</NameSuffix>					</PersonName>					<Telephone PhoneNumber="(65) 6516 4308" PhoneTechType="1"/>					<!-- Codelist Phone Tech Type PTT 1 = voice -->					<Telephone PhoneNumber="(65) 6778 5373" PhoneTechType="3"/>					<!-- Codelist Phone Tech Type PTT 3 = fax -->					<Address>						<AddressLine>21 Lower Kent Ridge Road</AddressLine>						<AddressLine>University Hall #UHL-04-45</AddressLine>						<CityName>Singapore</CityName>						<PostalCode>119077</PostalCode>						<CountryName>Singapore</CountryName>					</Address>					<Email EmailType="2">jimfalker01@nus.edu.sg</Email>					<!-- Codelist Email Address Type EAT 2 = business -->					<CompanyName>National University of Singapore</CompanyName>					<Loyalty ProgramCode="American" AccountID="H4301CR9"/>					<GuaranteePayment>						<PaymentCard/>						<MasterAccountUsage SignFoodAndBev="false" BillingType="SignRoomAndTax"/>					</GuaranteePayment>				</Guest>				<Guest GuestAction="Add" RPH="2">					<PersonName>						<NamePrefix>Ms</NamePrefix>						<GivenName>June</GivenName>						<MiddleName>April</MiddleName>						<Surname>Gladstone</Surname>					</PersonName>					<Telephone PhoneNumber="800-203-0192" PhoneTechType="1"/>					<!-- Codelist Phone Tech Type PTT 1 = voice -->					<Telephone PhoneNumber="419-403-8000" PhoneTechType="3"/>					<!-- Codelist Phone Tech Type PTT 3 = fax -->					<Address>						<AddressLine>321 German Way</AddressLine>						<CityName>Memphis</CityName>						<PostalCode>23094</PostalCode>						<StateProv>TN</StateProv>						<CountryName>United States</CountryName>					</Address>					<Email EmailType="2">juneg@hgh.com</Email>					<!-- Codelist Email Address Type EAT 2 = business -->					<CompanyName>Henderson, Glastone,and Howe</CompanyName>					<Loyalty ProgramCode="Hilton" AccountID="FTP910"/>					<GuaranteePayment>						<PaymentCard/>						<MasterAccountUsage SignFoodAndBev="false" BillingType="EachPaysOwn"/>					</GuaranteePayment>				</Guest>				<Guest GuestAction="Add" RPH="1001">					<PersonName>						<GivenName>Jane</GivenName>						<MiddleName>M</MiddleName>						<Surname>Doe</Surname>					</PersonName>				</Guest>				<Guest GuestAction="Add" RPH="3">					<PersonName>						<NamePrefix>Ms</NamePrefix>						<GivenName>Juli</GivenName>						<MiddleName>Finnell</MiddleName>						<Surname>Jones</Surname>					</PersonName>					<Telephone PhoneNumber="703-610-0273" PhoneTechType="1"/>					<!-- Codelist Phone Tech Type PTT 1 = voice -->					<Telephone PhoneNumber="703-610-9005" PhoneTechType="3"/>					<!-- Codelist Phone Tech Type PTT 3 = fax -->					<Address>						<AddressLine>8201 Greensboro Drive</AddressLine>						<AddressLine>Suite 300</AddressLine>						<CityName>McLean</CityName>						<PostalCode>22102</PostalCode>						<StateProv>VA</StateProv>						<CountryName>USA</CountryName>					</Address>					<Email EmailType="2">jjones@conventionindustry.org</Email>					<!-- Codelist Email Address Type EAT 2 = business -->					<CompanyName>CIC</CompanyName>					<Loyalty ProgramCode="Marriott" AccountID="ABC123"/>					<GuaranteePayment>						<PaymentCard/>						<MasterAccountUsage SignFoodAndBev="false" BillingType="EachPaysOwn"/>					</GuaranteePayment>					<AdditionalDetails>						<AdditionalDetail>							<DetailDescription>								<Text>TDD machine in room</Text>							</DetailDescription>						</AdditionalDetail>					</AdditionalDetails>				</Guest>				<Guest GuestAction="Add" RPH="4">					<PersonName>						<NamePrefix>Dr</NamePrefix>						<GivenName>Ann</GivenName>						<MiddleName>B</MiddleName>						<Surname>Peshoff</Surname>					</PersonName>					<Telephone PhoneNumber="867-5309" PhoneTechType="1"/>					<!-- Codelist Phone Tech Type PTT 1 = voice -->					<Telephone PhoneNumber="867-5903" PhoneTechType="3"/>					<!-- Codelist Phone Tech Type PTT 3 = fax -->					<Address>						<AddressLine>867 1st Avenue</AddressLine>						<AddressLine>Apt 5</AddressLine>						<CityName>Vienna</CityName>						<CountryName>Austria</CountryName>					</Address>					<Email EmailType="2">ann.peshoff@yahoo.com</Email>					<!-- Codelist Email Address Type EAT 2 = business -->					<CompanyName>University of Washington</CompanyName>					<Loyalty ProgramCode="Hilton" AccountID="123456abcdef"/>					<GuaranteePayment>						<PaymentCard/>						<MasterAccountUsage SignFoodAndBev="false" BillingType="EachPaysOwn"/>					</GuaranteePayment>					<AdditionalDetails>						<AdditionalDetail>							<DetailDescription>								<Text>arrive early and will need early check-in</Text>							</DetailDescription>						</AdditionalDetail>					</AdditionalDetails>				</Guest>				<Guest GuestAction="Add" RPH="5">					<PersonName>						<NamePrefix>Mr</NamePrefix>						<GivenName>EJ</GivenName>						<Surname>Siwek</Surname>						<NameTitle>CMP</NameTitle>					</PersonName>					<Telephone PhoneNumber="203-207-5454" PhoneTechType="1"/>					<!-- Codelist Phone Tech Type PTT 1 = voice -->					<Telephone PhoneNumber="203-207-9000" PhoneTechType="3"/>					<!-- Codelist Phone Tech Type PTT 3 = fax -->					<Address>						<AddressLine>123 Main Street</AddressLine>						<CityName>Town</CityName>						<PostalCode>12345</PostalCode>						<StateProv>CT</StateProv>						<CountryName>USA</CountryName>					</Address>					<Email EmailType="2">ej@flashpointtech.com</Email>					<!-- Codelist Email Address Type EAT 2 = business -->					<CompanyName>Flashpoint</CompanyName>					<Loyalty ProgramCode="United" AccountID="392011A"/>					<GuaranteePayment>						<PaymentCard/>						<MasterAccountUsage SignFoodAndBev="false" BillingType="EachPaysOwn"/>					</GuaranteePayment>				</Guest>				<Guest GuestAction="Add" RPH="1002">					<PersonName>						<NamePrefix>Ms</NamePrefix>						<GivenName>Cindy</GivenName>						<Surname>Siwek</Surname>					</PersonName>				</Guest>				<Guest GuestAction="Add-Update" RPH="6">					<PersonName>						<NamePrefix>Ms</NamePrefix>						<GivenName>Alice</GivenName>						<MiddleName>W</MiddleName>						<Surname>Henderson</Surname>					</PersonName>					<Telephone PhoneNumber="301-200-1023" PhoneTechType="1"/>					<!-- Codelist Phone Tech Type PTT 1 = voice -->					<Address>						<AddressLine>90 Zebra Down Lane</AddressLine>						<CityName>Boston</CityName>						<PostalCode>20199</PostalCode>						<StateProv>MA</StateProv>						<CountryName>United States</CountryName>					</Address>					<Email EmailType="2">ahend023@thompsonandsons.com</Email>					<!-- Codelist Email Address Type EAT 2 = business -->					<CompanyName>Thompson and Sons Inc</CompanyName>					<GuaranteePayment>						<PaymentCard/>						<MasterAccountUsage SignFoodAndBev="false" BillingType="EachPaysOwn"/>					</GuaranteePayment>				</Guest>				<Guest GuestAction="Add-Update" RPH="7">					<PersonName>						<NamePrefix>Dr</NamePrefix>						<GivenName>Norman</GivenName>						<MiddleName>H</MiddleName>						<Surname>Mailer</Surname>						<NameTitle>PhD</NameTitle>					</PersonName>					<Telephone PhoneNumber="510-405-1234" PhoneTechType="1"/>					<!-- Codelist Phone Tech Type PTT 1 = voice -->					<Telephone PhoneNumber="510-405-3200" PhoneTechType="3"/>					<!-- Codelist Phone Tech Type PTT 3 = fax -->					<Address>						<AddressLine>890 Bancroft Ave</AddressLine>						<CityName>Berkeley</CityName>						<PostalCode>94704</PostalCode>						<StateProv>CA</StateProv>						<CountryName>USA</CountryName>					</Address>					<Email EmailType="2">norm_mal@uc.berkeley.edu</Email>					<!-- Codelist Email Address Type EAT 2 = business -->					<CompanyName>Uinversity of California</CompanyName>					<GuaranteePayment>						<PaymentCard/>						<MasterAccountUsage SignFoodAndBev="true" BillingType="SignAllCharges"/>					</GuaranteePayment>				</Guest>				<Guest GuestAction="Add-Update" RPH="8">					<PersonName>						<NamePrefix>Mrs</NamePrefix>						<GivenName>Kelli</GivenName>						<Surname>Nguyen</Surname>					</PersonName>					<Telephone PhoneNumber="214-340-1020" PhoneTechType="1"/>					<!-- Codelist Phone Tech Type PTT 1 = voice -->					<Telephone PhoneNumber="214-340-1021" PhoneTechType="3"/>					<!-- Codelist Phone Tech Type PTT 3 = fax -->					<Address>						<AddressLine>5830 Aberdeen Ave</AddressLine>						<CityName>Dallas</CityName>						<PostalCode>75100</PostalCode>						<StateProv>TX</StateProv>						<CountryName>United States</CountryName>					</Address>					<Email EmailType="2">kel_nguyen@adcfs.com</Email>					<!-- Codelist Email Address Type EAT 2 = business -->					<CompanyName>ADC Financial Services</CompanyName>					<Loyalty ProgramCode="American" AccountID="J8902P"/>					<GuaranteePayment>						<PaymentCard/>						<MasterAccountUsage SignFoodAndBev="false" BillingType="EachPaysOwn"/>					</GuaranteePayment>				</Guest>				<Guest GuestAction="Add-Update" RPH="1003">					<PersonName>						<NamePrefix>Mrs</NamePrefix>						<GivenName>Sue</GivenName>						<Surname>Nguyen</Surname>					</PersonName>				</Guest>				<Guest GuestAction="Add-Update" RPH="1004">					<PersonName>						<NamePrefix>Mr</NamePrefix>						<GivenName>Paul</GivenName>						<Surname>Nguyen</Surname>					</PersonName>				</Guest>				<Guest GuestAction="Add-Update" RPH="9">					<PersonName>						<NamePrefix>Dr</NamePrefix>						<GivenName>Rison</GivenName>						<MiddleName>Jane</MiddleName>						<Surname>Saul</Surname>						<NameTitle>MD</NameTitle>					</PersonName>					<Telephone PhoneNumber="209-220-1000" PhoneTechType="1"/>					<!-- Codelist Phone Tech Type PTT 1 = voice -->					<Address>						<AddressLine>309 Heatherly Rd</AddressLine>						<AddressLine>Floor 12B</AddressLine>						<CityName>Billings</CityName>						<PostalCode>20991</PostalCode>						<StateProv>MI</StateProv>						<CountryName>United States</CountryName>					</Address>					<Email EmailType="2">drsrison@hthospital.org</Email>					<!-- Codelist Email Address Type EAT 2 = business -->					<CompanyName>Hope Trinity Hospital</CompanyName>					<GuaranteePayment>						<PaymentCard/>						<MasterAccountUsage SignFoodAndBev="true" BillingType="SignAllCharges"/>					</GuaranteePayment>				</Guest>				<Guest GuestAction="Add-Update" RPH="10">					<PersonName>						<NamePrefix>Ms</NamePrefix>						<GivenName>Sara</GivenName>						<MiddleName>Y</MiddleName>						<Surname>Yee</Surname>					</PersonName>					<Telephone PhoneNumber="405-203-1240" PhoneTechType="1"/>					<!-- Codelist Phone Tech Type PTT 1 = voice -->					<Telephone PhoneNumber="405-203-1235" PhoneTechType="3"/>					<!-- Codelist Phone Tech Type PTT 1 = voice -->					<Address>						<AddressLine>1009 Major St.</AddressLine>						<AddressLine>Suite 1003</AddressLine>						<CityName>St. Louis</CityName>						<PostalCode>49001</PostalCode>						<StateProv>MO</StateProv>						<CountryName>USA</CountryName>					</Address>					<Email EmailType="2">sarahyee@yeeman.com</Email>					<!-- Codelist Email Address Type EAT 2 = business -->					<CompanyName>Yeeman.com</CompanyName>					<GuaranteePayment>						<PaymentCard/>						<MasterAccountUsage SignFoodAndBev="true" BillingType="SignAllCharges"/>					</GuaranteePayment>					<AdditionalDetails>						<AdditionalDetail>							<DetailDescription>								<Text>Have wheelchair</Text>							</DetailDescription>						</AdditionalDetail>					</AdditionalDetails>				</Guest>				<Guest GuestAction="Add-Update" RPH="1005">					<PersonName>						<GivenName>Howard</GivenName>						<MiddleName>G</MiddleName>						<Surname>Gerry</Surname>					</PersonName>				</Guest>				<Guest GuestAction="Cancel" RPH="11">					<PersonName>						<NamePrefix>Mr</NamePrefix>						<GivenName>Frank</GivenName>						<Surname>Furton</Surname>					</PersonName>					<Telephone PhoneNumber="420-100-2094" PhoneTechType="1"/>					<!-- Codelist Phone Tech Type PTT 1 = voice -->					<Telephone PhoneNumber="420-100-2095" PhoneTechType="3"/>					<!-- Codelist Phone Tech Type PTT 3 = fax -->					<Address>						<AddressLine>21 Austin Way</AddressLine>						<CityName>Houston</CityName>						<PostalCode>79005</PostalCode>						<StateProv>TX</StateProv>						<CountryName>USA</CountryName>					</Address>					<Email EmailType="2">frankfurt23@geraldstar.com</Email>					<!-- Codelist Email Address Type EAT 2 = business -->					<CompanyName>Gerald Star Homes</CompanyName>					<Loyalty ProgramCode="Marriott" AccountID="DGJ231"/>					<GuaranteePayment>						<PaymentCard/>						<MasterAccountUsage SignFoodAndBev="false" BillingType="SignRoomAndTax"/>					</GuaranteePayment>				</Guest>				<Guest GuestAction="Cancel" RPH="12">					<PersonName>						<NamePrefix>Mr</NamePrefix>						<GivenName>Hank</GivenName>						<MiddleName>A</MiddleName>						<Surname>Johnson</Surname>						<NameSuffix>III</NameSuffix>					</PersonName>					<Telephone PhoneNumber="405-203-1234" PhoneTechType="1"/>					<!-- Codelist Phone Tech Type PTT 1 = voice -->					<Telephone PhoneNumber="405-203-1235" PhoneTechType="3"/>					<!-- Codelist Phone Tech Type PTT 3 = fax -->					<Address>						<AddressLine>1009 Major St.</AddressLine>						<AddressLine>Suite 1003</AddressLine>						<CityName>St. Louis</CityName>						<PostalCode>49001</PostalCode>						<StateProv>MO</StateProv>						<CountryName>USA</CountryName>					</Address>					<Email EmailType="2">hankjohns@yeeman.com</Email>					<!-- Codelist Email Address Type EAT 2 = business -->					<CompanyName>Yeeman.com</CompanyName>					<GuaranteePayment>						<PaymentCard CardCode="VI" CardNumber="4111111111111111" ExpireDate="1108">							<CardHolderName>Hank Johnson</CardHolderName>						</PaymentCard>						<MasterAccountUsage SignFoodAndBev="false" BillingType="EachPaysOwn"/>					</GuaranteePayment>				</Guest>				<Guest GuestAction="Cancel" RPH="13">					<PersonName>						<NamePrefix>Mr</NamePrefix>						<GivenName>Tom</GivenName>						<Surname>Lee</Surname>					</PersonName>					<Telephone PhoneNumber="803-244-9011" PhoneTechType="1"/>					<!-- Codelist Phone Tech Type PTT 1 = voice -->					<Address>						<AddressLine>781 Brookview Rd.</AddressLine>						<CityName>Altanta</CityName>						<PostalCode>29003</PostalCode>						<StateProv>GA</StateProv>						<CountryName>USA</CountryName>					</Address>					<Email EmailType="2">tomlee2@tomleeassoc.com</Email>					<!-- Codelist Email Address Type EAT 2 = business -->					<CompanyName>Tom Lee Associates</CompanyName>					<GuaranteePayment>						<PaymentCard CardCode="AX" CardNumber="345612341234098" ExpireDate="0109">							<CardHolderName>Tom Lee</CardHolderName>						</PaymentCard>						<MasterAccountUsage SignFoodAndBev="false" BillingType="EachPaysOwn"/>					</GuaranteePayment>				</Guest>				<Guest GuestAction="Add" RPH="14">					<PersonName>						<NamePrefix>Col</NamePrefix>						<GivenName>Samuel</GivenName>						<MiddleName>Albert</MiddleName>						<Surname>Lawson</Surname>					</PersonName>					<Telephone PhoneNumber="312-304-2001" PhoneTechType="1"/>					<!-- Codelist Phone Tech Type PTT 1 = voice -->					<Address>						<AddressLine>45 Pennslyvania Ave</AddressLine>						<AddressLine>Ste. 9810</AddressLine>						<CityName>Washington</CityName>						<PostalCode>12093</PostalCode>						<StateProv>DC</StateProv>						<CountryName>USA</CountryName>					</Address>					<Email EmailType="2">lawsons@retired.usmc.mil</Email>					<!-- Codelist Email Address Type EAT 2 = business -->					<CompanyName>USMC (retired)</CompanyName>					<Loyalty ProgramCode="American" AccountID="K1039C3"/>					<GuaranteePayment>						<PaymentCard CardCode="VI" CardNumber="4111111111111111" ExpireDate="1008">							<CardHolderName>Sam Lawson</CardHolderName>						</PaymentCard>						<MasterAccountUsage SignFoodAndBev="false" BillingType="EachPaysOwn"/>					</GuaranteePayment>				</Guest>			</Guests>			<MasterContact>				<PersonName>					<NamePrefix>Mr.</NamePrefix>					<GivenName>Daniel </GivenName>					<MiddleName>J</MiddleName>					<Surname>Notreal</Surname>					<NameSuffix>Jr</NameSuffix>				</PersonName>				<Telephone PhoneTechType="1" PhoneNumber="415-400-0123"/>				<!-- Codelist Phone Tech Type PTT 1 = voice -->				<Telephone PhoneTechType="3" PhoneNumber="415-400-1234"/>				<!-- Codelist Phone Tech Type PTT 3 = fax -->				<Address>					<AddressLine>123 Main St.</AddressLine>					<CityName>San Francisco</CityName>					<PostalCode>94109</PostalCode>					<StateProv>CA</StateProv>				</Address>				<Email EmailType="2">dnotreal@certain123.com</Email>				<!-- Codelist Email Address Type EAT 2 = business -->				<CompanyName>Certain Software</CompanyName>				<EmployeeInfo EmployeeTitle="Account Manager"/>			</MasterContact>			<RoomStays>				<RoomStay RoomStay="Add">					<RoomTypes>						<RoomType RoomTypeCode="Single">							<Amenities>								<Amenity RoomAmenity="86" Quantity="1"/>								<!-- Codelist Room Amenity Type RMA 86 = Queen Bed -->								<Amenity RoomAmenity="74"/>								<!-- Codelist Room Amenity Type RMA 74 = Non-Smoking -->							</Amenities>						</RoomType>					</RoomTypes>					<RoomRates>						<RoomRate RatePlanCode="Attendee">							<Rates>								<Rate>									<Base AmountBeforeTax="269.00"/>								</Rate>							</Rates>						</RoomRate>					</RoomRates>					<TimeSpan Start="2008-10-04" End="2008-10-07" Duration="P3D"/>					<DepositPayments>						<GuaranteePayment>							<AmountPercent Amount="100.00"/>						</GuaranteePayment>					</DepositPayments>					<HotelReservationIDs>						<HotelReservationID ResID_Value="59203" ResID_Type="14" ResID_Source="register123.com" ResGuestRPH="1"/>						<!-- From code table UIT, 14 = reservation -->					</HotelReservationIDs>				</RoomStay>				<RoomStay RoomStay="Add">					<RoomTypes>						<RoomType RoomTypeCode="Double-Double">							<Amenities>								<Amenity RoomAmenity="86" Quantity="2"/>								<!-- Codelist Room Amenity Type RMA 86 = Queen Bed -->								<Amenity RoomAmenity="74"/>								<!-- Codelist Room Amenity Type RMA 74 = Non-Smoking -->							</Amenities>						</RoomType>					</RoomTypes>					<RoomRates>						<RoomRate RatePlanCode="Attendee">							<Rates>								<Rate>									<Base AmountBeforeTax="269.00"/>								</Rate>							</Rates>						</RoomRate>					</RoomRates>					<TimeSpan Start="2008-10-03" End="2008-10-07" Duration="P4D"/>					<DepositPayments>						<GuaranteePayment>							<AmountPercent Amount="100.00"/>						</GuaranteePayment>					</DepositPayments>					<HotelReservationIDs>						<HotelReservationID ResID_Value="59301" ResID_Type="14" ResID_Source="register123.com" ResGuestRPH="2"/>						<!-- From code table UIT, 14 = reservation -->						<!-- In this example, vendor application (register123.com) only issues one confirmation number per room in room-share situations -->					</HotelReservationIDs>					<RoomShares>						<RoomShare>							<GuestRPHs>								<!-- List both Guests in RoomShare, in order to specify separate arrival/departure dates if needed -->								<GuestRPH Start="2008-10-03" End="2008-10-07" Duration="P4D">2</GuestRPH>								<GuestRPH Start="2008-10-05" End="2008-10-07" Duration="P2D">1001</GuestRPH>							</GuestRPHs>						</RoomShare>					</RoomShares>				</RoomStay>				<RoomStay RoomStay="Add">					<RoomTypes>						<RoomType RoomTypeCode="Single">							<Amenities>								<Amenity RoomAmenity="58" Quantity="1"/>								<!-- Codelist Room Amenity Type RMA 58 = King Bed -->								<Amenity RoomAmenity="74"/>								<!-- Codelist Room Amenity Type RMA 74 = Non-Smoking -->								<Amenity RoomAmenity="211"/>								<!-- Codelist Room Amenity Type RMA 211 = VIP rooms -->							</Amenities>						</RoomType>					</RoomTypes>					<RoomRates>						<RoomRate RatePlanCode="Exhibitor">							<Rates>								<Rate>									<Base AmountBeforeTax="299.00"/>								</Rate>							</Rates>						</RoomRate>					</RoomRates>					<TimeSpan Start="2008-10-04" End="2008-10-07" Duration="P3D"/>					<DepositPayments>						<GuaranteePayment>							<AmountPercent Amount="100.00"/>						</GuaranteePayment>					</DepositPayments>					<HotelReservationIDs>						<HotelReservationID ResID_Value="59003" ResID_Type="14" ResID_Source="register123.com" ResGuestRPH="3"/>						<!-- From code table UIT, 14 = reservation -->					</HotelReservationIDs>				</RoomStay>				<RoomStay RoomStay="Add">					<RoomTypes>						<RoomType RoomTypeCode="Single">							<Amenities>								<Amenity RoomAmenity="86" Quantity="1"/>								<!-- Codelist Room Amenity Type RMA 86 = Queen Bed -->								<Amenity RoomAmenity="101"/>								<!-- Codelist Room Amenity Type RMA 101 = Smoking -->								<Amenity RoomAmenity="211"/>								<!-- Codelist Room Amenity Type RMA 211 = VIP rooms -->							</Amenities>						</RoomType>					</RoomTypes>					<RoomRates>						<RoomRate RatePlanCode="Attendee">							<Rates>								<Rate>									<Base AmountBeforeTax="269.00"/>								</Rate>							</Rates>						</RoomRate>					</RoomRates>					<TimeSpan Start="2008-10-05" End="2008-10-07" Duration="P2D"/>					<DepositPayments>						<GuaranteePayment>							<AmountPercent Amount="100.00"/>						</GuaranteePayment>					</DepositPayments>					<HotelReservationIDs>						<HotelReservationID ResID_Value="59131" ResID_Type="14" ResID_Source="register123.com" ResGuestRPH="4"/>						<!-- From code table UIT, 14 = reservation -->					</HotelReservationIDs>				</RoomStay>				<RoomStay RoomStay="Add">					<RoomTypes>						<RoomType RoomTypeCode="Double-Double">							<Amenities>								<Amenity RoomAmenity="86" Quantity="2"/>								<!-- Codelist Room Amenity Type RMA 86 = Queen Bed -->								<Amenity RoomAmenity="74"/>								<!-- Codelist Room Amenity Type RMA 74 = Non-Smoking -->							</Amenities>						</RoomType>					</RoomTypes>					<RoomRates>						<RoomRate RatePlanCode="Exhibitor">							<Rates>								<Rate>									<Base AmountBeforeTax="299.00"/>								</Rate>							</Rates>						</RoomRate>					</RoomRates>					<TimeSpan Start="2008-10-03" End="2008-10-07" Duration="P4D"/>					<DepositPayments>						<GuaranteePayment>							<AmountPercent Amount="200.00"/>						</GuaranteePayment>					</DepositPayments>					<HotelReservationIDs>						<HotelReservationID ResID_Value="59030" ResID_Type="14" ResID_Source="register123.com" ResGuestRPH="5"/>						<!-- From code table UIT, 14 = reservation -->						<!-- In this example, vendor application (register123.com) only issues one confirmation number per room in room-share situations -->					</HotelReservationIDs>					<RoomShares>						<RoomShare>							<GuestRPHs>								<!-- List both Guests in RoomShare, in order to specify separate arrival/departure dates if needed -->								<GuestRPH Start="2008-10-03" End="2008-10-07" Duration="P4D">5</GuestRPH>								<GuestRPH Start="2008-10-05" End="2008-10-07" Duration="P2D">1002</GuestRPH>							</GuestRPHs>						</RoomShare>					</RoomShares>				</RoomStay>				<RoomStay RoomStay="Add-Update">					<RoomTypes>						<RoomType RoomTypeCode="Single">							<Amenities>								<Amenity RoomAmenity="86" Quantity="1"/>								<!-- Codelist Room Amenity Type RMA 86 = Queen Bed -->							</Amenities>						</RoomType>					</RoomTypes>					<RoomRates>						<RoomRate RatePlanCode="Attendee">							<Rates>								<Rate>									<Base AmountBeforeTax="269.00"/>								</Rate>							</Rates>						</RoomRate>					</RoomRates>					<TimeSpan Start="2008-10-04" End="2008-10-07" Duration="P3D"/>					<HotelReservationIDs>						<HotelReservationID ResID_Value="59607" ResID_Type="14" ResID_Source="register123.com" ResGuestRPH="6"/>						<!-- From code table UIT, 14 = reservation -->						<HotelReservationID ResID_Value="SW0006" ResID_Type="14" ResID_Source="starwoodhotels.com" ResGuestRPH="6"/>					</HotelReservationIDs>				</RoomStay>				<RoomStay RoomStay="Add-Update">					<RoomTypes>						<RoomType RoomTypeCode="Single">							<Amenities>								<Amenity RoomAmenity="58" Quantity="1"/>								<!-- Codelist Room Amenity Type RMA 58 = King Bed -->								<Amenity RoomAmenity="74"/>								<!-- Codelist Room Amenity Type RMA 74 = Non-Smoking -->							</Amenities>						</RoomType>					</RoomTypes>					<RoomRates>						<RoomRate RatePlanCode="Staff">							<Rates>								<Rate>									<Base AmountBeforeTax="199.00"/>								</Rate>							</Rates>						</RoomRate>					</RoomRates>					<TimeSpan Start="2008-10-03" End="2008-10-08" Duration="P5D"/>					<DepositPayments>						<GuaranteePayment>							<AmountPercent Amount="100.00"/>						</GuaranteePayment>					</DepositPayments>					<HotelReservationIDs>						<HotelReservationID ResID_Value="59401" ResID_Type="14" ResID_Source="register123.com" ResGuestRPH="7"/>						<!-- From code table UIT, 14 = reservation -->						<HotelReservationID ResID_Value="SW0007" ResID_Type="14" ResID_Source="starwoodhotels.com" ResGuestRPH="7"/>					</HotelReservationIDs>				</RoomStay>				<RoomStay RoomStay="Add-Update">					<RoomTypes>						<RoomType RoomTypeCode="Double-Double">							<Amenities>								<Amenity RoomAmenity="58" Quantity="2"/>								<!-- Codelist Room Amenity Type RMA 58 = King Bed -->								<Amenity RoomAmenity="101"/>								<!-- Codelist Room Amenity Type RMA 101 = Smoking -->							</Amenities>						</RoomType>					</RoomTypes>					<RoomRates>						<RoomRate RatePlanCode="Attendee">							<Rates>								<Rate>									<Base AmountBeforeTax="269.00"/>								</Rate>							</Rates>						</RoomRate>					</RoomRates>					<TimeSpan Start="2008-10-04" End="2008-10-07" Duration="P3D"/>					<HotelReservationIDs>						<HotelReservationID ResID_Value="59554" ResID_Type="14" ResID_Source="register123.com" ResGuestRPH="8"/>						<!-- From code table UIT, 14 = reservation -->						<!-- In this example, vendor application (register123.com) only issues one confirmation number per room in room-share situations -->						<HotelReservationID ResID_Value="SW0008" ResID_Type="14" ResID_Source="starwoodhotels.com" ResGuestRPH="8"/>						<HotelReservationID ResID_Value="SW0008-2" ResID_Type="14" ResID_Source="starwoodhotels.com" ResGuestRPH="1003"/>						<HotelReservationID ResID_Value="SW0008-3" ResID_Type="14" ResID_Source="starwoodhotels.com" ResGuestRPH="1004"/>						<!-- In this example, partner (starwoodhotels.com) issues separate confirmation numbers per guest in room-share situations -->					</HotelReservationIDs>					<RoomShares>						<RoomShare>							<GuestRPHs>								<!-- List all Guests in RoomShare, in order to specify separate arrival/departure dates if needed -->								<GuestRPH Start="2008-10-04" End="2008-10-07" Duration="P3D">8</GuestRPH>								<GuestRPH Start="2008-10-04" End="2008-10-07" Duration="P3D">1003</GuestRPH>								<GuestRPH Start="2008-10-04" End="2008-10-07" Duration="P3D">1004</GuestRPH>							</GuestRPHs>						</RoomShare>					</RoomShares>				</RoomStay>				<RoomStay RoomStay="Add-Update">					<RoomTypes>						<RoomType RoomTypeCode="Single">							<Amenities>								<Amenity RoomAmenity="86" Quantity="1"/>								<!-- Codelist Room Amenity Type RMA 86 = Queen Bed -->								<Amenity RoomAmenity="74"/>								<!-- Codelist Room Amenity Type RMA 74 = Non-Smoking -->								<Amenity RoomAmenity="211"/>								<!-- Codelist Room Amenity Type RMA 211 = VIP rooms -->							</Amenities>						</RoomType>					</RoomTypes>					<RoomRates>						<RoomRate RatePlanCode="Staff">							<Rates>								<Rate>									<Base AmountBeforeTax="199.00"/>								</Rate>							</Rates>						</RoomRate>					</RoomRates>					<TimeSpan Start="2008-10-03" End="2008-10-08" Duration="P5D"/>					<HotelReservationIDs>						<HotelReservationID ResID_Value="61229" ResID_Type="14" ResID_Source="register123.com" ResGuestRPH="9"/>						<!-- From code table UIT, 14 = reservation -->						<HotelReservationID ResID_Value="SW009" ResID_Type="14" ResID_Source="starwoodhotels.com" ResGuestRPH="9"/>					</HotelReservationIDs>				</RoomStay>				<RoomStay RoomStay="Add-Update">					<RoomTypes>						<RoomType RoomTypeCode="Double-Double">							<Amenities>								<Amenity RoomAmenity="86" Quantity="2"/>								<!-- Codelist Room Amenity Type RMA 86 = Queen Bed -->								<Amenity RoomAmenity="74"/>								<!-- Codelist Room Amenity Type RMA 74 = Non-Smoking -->							</Amenities>						</RoomType>					</RoomTypes>					<RoomRates>						<RoomRate RatePlanCode="Staff">							<Rates>								<Rate>									<Base AmountBeforeTax="199.00"/>								</Rate>							</Rates>						</RoomRate>					</RoomRates>					<TimeSpan Start="2008-10-05" End="2008-10-07" Duration="P2D"/>					<DepositPayments>						<GuaranteePayment>							<AmountPercent Amount="100.00"/>						</GuaranteePayment>					</DepositPayments>					<HotelReservationIDs>						<HotelReservationID ResID_Value="61226" ResID_Type="14" ResID_Source="register123.com" ResGuestRPH="10"/>						<!-- From code table UIT, 14 = reservation -->						<!-- In this example, vendor application (register123.com) only issues one confirmation number per room in room-share situations -->						<HotelReservationID ResID_Value="SW0010" ResID_Type="14" ResID_Source="starwoodhotels.com" ResGuestRPH="10"/>						<HotelReservationID ResID_Value="SW0010-2" ResID_Type="14" ResID_Source="starwoodhotels.com" ResGuestRPH="1005"/>						<!-- In this example, partner (starwoodhotels.com) issues separate confirmation numbers per guest in room-share situations -->					</HotelReservationIDs>					<RoomShares>						<RoomShare>							<GuestRPHs>								<!-- List all Guests in RoomShare, in order to specify separate arrival/departure dates if needed -->								<GuestRPH Start="2008-10-05" End="2008-10-07" Duration="P2D">10</GuestRPH>								<GuestRPH Start="2008-10-05" End="2008-10-06" Duration="P1D">1005</GuestRPH>							</GuestRPHs>						</RoomShare>					</RoomShares>				</RoomStay>				<RoomStay RoomStay="Cancel">					<RoomTypes>						<RoomType RoomTypeCode="Single">							<Amenities>								<Amenity RoomAmenity="86" Quantity="1"/>								<!-- Codelist Room Amenity Type RMA 86 = Queen Bed -->							</Amenities>						</RoomType>					</RoomTypes>					<RoomRates>						<RoomRate RatePlanCode="Attendee">							<Rates>								<Rate>									<Base AmountBeforeTax="269.00"/>								</Rate>							</Rates>						</RoomRate>					</RoomRates>					<TimeSpan Start="2008-10-04" End="2008-10-07" Duration="P3D"/>					<DepositPayments>						<GuaranteePayment>							<AmountPercent Amount="100.00"/>						</GuaranteePayment>					</DepositPayments>					<HotelReservationIDs>						<HotelReservationID ResID_Value="63002" ResID_Type="14" ResID_Source="register123.com" ResGuestRPH="11"/>						<!-- From code table UIT, 14 = reservation -->						<HotelReservationID ResID_Value="SW00011" ResID_Type="14" ResID_Source="starwoodhotels.com" ResGuestRPH="11"/>					</HotelReservationIDs>				</RoomStay>				<RoomStay RoomStay="Cancel">					<RoomTypes>						<RoomType RoomTypeCode="Single">							<Amenities>								<Amenity RoomAmenity="58" Quantity="1"/>								<!-- Codelist Room Amenity Type RMA 58 = King Bed -->								<Amenity RoomAmenity="74"/>								<!-- Codelist Room Amenity Type RMA 74 = Non-Smoking -->							</Amenities>						</RoomType>					</RoomTypes>					<RoomRates>						<RoomRate RatePlanCode="Attendee">							<Rates>								<Rate>									<Base AmountBeforeTax="269.00"/>								</Rate>							</Rates>						</RoomRate>					</RoomRates>					<TimeSpan Start="2008-10-04" End="2008-10-07" Duration="P3D"/>					<HotelReservationIDs>						<HotelReservationID ResID_Value="60573" ResID_Type="14" ResID_Source="register123.com" ResGuestRPH="12"/>						<!-- From code table UIT, 14 = reservation -->						<HotelReservationID ResID_Value="SW00012" ResID_Type="14" ResID_Source="starwoodhotels.com" ResGuestRPH="12"/>					</HotelReservationIDs>				</RoomStay>				<RoomStay RoomStay="Cancel">					<RoomTypes>						<RoomType RoomTypeCode="Single">							<Amenities>								<Amenity RoomAmenity="58" Quantity="1"/>								<!-- Codelist Room Amenity Type RMA 58 = King Bed -->								<Amenity RoomAmenity="101"/>								<!-- Codelist Room Amenity Type RMA 101 = Smoking -->							</Amenities>						</RoomType>					</RoomTypes>					<RoomRates>						<RoomRate RatePlanCode="Attendee">							<Rates>								<Rate>									<Base AmountBeforeTax="269.00"/>								</Rate>							</Rates>						</RoomRate>					</RoomRates>					<TimeSpan Start="2008-10-03" End="2008-10-08" Duration="P5D"/>					<HotelReservationIDs>						<HotelReservationID ResID_Value="59712" ResID_Type="14" ResID_Source="register123.com" ResGuestRPH="13"/>						<!-- From code table UIT, 14 = reservation -->						<HotelReservationID ResID_Value="SW00013" ResID_Type="14" ResID_Source="starwoodhotels.com" ResGuestRPH="13"/>					</HotelReservationIDs>				</RoomStay>				<!-- Typically, use add/cancel.  Only use Replace if past cut-off date and hotel is full. -->				<RoomStay RoomStay="Cancel">					<RoomTypes>						<RoomType RoomTypeCode="Single">							<Amenities>								<Amenity RoomAmenity="58" Quantity="1"/>								<!-- Codelist Room Amenity Type RMA 58 = King Bed -->								<Amenity RoomAmenity="74"/>								<!-- Codelist Room Amenity Type RMA 74 = Non-Smoking -->							</Amenities>						</RoomType>					</RoomTypes>					<RoomRates>						<RoomRate RatePlanCode="Attendee">							<Rates>								<Rate>									<Base AmountBeforeTax="269.00"/>								</Rate>							</Rates>						</RoomRate>					</RoomRates>					<TimeSpan Start="2008-10-04" End="2008-10-07" Duration="P3D"/>					<DepositPayments>						<GuaranteePayment>							<AmountPercent Amount="100.00"/>						</GuaranteePayment>					</DepositPayments>					<HotelReservationIDs>						<HotelReservationID ResID_Value="61223" ResID_Type="14" ResID_Source="register123.com" ResGuestRPH="14"/>						<!-- From code table UIT, 14 = reservation -->						<HotelReservationID ResID_Value="SW00014" ResID_Type="14" ResID_Source="starwoodhotels.com" ResGuestRPH="14"/>					</HotelReservationIDs>				</RoomStay>			</RoomStays>			<Event MeetingName="Annual User Conference" Start="2008-10-03" End="2008-10-08">				<EventContact>					<CompanyName CompanyShortName="Certain Software"/>				</EventContact>			</Event>		</HotelRoomList>	</HotelRoomLists></OTA_HotelRoomListRQ>