<?xml version="1.0" encoding="UTF-8"?><!-- OPENTRAVEL SAMPLE INSTANCE --><!-- USE CASE SCENARIO: A travel agent has requested an itinerary for a customer . This response message indicates that the travelers itinerary has been located, and that the travel has a departure flight with a connecting flight, a rental car, a hotel reservation, a cruise, a day tour and a return flight with a connecting flight.  --><OTA_TravelItineraryRS xmlns="http://www.opentravel.org/OTA/2003/05" TimeStamp="2010-08-21T11:44:00" PrimaryLangID="en" Version="2.001" xmlns:xsi="http://www.w3.org/2001/XMLSchema-instance" xsi:schemaLocation="http://www.opentravel.org/OTA/2003/05OTA_TravelItineraryRS.xsd">	<!-- The presence of this element indicates the message was processed successfully by the receiving system -->	<Success/>		<!-- Requested itinerary information. -->	<TravelItinerary>			<!-- Controlling system's reference to this itinerary. -->		<ItineraryRef Type="14" ID="M839LW"/>		<!-- Unique ID Type of 14 is "Reservation" - See OpenTravel Code List Unique ID Type (UIT). -->				<!-- Information for all customers associated with this itinerary. -->		<CustomerInfos>			<CustomerInfo RPH="01">				<Customer>					<PersonName>						<NamePrefix>Mr.</NamePrefix>						<GivenName>Robert</GivenName>						<MiddleName>Anthony</MiddleName>						<Surname>Jones</Surname>					</PersonName>					<Telephone PhoneNumber="2241630" AreaCityCode="302" Extension="5574"/>					<Email>rajones@somewhere.org</Email>					<Address FormattedInd="true">						<StreetNmbr PO_Box="P.O. Box 77">1452 S. 13th St. N.W.</StreetNmbr>						<CityName>Westfinster</CityName>						<PostalCode>90210</PostalCode>						<StateProv>NY</StateProv>						<CountryName>US</CountryName>					</Address>				</Customer>				<AgencyAcctNumber Type="5" ID="UOTWT0122321"/>			</CustomerInfo>		</CustomerInfos>				<!-- Itinerary reservation information. -->		<ItineraryInfo>			<!-- Additional contact information eg. travel agency. -->			<ContactInfo>									<PersonName>						<NamePrefix>Ms</NamePrefix>						<GivenName>Jane</GivenName>						<Surname>Smith</Surname>					</PersonName>					<Telephone PhoneNumber="2241999" AreaCityCode="302" Extension="31"/>					<Address FormattedInd="true">						<StreetNmbr >100 Main Street</StreetNmbr>						<CityName>Westfinster</CityName>						<PostalCode>90210</PostalCode>						<StateProv>NY</StateProv>						<CountryName>US</CountryName>					</Address>					<Email>info@abctravelco.com</Email>					<CompanyName>ABC TRAVEL COMPANY</CompanyName>			</ContactInfo>						<!-- Itinerary reservation items (e.g. Car, Hotel, Air, Cruise, Rail, Tour, Package). -->			<ReservationItems ChronoOrdered="true">			<!-- ChronoOrdered: If TRUE, indicates items are in chronological order. If FALSE, indicates items are not in chronological order. -->							<!-- A single reservation item (e.g. Hotel, Car, Air, Package). -->				<!-- AIR ITINERARY -->				<Item RPH="01" ItinSeqNumber="01">					<Air>					<Reservation DepartureDateTime="2010-11-10T08:00:00" FlightNumber="942" ResBookDesigCode="Y">						<DepartureAirport LocationCode="DEN"/>						<ArrivalAirport LocationCode="ORD"/>						<MarketingAirline>UA</MarketingAirline>						<Seats>							<Seat Number="07A" Characteristic="Window" CustomerRPH="01"/>						</Seats>					</Reservation>					</Air>				</Item>								<!-- AIR ITINERARY -->				<Item RPH="02" ItinSeqNumber="02">					<Air>					<Reservation DepartureDateTime="2010-11-03T13:00:00" FlightNumber="3545" ResBookDesigCode="Y">						<DepartureAirport LocationCode="ORD"/>						<ArrivalAirport LocationCode="YUL"/>						<OperatingAirline>AC</OperatingAirline>						<MarketingAirline>UA</MarketingAirline>						<Seats>							<Seat Number="08B" Characteristic="Aisle" CustomerRPH="01"/>						</Seats>					</Reservation>					</Air>				</Item>								<!-- VEHICLE RENTAL ITINERARY -->				<Item RPH="03" ItinSeqNumber="03">					<Vehicle>						<ConfID Type="14" ID="02138525448412"/>						<VehRentalCore PickUpDateTime="2010-11-10T15:30:00" ReturnDateTime="2003-03-10T06:00:00">							<PickUpLocation LocationCode="YUL">Montreal Dorval Airport</PickUpLocation>							<ReturnLocation LocationCode="YUL">Montreal Dorval Airport</ReturnLocation>						</VehRentalCore>						<Vehicle AirConditionInd="true" TransmissionType="Automatic">							<VehType VehicleCategory="CAR" DoorCount="4"/>							<VehClass Size="FUL"/>							<VehMakeModel Name="Ford Taurus"/>						</Vehicle>						<RentalRate>							<RateDistance Unlimited="true" DistUnitName="Mile" VehiclePeriodUnitName="Week"/>						</RentalRate>						<TotalCharge RateTotalAmount="345.00" CurrencyCode="CAD"/>					</Vehicle>				</Item>								<!-- HOTEL ITINERARY -->				<Item RPH="04" ItinSeqNumber="04">					<Hotel>						<Reservation>							<RoomTypes>								<RoomType RoomTypeCode="KNGSTE" NumberOfUnits="1"/>							</RoomTypes>							<RoomRates>								<RoomRate>									<Rates>										<Rate AgeQualifyingCode="10" MinAge="18" EffectiveDate="2010-11-10" ExpireDate="2010-11-18">											<Base AmountAfterTax="1495.00" CurrencyCode="CAD"/>										</Rate>									</Rates>								</RoomRate>							</RoomRates>							<GuestCounts>								<GuestCount AgeQualifyingCode="10" Count="1"/>							</GuestCounts>							<TimeSpan Start="2010-11-10" End="2010-11-18"/>							<BasicPropertyInfo ChainCode="HH" HotelCityCode="YUL" HotelName="Hilton Bonaventure"/>						</Reservation>					</Hotel>				</Item>			<!-- CRUISE ITINERARY -->			<Item RPH="05" ItinSeqNumber="05">				<Cruise>					<TPA_Extensions>						<ReservationID Type="14" ID="12272778"/>						<!--Type 14 indicates reservation ID -->						<SailingInfo>							<SelectedSailing VoyageID="570329" Start="2010-11-15" Duration="P2D" Status="36">							<CruiseLine VendorCode="NCL" VendorName="NORWEGIAN CRUISE LINE" ShipCode="DA" ShipName="Norwegian Dawn"/>							</SelectedSailing>						</SailingInfo>						<PolicyInfo>							<Text>NCL Consumer Advice: FOR EMBARKATION/RE-ENTRY INTO THE US: US/CANADIAN MUST CARRY DOCUMENTARY PROOF OF CITIZENSHIP. REQUIREMENTS VARY AND GUESTS ARE RESPONSIBLE FOR VERIFYING THEIR REQUIREMENTS. OTHERS MUST CARRY VALID PASSPORTS AND VERIFY THEIR VISA REQUIREMENTS FOR EACH DESTINATION. GUESTS WITHOUT PROPER DOCUMENTATION WILL NOT BE ABLE TO BOARD. TERMS AND CONDITIONS ARE IN THE NCL BROCHURES AND ARE ALSO AT http://www.ncl.com</Text>						</PolicyInfo>					</TPA_Extensions>				</Cruise>			</Item>				<!-- TOUR ITINERARY -->				<Item RPH="06" ItinSeqNumber="06">					<Tour Start="2010-11-16" Duration="PT6H">						<Description>6 Hour hiking tour in a scenic Canadien park.</Description>					</Tour>				</Item>								<!-- AIR ITINERARY -->				<Item RPH="07" ItinSeqNumber="07">					<Air>					<Reservation DepartureDateTime="2010-11-18T08:00:00" FlightNumber="5568">						<DepartureAirport LocationCode="YUL"/>						<ArrivalAirport LocationCode="BOS"/>						<OperatingAirline>AC</OperatingAirline>						<MarketingAirline>UA</MarketingAirline>						<Seats>							<Seat Number="3D" Characteristic="Window" CustomerRPH="01"/>						</Seats>					</Reservation>					</Air>				</Item>				<!-- AIR ITINERARY -->				<Item RPH="08" ItinSeqNumber="08">					<Air>					<Reservation DepartureDateTime="2010-11-18T10:30:00" FlightNumber="5542">						<DepartureAirport LocationCode="ORD"/>						<ArrivalAirport LocationCode="DEN"/>						<MarketingAirline>UA</MarketingAirline>						<Seats>							<Seat CustomerRPH="01" Number="23B"/>						</Seats>					</Reservation>					</Air>				</Item>							</ReservationItems>						<!-- Air reservation ticket information. -->			<Ticketing TicketType="eTicket" eTicketNumber="30465876954325" PlatingCarrier="UAL"/>			<ItineraryPricing ItemRPH_List="01 02 03 04">				<Cost AmountAfterTax="745.00" CurrencyCode="USD"/>			</ItineraryPricing>						<!-- Remarks, OSIs, Seat Requests etc.  -->			<SpecialRequestDetails>				<SpecialServiceRequests>					<SpecialServiceRequest FlightRefNumberRPHList="01" TravelerRefNumberRPHList="01" SSRCode="VGML">						<Airline Code="UA">United Airlines</Airline>					</SpecialServiceRequest>				</SpecialServiceRequests>			</SpecialRequestDetails>		</ItineraryInfo>				<!-- Total cost associated with the entire itinerary. -->		<TravelCost>			<FormOfPayment>				<PaymentCard CardNumber="3151002645983754" ExpireDate="1215" CardType="MC">					<CardHolderName>ROBERT A. JONES</CardHolderName>				</PaymentCard>			</FormOfPayment>			<CostTotals AmountAfterTax="6957.92" CurrencyCode="USD"/>		</TravelCost>				<!-- Information on the last entity to modify this Itinerary and when this occurred. -->		<UpdatedBy>			<Access ID="U09932147"/>		</UpdatedBy>			</TravelItinerary></OTA_TravelItineraryRS>