<?xml version="1.0" encoding="UTF-8"?><OTA_AirCheckInRS xmlns="http://www.opentravel.org/OTA/2003/05" xmlns:xsi="http://www.w3.org/2001/XMLSchema-instance" xsi:schemaLocation="http://www.opentravel.org/OTA/2003/05 OTA_AirCheckInRS.xsd" TimeStamp="2006-09-18T09:30:47.0Z" Version="1.0" Target="Production" PrimaryLangID="en-us">	<Success/>	<AirCheckInInfo>		<POS>			<Source AirportCode="LAX" ERSP_UserID="U123456" TerminalID="B2C103" ISOCountry="US" FirstDepartPoint="LAX" AgentDutyCode="CS" AirlineVendorID="UA"/>		</POS>		<MessageFunction Function="SelectCheckInSegments"/>		<MessageFunction Function="SelectPassengersToCheckIn"/>		<MessageFunction Function="IssueBoardingPass"/>		<MessageFunction Function="AssignSeat"/>		<MessageFunction Function="VolunteerForDeniedBoarding"/>		<FlightInfo CabinName="United First" CabinType="First" RPH="1">			<CarrierInfo Code="UA" FlightNumber="899" CompanyShortName="United Airlines" MarketingInd="false"/>			<DepartureInformation Terminal="A" LocationName="Los Angeles International" LocationCode="LAX" JulianDateOfDeparture="001" ScheduledDepartureTime="14:20:00.0Z" Gate="A1" BoardingDateTime="2006-01-01T13:45:00.0Z" DateOfDeparture="2006-01-01"/>			<ArrivalInformation Terminal="1" LocationName="Narita" LocationCode="NRT" DateChangeIdentifier="+1" ScheduledArrivalTime="13:30:00.0Z" Gate="12" DateOfArrival="2006-01-02"/>		</FlightInfo>		<PassengerInfo RPH="1">			<PassengerName>				<NamePrefix>Mr</NamePrefix>				<GivenName>Joe</GivenName>				<Surname>Traveler</Surname>			</PassengerName>			<TicketingInfo FormAndSerialNumber="1324534618" AirlineAccountingCode="016">				<CouponInfo PaperTicketInd="false" FlightRPH="1" CouponNumber="1"/>			</TicketingInfo>		</PassengerInfo>		<PassengerFlightInfo FlightRPH="1" PassengerRPH="1" DeniedBoardingVolunteerInd="true" DCS_PassengerRefNumber="123">			<SeatBoardingInfo SeatNumber="4A"/>			<API_Info DocIssueCountry="US" BirthLocation="Los Angeles, CA" InfantInd="false" DocHolderNationality="US" DocIssueStateProv="CA" ExpireDate="2007-08-13" EffectiveDate="1997-08-13" BirthDate="1968-09-01" Gender="Male" DocID="8117266358" API_InfoSource="OCR" BirthCountry="US" DocType="2">				<!-- Doc Type -->				<DocHolderName>Joe Traveler</DocHolderName>				<Address Type="4">					<AddressLine>4-11, Higashi-shinagawa 2 chome Shinagawa-Ku, Tokyo 140-8637 Japan </AddressLine>				</Address>				<!-- Address Type -->			</API_Info>			<InternationalProcessingInfo DocumentVerifiedInd="true"/>			<FrequentTravelerInfo MembershipID="17364393476" ProgramID="UA" LoyalLevel="Premier"/>		</PassengerFlightInfo>	</AirCheckInInfo></OTA_AirCheckInRS>