<?xml version="1.0" encoding="UTF-8"?><OTA_AirDemandTicketRQ xmlns="http://www.opentravel.org/OTA/2003/05" xmlns:xsi="http://www.w3.org/2001/XMLSchema-instance" xsi:schemaLocation="http://www.opentravel.org/OTA/2003/05 OTA_AirDemandTicketRQ.xsd" EchoToken="223344" TimeStamp="2006-09-15T10:30:33-06:00" Target="Production" Version="1.000" SequenceNmbr="1">	<DemandTicketDetail>		<MessageFunction Function="ET"/>		<BookingReferenceID Type="14" ID="A45D1">			<!-- Type 14=Reservation  -->			<CompanyName Code="XS"/>		</BookingReferenceID>		<PaymentInfo PaymentType="5" PassengerRPH="1 2">			<!-- PaymentType 5=Credit card  -->			<CreditCardInfo CardType="1" CardCode="AX" CardNumber="43390309420493031" SeriesCode="4823" EffectiveDate="0707">				<!-- CardType 1=Credit  -->				<CardHolderName>Ms. Mable Marchbanks</CardHolderName>			</CreditCardInfo>				</PaymentInfo>		<PassengerName RPH="1">			<NamePrefix>Ms.</NamePrefix>			<GivenName>Mable</GivenName>			<Surname>Marchbanks</Surname>		</PassengerName>		<PassengerName RPH="2">			<NamePrefix>Ms.</NamePrefix>			<GivenName>Tasha</GivenName>			<Surname>Jones</Surname>		</PassengerName>	</DemandTicketDetail></OTA_AirDemandTicketRQ>