<?xml version="1.0" encoding="UTF-8"?><OTA_PkgExtrasInfoRQ xmlns="http://www.opentravel.org/OTA/2003/05" xmlns:xsi="http://www.w3.org/2001/XMLSchema-instance" xsi:schemaLocation="http://www.opentravel.org/OTA/2003/05 OTA_PkgExtrasInfoRQ.xsd" Target="Production" Version="1.000">	<POS>		<Source AgentSine="ABC" AgentDutyCode="49682">			<RequestorID Type="4" ID="01253">			</RequestorID>		</Source>	</POS>	<PackageRequest ID="K09104" TravelCode="42213" TourCode="MINAMA">		<DateRange Start="2005-06-20" Duration="P7N"/>	</PackageRequest>	<PassengerListItems>		<PassengerListItem Code="10" Quantity="2"/>		<PassengerListItem Code="8" Quantity="1" Age="5"/>	</PassengerListItems></OTA_PkgExtrasInfoRQ>