<?xml version="1.0" encoding="UTF-8"?><!-- OPENTRAVEL SAMPLE INSTANCE --><!-- USE CASE SCENARIO: Request Cache Update Info for Specified Hotel Codes. --><!-- USE CASE DETAILS: The transaction was processed successfully by the hotel supplier and the response message includes hotel codes with rates and availability data that require updated rates and availability data in the travel agency trading partner cache for a designated date change mask. --><OTA_HotelInvChangeRS xmlns="http://www.opentravel.org/OTA/2003/05" xmlns:xsi="http://www.w3.org/2001/XMLSchema-instance" xsi:schemaLocation="http://www.opentravel.org/OTA/2003/05 OTA_HotelInvChangeRS.xsd" EchoToken="12345" TimeStamp="2010-07-17T09:30:47" Target="Production" Version="1.000" PrimaryLangID="en-us">	<!-- The presence of this element indicates the message was processed successfully by the receiving system. -->	<Success/>		<!-- Cached hotel inventory data that needs to be updated by hotel code. -->	<!-- HOTEL CODE LONST -->	<!-- July 7 to 31 with day of the month change mask  -->	<CacheChangeInfo HotelCode="LONST">		<TimeSpan Start="2010-07-07" End="2010-07-31" ChangeDateMask="0000001111110011010101011110100" /> 	</CacheChangeInfo>	<!-- August 1 to 31 with day of the month change mask  -->	<CacheChangeInfo HotelCode="LONST">		<TimeSpan Start="2010-08-01" End="2010-08-31" ChangeDateMask="1000111111110011010101011110111" /> 	</CacheChangeInfo>	<!-- September 1 to 30 with day of the month change mask  -->	<CacheChangeInfo HotelCode="LONST">		<TimeSpan Start="2010-09-01" End="2010-09-30" ChangeDateMask="111111110000001101010101111010" /> 	</CacheChangeInfo>		<!-- HOTEL CODE LONSU -->	<!-- July 7 to 31 with day of the month change mask  -->	<CacheChangeInfo HotelCode="LONSU">		<TimeSpan Start="2010-07-07" End="2010-07-31" ChangeDateMask="0000000000010000010101010000100" /> 	</CacheChangeInfo>	<!-- August 1 to 31 with day of the month change mask  -->	<CacheChangeInfo HotelCode="LONSU">		<TimeSpan Start="2010-08-01" End="2010-08-31" ChangeDateMask="1000110000110011010101000000000" /> 	</CacheChangeInfo>	<!-- HOTEL CODE LONHB -->	<!-- July 7 to 31 with day of the month change mask  -->	<CacheChangeInfo HotelCode="LONHB">		<TimeSpan Start="2010-07-07" End="2010-07-31" ChangeDateMask="0000001111110011010101011110100" /> 	</CacheChangeInfo>	<!-- August 1 to 31 with day of the month change mask  -->	<CacheChangeInfo HotelCode="LONHB">		<TimeSpan Start="2010-08-01" End="2010-08-31" ChangeDateMask="1111111111110011010101011110111" /> 	</CacheChangeInfo>	<!-- September 1 to 30 with day of the month change mask  -->	<CacheChangeInfo HotelCode="LONHB">		<TimeSpan Start="2010-09-01" End="2010-09-30" ChangeDateMask="000001110000001101010101111010" /> 	</CacheChangeInfo>	</OTA_HotelInvChangeRS>