<?xml version="1.0" encoding="UTF-8"?><OTA_AirDemandTicketRQ xmlns="http://www.opentravel.org/OTA/2003/05" xmlns:xsi="http://www.w3.org/2001/XMLSchema-instance" xsi:schemaLocation="http://www.opentravel.org/OTA/2003/05 OTA_AirDemandTicketRQ.xsd" EchoToken="3284920" TimeStamp="2006-09-13T09:30:47-05:00" Target="Production" Version="1.000" SequenceNmbr="1">	<DemandTicketDetail CompanyShortName="Book Your Travel Now" BulkTicketInd="false" TravelPurposeCode="2">		<MessageFunction Function="ET"/>		<BookingReferenceID Type="14" ID="9Q2B84">			<CompanyName Code="1P"/>		</BookingReferenceID>		<PaymentInfo PaymentType="5">			<CreditCardInfo CardType="1" CardCode="AX" CardNumber="234599980065432" SeriesCode="1234" ExpireDate="0707" CardPresentInd="true"/>		</PaymentInfo>		<Endorsement Info="This ticket is nonrefundable"/>		<Commission Percent="5" CapAmount="35.00"/>		<PassengerNameReference SurnameRefNumber="1" GivenNameRefNumber="1"/>				<PassengerNameReference SurnameRefNumber="1" GivenNameRefNumber="3"/><FlightReference FlightRefNumber="1" RangePosition="First"/>	<FlightReference FlightRefNumber="3" RangePosition="Last"/></DemandTicketDetail></OTA_AirDemandTicketRQ>