<?xml version="1.0" encoding="UTF-8"?><OTA_HotelResModifyRQ EchoToken="592" TimeStamp="2003-03-11T17:54:00-08:00" Target="Production" Version="1.002" PrimaryLangID="en-us" xmlns="http://www.opentravel.org/OTA/2003/05" xmlns:xsi="http://www.w3.org/2001/XMLSchema-instance" xsi:schemaLocation="http://www.opentravel.org/OTA/2003/05OTA_HotelResModifyRQ.xsd">	<POS>		<Source>			<RequestorID Type="18" ID="Expedia.com"/>			<BookingChannel Type="2" Primary="true">				<CompanyName>Expedia</CompanyName>			</BookingChannel>		</Source>	</POS>	<HotelResModifies>		<HotelResModify RoomStayReservation="true" CreateDateTime="2003-03-11T17:29:00-08:00" CreatorID="Expedia">			<UniqueID Type="14" ID="1312"/>			<RoomStays>				<RoomStay>					<RoomTypes>						<RoomType RoomTypeCode="A1K" IsRoom="true"/>					</RoomTypes>					<RatePlans>						<RatePlan RatePlanCode="RAC" EffectiveDate="2003-06-04" ExpireDate="2003-06-09"/>					</RatePlans>					<RoomRates>						<RoomRate EffectiveDate="2003-06-04" ExpireDate="2003-06-09" RoomTypeCode="A1K" NumberOfUnits="1" RatePlanCode="RAC">							<Rates>								<Rate EffectiveDate="2003-06-04" ExpireDate="2003-06-06" RateTimeUnit="Day" UnitMultiplier="2">									<Base AmountBeforeTax="110" CurrencyCode="USD"/>								</Rate>								<Rate EffectiveDate="2003-06-06" ExpireDate="2003-06-07" RateTimeUnit="Day" UnitMultiplier="1">									<Base AmountBeforeTax="180" CurrencyCode="USD"/>								</Rate>								<Rate EffectiveDate="2003-06-07" ExpireDate="2003-06-09" RateTimeUnit="Day" UnitMultiplier="2">									<Base AmountBeforeTax="100" CurrencyCode="USD"/>								</Rate>							</Rates>						</RoomRate>					</RoomRates>					<GuestCounts IsPerRoom="true">						<GuestCount AgeQualifyingCode="10" Count="1"/>					</GuestCounts>					<TimeSpan Start="2003-06-04" End="2003-06-09"/>					<Total AmountAfterTax="550" CurrencyCode="USD">						<Taxes Amount="50" CurrencyCode="usd">							<Tax Type="Exclusive" Code="8" Amount="50" CurrencyCode="USD"/>						</Taxes>					</Total>					<BasicPropertyInfo ChainCode="HX" BrandCode="DT" HotelCode="AXY772"/>					<ResGuestRPHs>						<ResGuestRPH RPH="1"/>					</ResGuestRPHs>					<SpecialRequests>						<SpecialRequest Language="en-us" RequestCode="1.14">							<Text Formatted="false" Language="en-us">1 king</Text>						</SpecialRequest>						<SpecialRequest Language="en-us" RequestCode="2.1">							<Text Formatted="false" Language="en-us">Non-Smoking</Text>						</SpecialRequest>					</SpecialRequests>				</RoomStay>			</RoomStays>			<ResGuests>				<ResGuest ResGuestRPH="1" AgeQualifyingCode="10">					<Profiles>						<ProfileInfo>							<Profile ProfileType="1">								<Customer>									<PersonName>										<GivenName>Crystal</GivenName>										<MiddleName>Vanessa</MiddleName>										<Surname>Tanner</Surname>									</PersonName>								</Customer>							</Profile>						</ProfileInfo>					</Profiles>				</ResGuest>			</ResGuests>			<ResGlobalInfo>				<HotelReservationIDs>					<HotelReservationID ResID_Type="8" ResID_Value="1312" ResID_Source="Expedia" ResID_Date="2003-03-11T17:29:00-08:00"/>				</HotelReservationIDs>			</ResGlobalInfo>		</HotelResModify>	</HotelResModifies></OTA_HotelResModifyRQ>