<?xml version="1.0" encoding="UTF-8"?><OTA_HotelResRS xmlns="http://www.opentravel.org/OTA/2003/05" xmlns:xsi="http://www.w3.org/2001/XMLSchema-instance" xsi:schemaLocation="http://www.opentravel.org/OTA/2003/05 OTA_HotelResRS.xsd"  Version="1.003"><Success/><HotelReservations>	<HotelReservation>		<RoomStays>			<RoomStay>				<RatePlans>					<RatePlan RatePlanCode="CORA999">						<CancelPenalties>							<CancelPenalty>								<PenaltyDescription>									<Text>  1 NTS RM &amp; TX CXL PENALTY -AS FIRST NIGHT PAYMENT CANCELLATION PERMITTED UP TO  1DAYS BEFORE ARRIVAL</Text>								</PenaltyDescription>							</CancelPenalty>						</CancelPenalties>					</RatePlan>				</RatePlans>				<RoomRates>					<RoomRate>						<Rates>							<Rate EffectiveDate="2005-08-10" ExpireDate="2005-08-12">								<Base AmountBeforeTax="100.00"/>								<RateDescription>									<Text>CORPORATE RATE * SUPERIOR ROOM (1 KING OR 2 SINGLE BEDS) INCLUDING DAILY BREAKFAST * RATE EXCLUDES 15 PCT TAX/SVC CHG</Text>								</RateDescription>							</Rate>						</Rates>					</RoomRate>				</RoomRates>			</RoomStay>		</RoomStays>		<ResGlobalInfo>			<HotelReservationIDs>				<HotelReservationID ResID_Value="86048384"/>			</HotelReservationIDs>		</ResGlobalInfo>	</HotelReservation></HotelReservations></OTA_HotelResRS>