<?xml version="1.0" encoding="UTF-8"?><OTA_HotelAvailGetRS xmlns:xsi="http://www.w3.org/2001/XMLSchema-instance" xmlns="http://www.opentravel.org/OTA/2003/05" xsi:schemaLocation="http://www.opentravel.org/OTA/2003/05 OTA_HotelAvailGetRS.xsd" TimeStamp="2009-01-17T09:38:09" Target="Production" Version="1.000">	<Success/>	<AvailStatusMessages ChainCode="YY" BrandCode="XX" HotelCode="ABC123">		<AvailStatusMessage BookingLimit="35" BookingLimitMessageType="SetLimit">			<StatusApplicationControl Start="2009-06-11" End="2009-08-03" RatePlanCode="CORP" InvCode="STD" Mon="true" Tue="true" Weds="true" Thur="true" Fri="true" Sat="false" Sun="false"/>			<LengthsOfStay>				<LengthOfStay MinMaxMessageType="SetMinLOS" Time="2" TimeUnit="Day"></LengthOfStay>			</LengthsOfStay>			<UniqueID Type="16" ID="1"/>			<!--Type (UIT) 16= Reference -->			<RestrictionStatus Status="Open"/>		</AvailStatusMessage>	</AvailStatusMessages></OTA_HotelAvailGetRS>