<?xml version="1.0" encoding="UTF-8"?><OTA_PkgBookRS xmlns="http://www.opentravel.org/OTA/2003/05" xmlns:xsi="http://www.w3.org/2001/XMLSchema-instance" xsi:schemaLocation="http://www.opentravel.org/OTA/2003/05 OTA_PkgBookRS.xsd" Target="Production" Version="5" CurrencyCode="GBP" DecimalPlaces="2">	<Success/>	<PackageReservation>		<POS>			<Source AgentSine="ABC">				<RequestorID Type="4" ID="01253">				</RequestorID>			</Source>		</POS>		<UniqueID Type="1" ID="8943102">			<CompanyName Code="TYT" CompanyShortName="TakeYouThere"/>		</UniqueID>		<Package ID="K09104" TravelCode="42213" TourCode="MINAMA" BoardCode="HB">			<DateRange Start="2005-06-20" Duration="P7N"/>			<ItineraryItems>				<ItineraryItem ItinerarySequence="1">					<Flight DepartureDateTime="2005-06-20T06:00:00" ArrivalDateTime="2005-06-20T08:30:00" DepartureDay="Mon" TravelCode="42213">						<DepartureAirport LocationCode="LGW"/>						<ArrivalAirport LocationCode="MAH"/>						<OperatingAirline Code="BY" FlightNumber="232A"/>					</Flight>				</ItineraryItem>				<ItineraryItem ItinerarySequence="2">					<Accommodation ResortCode="000308" ResortName="Santo Tomas" DestinationCode="000123" DestinationName="Minorca">						<Identity BrandCode="SFA" HotelCode="002775" HotelName="Victoria Playa" BrandName="Superfamily" PropertyClassType="20"/>						<DateRange Start="2005-06-20" Duration="P7N">						</DateRange>						<RoomProfiles>							<RoomProfile RoomType="BD4BK" RoomTypeCode="LH045" Quantity="1" Description="Double room with addtional bunk beds, PB, WC, BL and CS" MinOccupancy="2" MaxOccupancy="4">								<PassengerRPHs ListOfPassengerRPH="1 2 3"/>							</RoomProfile>						</RoomProfiles>					</Accommodation>				</ItineraryItem>				<ItineraryItem ItinerarySequence="3">					<Flight DepartureDateTime="2005-06-27T11:00:00" ArrivalDateTime="2005-06-27T13:10:00" DepartureDay="Mon" TravelCode="42713">						<DepartureAirport LocationCode="MAH"/>						<ArrivalAirport LocationCode="LGW"/>						<OperatingAirline Code="BY" FlightNumber="232B"/>					</Flight>				</ItineraryItem>			</ItineraryItems>			<Extras>				<Extra Code="AFM" Quantity="1" Name="Adult Flight Meal" ListOfPassengerRPH="1"/>				<Extra Code="VEG" Quantity="1" Name="Vegetariant Flight Meal" ListOfPassengerRPH="2"/>				<Extra Code="CFM" Quantity="1" Name="Child Flight Meall" ListOfPassengerRPH="3"/>				<Extra Code="LCS" Quantity="1" Name="Fridge Hire in Room"/>			</Extras>		</Package>		<ContactDetail ContactType="Agent">			<PersonName>				<GivenName>Ann</GivenName>				<Surname>Cook</Surname>			</PersonName>			<Telephone PhoneNumber="01483 461257"/>			<CompanyName CompanyShortName="Getaway Travel"/>		</ContactDetail>		<PassengerListItems>			<PassengerListItem RPH="1" InsuranceRPH="1" Age="34" LeadCustomerInd="true">				<Name>					<GivenName>J</GivenName>					<Surname>Jones</Surname>					<NameTitle>Mr</NameTitle>				</Name>			</PassengerListItem>			<PassengerListItem RPH="2" InsuranceRPH="1" Age="34">				<Name>					<GivenName>K</GivenName>					<Surname>Jones</Surname>					<NameTitle>Mrs</NameTitle>				</Name>			</PassengerListItem>			<PassengerListItem RPH="3" InsuranceRPH="1" Age="5" BirthDate="2000-05-01">				<Name>					<GivenName>S</GivenName>					<Surname>Jones</Surname>					<NameTitle>Miss</NameTitle>				</Name>			</PassengerListItem>		</PassengerListItems>		<OwnInsuranceChoices>			<OwnInsuranceChoice InsuranceCompany="Norwich Union" PolicyNmbr="21/8493VR">			</OwnInsuranceChoice>		</OwnInsuranceChoices>		<InvoiceDetail>			<CostingItems>				<CostingItem Description="Basic Holiday Price" Quantity="2">					<UnitCost Amount="595.00"/>					<ExtendedCost Amount="1190.00"/>				</CostingItem>				<CostingItem Description="Saving" Quantity="2">					<UnitCost Amount="-20.00"/>					<ExtendedCost Amount="-40.00"/>				</CostingItem>				<CostingItem Description="First Child Price" Quantity="1">					<UnitCost Amount="0.00"/>					<ExtendedCost Amount="0.00"/>				</CostingItem>				<CostingItem Description="Room Charges" Quantity="3">					<UnitCost Amount="17.50"/>					<ExtendedCost Amount="52.50"/>				</CostingItem>				<CostingItem Description="Adult Flight Meal" Quantity="2">					<UnitCost Amount="10.00"/>					<ExtendedCost Amount="20.00"/>				</CostingItem>				<CostingItem Description="Child Flight Meal" Quantity="1">					<UnitCost Amount="5.00"/>					<ExtendedCost Amount="5.00"/>				</CostingItem>				<CostingItem Description="Extras" Quantity="1">					<UnitCost Amount="17.50"/>					<ExtendedCost Amount="17.50"/>				</CostingItem>			</CostingItems>			<GrossAmount Amount="1245.00"/>			<DepositAmount Amount="330.00"/>			<AgentCommission Amount="124.50"/>			<BalanceDueAmount Amount="915.00" PaymentDueDate="2005-04-25"/>		</InvoiceDetail>	</PackageReservation></OTA_PkgBookRS>