<?xml version="1.0" encoding="UTF-8"?><OTA_LoyaltyCertificateRedemptionRQ Version="1.002" TimeStamp="2003-10-13T09:30:47-05:00" xmlns="http://www.opentravel.org/OTA/2003/05" xmlns:xsi="http://www.w3.org/2001/XMLSchema-instance" xsi:schemaLocation="http://www.opentravel.org/OTA/2003/05OTA_LoyaltyCertificateRedemptionRQ.xsd">	<RedemptionInfo>		<RedemptionDetail CertificateNumber="47458S" MemberNumber="T176309763"/>		<TravelInfos>			<TravelInfo>				<HotelStayInfo BrandCode="RA" HotelCode="524763">					<ReservationID Type="1" ID="78694673"/>					<RoomStayInfo Start="2003-10-13T00:00:00-05:00" Duration="P1D">						<RoomType NumberOfUnits="2"/>					</RoomStayInfo>				</HotelStayInfo>			</TravelInfo>		</TravelInfos>	</RedemptionInfo></OTA_LoyaltyCertificateRedemptionRQ>