<?xml version="1.0" encoding="UTF-8"?><OTA_InsuranceBookRQ xmlns="http://www.opentravel.org/OTA/2003/05" xmlns:xsi="http://www.w3.org/2001/XMLSchema-instance" xsi:schemaLocation="http://www.opentravel.org/OTA/2003/05OTA_InsuranceBookRQ.xsd" EchoToken="18723222" TimeStamp="2003-03-31T16:13:08Z" Target="Production" Version="1.002" SequenceNmbr="1569">	<PlanForBookRQ PlanID="ACME" Type="7">		<CoveredTravelers>			<CoveredTraveler>				<CoveredPerson Relation="Traveler 1" BirthDate="1948-06-13">					<GivenName>John</GivenName>					<Surname>Smith</Surname>				</CoveredPerson>				<Address>					<AddressLine>555 Delivery Lane</AddressLine>					<CityName>Alexandria</CityName>					<PostalCode>22314</PostalCode>					<StateProv StateCode="VA"/>					<CountryName Code="US"/>				</Address>				<EmergencyContact Relation="Wife" EmergencyFlag="true">					<PersonName>						<GivenName>Jane</GivenName>						<Surname>Smith</Surname>					</PersonName>					<Telephone AreaCityCode="703" PhoneNumber="555-5554"/>				</EmergencyContact>				<IndCoverageReqs>					<IndTripCost Amount="480.00" CurrencyCode="USD"/>					<FlightAccidentAmount Amount="100000.00" CurrencyCode="USD"/>				</IndCoverageReqs>			</CoveredTraveler>		</CoveredTravelers>		<InsCoverageDetail Type="SingleTrip">			<TotalTripQuantity Quantity="1"/>			<MaximumTripLength>P15D</MaximumTripLength>			<TotalTripCost Amount="480.00" CurrencyCode="USD"/>		</InsCoverageDetail>		<InsuranceCustomer>			<PersonName>				<GivenName>Jane</GivenName>				<Surname>Smith</Surname>			</PersonName>			<Address>				<AddressLine>555 Delivery Lane</AddressLine>				<CityName>Alexandria</CityName>				<PostalCode>22314</PostalCode>				<StateProv StateCode="VA"/>				<CountryName Code="US"/>			</Address>			<PaymentForm>				<PaymentCard CardType="1" CardCode="VI" CardNumber="411111111111111" ExpireDate="0610">					<CardHolderName>John P. Smith</CardHolderName>					<Address>						<StreetNmbr PO_Box="1000">333</StreetNmbr>						<BldgRoom>1</BldgRoom>						<AddressLine>John Carlye Street</AddressLine>						<CityName>Alexandria</CityName>						<PostalCode>38921</PostalCode>						<StateProv StateCode="VA"/>						<CountryName Code="US"/>					</Address>				</PaymentCard>			</PaymentForm>		</InsuranceCustomer>		<PlanCost Amount="55.25" CurrencyCode="USD">		</PlanCost>	</PlanForBookRQ></OTA_InsuranceBookRQ>