<?xml version="1.0" encoding="UTF-8"?><OTA_AirDisplayQueueRS xmlns="http://www.opentravel.org/OTA/2003/05" xmlns:xsi="http://www.w3.org/2001/XMLSchema-instance" xsi:schemaLocation="http://www.opentravel.org/OTA/2003/05 OTA_AirDisplayQueueRS.xsd"EchoToken="134566" TimeStamp="2010-08-17T09:30:47-05:00" Target="Production" Version="4.000" SequenceNmbr="1" PrimaryLangID="en-us">	<Success/>		<DisplayQueue>		<AirReservations>			<AirReservation LastModified="2010-08-17">				<AirItinerary DirectionInd="Roundtrip">					<OriginDestinationOptions>						<OriginDestinationOption>							<FlightSegment FlightNumber="150" DepartureDateTime="2010-12-12T09:00:00" Status="1" ResBookDesigCode="Q" RPH="1" ArrivalDateTime="2010-12-12T13:00:00" E_TicketEligibility="Eligible" NumberInParty="1">								<DepartureAirport LocationCode="IAD" Gate="21" CodeContext="IATA" Terminal="E"/>								<ArrivalAirport LocationCode="SAN" Gate="23" CodeContext="IATA" Terminal="2"/>								<OperatingAirline FlightNumber="150" CodeContext="IATA" Code="LX" />								<Equipment AirEquipType="320" ChangeofGauge="false"/>								<MarketingAirline CodeContext="IATA" Code="BA" />								<Comment Language="en-us">Operated by American Airlines</Comment>							</FlightSegment>						</OriginDestinationOption>					</OriginDestinationOptions>				</AirItinerary>				<TravelerInfo>					<AirTraveler BirthDate="1967-08-13" Gender="Male" PassengerTypeCode="ADT">						<PersonName>							<NamePrefix>Mr</NamePrefix>							<GivenName>John</GivenName>							<Surname>Smith</Surname>							<NameTitle>M.D.</NameTitle>						</PersonName>						<TravelerRefNumber SurnameRefNumber="1" RPH="1"/>						<FlightSegmentRPHs>							<FlightSegmentRPH>0</FlightSegmentRPH>						</FlightSegmentRPHs>					</AirTraveler>				</TravelerInfo>				<BookingReferenceID Type="14" ID="7H39B4"/>								<!-- ELECTRONIC MISCELLANEOUS DOCUMENT INFORMATION -->				<!-- Use Case Scenario: Extra baggage fee -->				<EMD_Info TotalFltSegQty="1">					<TicketDocument TicketDocumentNbr="9999">						<CouponInfo></CouponInfo>					</TicketDocument>				</EMD_Info>								<Reason Number="25" QueuingMethod="automatic">Change of aircraft</Reason>			</AirReservation>		</AirReservations>	</DisplayQueue></OTA_AirDisplayQueueRS>