<?xml version="1.0" encoding="UTF-8"?><OTA_HotelRFP_MeetingNotifRS xmlns="http://www.opentravel.org/OTA/2003/05" xmlns:xsi="http://www.w3.org/2001/XMLSchema-instance" xsi:schemaLocation="http://www.opentravel.org/OTA/2003/05OTA_HotelRFP_MeetingNotifRS.xsd" Version="1.001">	<Success/>	<MessageID ID="12345" Type="13">		<RFP_IDs>			<RFP_ID ID="102230" Type="16">				<SiteIDs>					<SiteID ID="123456" Type="10"/>				</SiteIDs>			</RFP_ID>		</RFP_IDs>	</MessageID></OTA_HotelRFP_MeetingNotifRS>