<?xml version="1.0" encoding="UTF-8"?><OTA_DestActivityResRQ xmlns:xsi="http://www.w3.org/2001/XMLSchema-instance" xmlns="http://www.opentravel.org/OTA/2003/05" xsi:schemaLocation="http://www.opentravel.org/OTA/2003/05 OTA_DestActivityResRQ.xsd" Version="1.000" TimeStamp="2005-01-03T12:20:00Z" EchoToken="12345" SequenceNmbr="123456" Target="Test">	<POS>		<Source>			<RequestorID ID="Viator" Type="18"/>			<BookingChannel Primary="true" Type="2">				<CompanyName>Viator</CompanyName>			</BookingChannel>		</Source>	</POS>	<DestActivityReservation>		<UniqueID URL="http://www.viator.com" ID="786546" Type="13"/>		<Travelers>			<Traveler RPH="1">				<Profile>					<Customer BirthDate="1966-06-30" Gender="Male">						<PersonName>							<NamePrefix>Mr</NamePrefix>							<GivenName>Fred</GivenName>							<Surname>Jones</Surname>						</PersonName>						<Telephone CountryAccessCode="1" PhoneNumber="5551212" AreaCityCode="410" PhoneTechType="1" PhoneUseType="3"/>						<Telephone CountryAccessCode="1" PhoneNumber="5553456" AreaCityCode="410" PhoneTechType="5" PhoneUseType="4"/>						<Email EmailType="1">fred.jones@hotmail.com</Email>						<Address>							<AddressLine>12 Main Street</AddressLine>							<CityName>Toledo</CityName>							<PostalCode>45000</PostalCode>							<StateProv StateCode="OH"/>							<CountryName Code="US"/>						</Address>					</Customer>				</Profile>			</Traveler>			<Traveler RPH="2">				<Profile>					<Customer BirthDate="1968-11-15" Gender="Female">						<PersonName>							<NamePrefix>Mrs</NamePrefix>							<GivenName>Sarah</GivenName>							<Surname>Jones</Surname>						</PersonName>					</Customer>				</Profile>			</Traveler>		</Travelers>		<Contact RPH="1"/>		<DestActivityItems>			<Item ItemCode="PARRC1" SelectedDate="2005-05-01">				<NegotiatedPrice AmountAfterTax="55" CurrencyCode="USD"/>				<SellingPrice AmountAfterTax="65" CurrencyCode="USD"/>				<HotelStay HotelName="Paris Marriot"/>				<ItemReferences>					<ItemReference Type="13" ID="7654365" URL="http://www.viator.com"/>				</ItemReferences>			</Item>			<Item ItemCode="PARDS4" SelectedDate="2005-05-01" SelectedTime="19:00:00Z">				<NegotiatedPrice AmountAfterTax="104" CurrencyCode="USD"/>				<SellingPrice AmountAfterTax="140" CurrencyCode="USD"/>				<HotelStay HotelName="Paris Marriot"/>				<ItemReferences>					<ItemReference Type="13" ID="7654366" URL="http://www.viator.com"/>				</ItemReferences>			</Item>		</DestActivityItems>	</DestActivityReservation></OTA_DestActivityResRQ>