<?xml version="1.0" encoding="UTF-8"?><OTA_AirCheckInRQ xmlns="http://www.opentravel.org/OTA/2003/05" xmlns:xsi="http://www.w3.org/2001/XMLSchema-instance" xsi:schemaLocation="http://www.opentravel.org/OTA/2003/05 OTA_AirCheckInRQ.xsd" TimeStamp="2006-09-18T09:30:47.0Z" Version="1.0" Target="Production" PrimaryLangID="en-us">  <POS>    <Source AirportCode="IAH" ERSP_UserID="C123456" TerminalID="D807B8" ISOCountry="US" FirstDepartPoint="IAH" AgentDutyCode="PD" AgentSine="T2" AirlineVendorID="CO" PseudoCityCode="IHA"/>  </POS>  <MessageFunction Function="SelectCheckInSegments"/>  <MessageFunction Function="SelectPassengersToCheckIn"/>  <MessageFunction Function="IssueBoardingPass"/>  <!-- This is the flight for which the traveler is requesting a boarding pass -->  <FlightInfo RPH="1">    <CarrierInfo Code="CO" FlightNumber="944"/>    <DepartureInformation LocationCode="IAH" JulianDateOfDeparture="019" DateOfDeparture="2006-01-19"/>    <ArrivalInformation LocationCode="ORD"/>  </FlightInfo>  <PassengerInfo RPH="1">    <PassengerName>      <NamePrefix>Ms</NamePrefix>      <GivenName>Vicki</GivenName>      <Surname>Smith</Surname>    </PassengerName>  </PassengerInfo></OTA_AirCheckInRQ>