<?xml version="1.0" encoding="UTF-8"?><OTA_ScreenTextRS xmlns="http://www.opentravel.org/OTA/2003/05" xmlns:xsi="http://www.w3.org/2001/XMLSchema-instance" xsi:schemaLocation="http://www.opentravel.org/OTA/2003/05 OTA_ScreenTextRS.xsd" EchoToken="4598234" TimeStamp="2005-05-17T09:30:47-05:00" Target="Production" Version="1.000" TransactionIdentifier="384763" SequenceNmbr="1">	<Success/>	<TextScreens>		<TextScreen ScreenSequenceNum="1">			<TextData>HONGKONG           HK DOLLAR     HKD</TextData>			<TextData>US EXCH RATE .128300          27APR2005 </TextData>		</TextScreen>	</TextScreens></OTA_ScreenTextRS>