<?xml version="1.0" encoding="UTF-8"?><OTA_PkgCostRS xmlns="http://www.opentravel.org/OTA/2003/05" xmlns:xsi="http://www.w3.org/2001/XMLSchema-instance" xsi:schemaLocation="http://www.opentravel.org/OTA/2003/05  OTA_PkgCostRS.xsd" Target="Production" Version="1.000" CurrencyCode="GBP">	<Success/>	<Package ID="K09109" TravelCode="42213" TourCode="MINAMA" BoardCode="HB">		<DateRange Start="2005-06-20" Duration="P7N"/>		<ItineraryItems>			<ItineraryItem ItinerarySequence="1" ChronologicalSequence="1">				<Flight DepartureDateTime="2005-06-20T06:00:00" ArrivalDateTime="2005-06-20T08:30:00" DepartureDay="Mon" TravelCode="42213">					<DepartureAirport LocationCode="LGW"/>					<ArrivalAirport LocationCode="MAH"/>					<OperatingAirline Code="BY" FlightNumber="232A"/>				</Flight>			</ItineraryItem>			<ItineraryItem ItinerarySequence="2" ChronologicalSequence="2">				<Accommodation ResortName="Santo Tomas" ResortCode="000308">					<Identity PropertyClassType="20" BrandCode="SFA" BrandName="Superfamily" HotelCode="002775" HotelName="Victoria Playa Hotel"/>					<DateRange Start="2005-06-20"/>					<RoomProfiles>						<RoomProfile RoomType="DB4BK" RoomTypeCode="LH045" Quantity="1" Description="Double room with 3 extra bunk beds, with PB, WC, BL and CS." MinOccupancy="2" MaxOccupancy="4" FreeChildFlag="1">							<PassengerRPHs ListOfPassengerRPH="1 2 3"/>						</RoomProfile>					</RoomProfiles>				</Accommodation>			</ItineraryItem>			<ItineraryItem ItinerarySequence="3" ChronologicalSequence="3">				<Flight DepartureDateTime="2005-06-27T11:00:00" ArrivalDateTime="2005-06-27T13:10:00" DepartureDay="Mon" TravelCode="47213">					<DepartureAirport LocationCode="PMI"/>					<ArrivalAirport LocationCode="MAH"/>					<OperatingAirline Code="BY" FlightNumber="232B"/>				</Flight>			</ItineraryItem>		</ItineraryItems>		<Extras>			<Extra Code="AFM" Quantity="1" Name="Adult Flight Meal"/>			<Extra Code="VEG" Quantity="1" Name="Vegetarian Flight Meal"/>			<Extra Code="CFM" Quantity="1" Name="Child Flight Meal"/>			<Extra Code="LCS" Quantity="1" Name="Fridge in Room"/>		</Extras>		<CostSummary>			<CostingItems>				<CostingItem Description="Basic Holiday Price" Quantity="2">					<UnitCost Amount="595.00"/>					<ExtendedCost Amount="1190.00"/>				</CostingItem>				<CostingItem Description="Saving" Quantity="2">					<UnitCost Amount="-20.00"/>					<ExtendedCost Amount="-40.00"/>				</CostingItem>				<CostingItem Description="First Child Price" Quantity="1">					<UnitCost Amount="0.00"/>					<ExtendedCost Amount="0.00"/>				</CostingItem>				<CostingItem Description="Room Charges" Quantity="3">					<UnitCost Amount="17.50"/>					<ExtendedCost Amount="52.50"/>				</CostingItem>				<CostingItem Description="Adult Flight Meal" Quantity="2">					<UnitCost Amount="10.00"/>					<ExtendedCost Amount="20.00"/>				</CostingItem>				<CostingItem Description="Child Flight Meals" Quantity="1">					<UnitCost Amount="5.00"/>					<ExtendedCost Amount="5.00"/>				</CostingItem>				<CostingItem Description="Extras" Quantity="1">					<UnitCost Amount="17.50"/>					<ExtendedCost Amount="17.50"/>				</CostingItem>			</CostingItems>			<GrossAmount Amount="1245.00"/>			<DepositAmount Amount="330.00"/>			<AgentCommission Amount="124.50"/>			<BalanceDueAmount Amount="915.00" PaymentDueDate="2005-04-25"/>		</CostSummary>	</Package></OTA_PkgCostRS>