<?xml version="1.0" encoding="UTF-8"?><OTA_InsurancePlanSearchRQ TimeStamp="2003-09-11T09:30:47-05:00" Target="Production" Version="1.002" DetailResponse="1" xmlns="http://www.opentravel.org/OTA/2003/05" xmlns:xsi="http://www.w3.org/2001/XMLSchema-instance" xsi:schemaLocation="http://www.opentravel.org/OTA/2003/05OTA_InsurancePlanSearchRQ.xsd">	<POS>		<Source>			<RequestorID URL="http://www.inscomp.com" Type="20" ID="Agent123">				<CompanyName>InsComp Insurance Company</CompanyName>			</RequestorID>		</Source>	</POS>	<CoveragePreferences>		<CoveragePreference CoverageType="7" Covered="1"/>	</CoveragePreferences>	<SearchTripInfo>		<CoveredTrips>			<CoveredTrip Duration="P0Y0M15D">				<Destinations>					<Destination>						<CountryName Code="FR">France</CountryName>					</Destination>				</Destinations>			</CoveredTrip>		</CoveredTrips>	</SearchTripInfo>	<SearchTravInfo MaxTravelers="2">		<SearchTravelers>			<SearchTraveler BirthDate="1967-08-13" Relation="Primary Traveler">				<Address>					<StateProv StateCode="VA">Virginia</StateProv>					<CountryName Code="US">United States of America</CountryName>				</Address>				<CitizenCountryName Code="US"/>				<IndCoverageReqs>					<IndTripCost Amount="500.00" CurrencyCode="USD"/>				</IndCoverageReqs>			</SearchTraveler>			<SearchTraveler BirthDate="1969-01-10" Relation="Spouse">				<Address>					<StateProv StateCode="VA">Virginia</StateProv>					<CountryName Code="US">United States of America</CountryName>				</Address>				<CitizenCountryName Code="US"/>				<IndCoverageReqs>					<IndTripCost Amount="500.00" CurrencyCode="USD"/>				</IndCoverageReqs>			</SearchTraveler>		</SearchTravelers>	</SearchTravInfo></OTA_InsurancePlanSearchRQ>