<?xml version="1.0" encoding="UTF-8"?><OTA_CruisePNR_UpdateNotifRQ xmlns="http://www.opentravel.org/OTA/2003/05" xmlns:xsi="http://www.w3.org/2001/XMLSchema-instance" xsi:schemaLocation="http://www.opentravel.org/OTA/2003/05 OTA_CruisePNR_UpdateNotifRQ.xsd" Version="1.0" TransactionIdentifier="6940" TimeStamp="2006-11-13T17:22:09">	<SailingInfo>		<SelectedSailing VoyageID="771600" Start="2007-02-17" Duration="P7D" Status="36">			<!-- Status value of 36 indicates this sailing is available -->			<CruiseLine VendorCode="NCL" VendorName="Norwegian Cruise Line" ShipCode="HA" ShipName="Pride of Hawaii"/>			<Region RegionCode="HAW" RegionName="HAWAII"/>		</SelectedSailing>		<Currency CurrencyCode="USD" DecimalPlaces="2"/>		<SelectedCategory BerthedCategoryCode="BA" PricedCategoryCode="BA">			<CabinAttributes>				<CabinAttribute CabinAttributeCode="81"/>				<!-- CabinAttributeCode value of 81indicates no cabin description is available -->			</CabinAttributes>			<SelectedCabin CabinNumber="10576" MaxOccupancy="4" DeckName="Deck 10" DeckNumber="10" PositionInShip="Midship" ShipSide="Starboard" CategoryLocation="Outside" Status="49">				<!-- Status value of 49 indicates booked -->				<CabinConfiguration BedConfigurationCode="26"/>				<!-- BedConfigurationCode value of 26 indicates this cabin contains convertible lower beds -->				<CabinConfiguration BedConfigurationCode="7"/>				<!-- BedConfigurationCode value of 7 indicates this cabin can accommodate a crib -->				<CabinAttributes>					<CabinAttribute CabinAttributeCode="81"/>					<!-- CabinAttributeCode value of 81 indicates no cabin description is available -->				</CabinAttributes>			</SelectedCabin>		</SelectedCategory>	</SailingInfo>	<SailingProfile ProfileTypeIdentifier="NotModifiable">		<CruiseProfile Code="33"/>		<!-- Code value of 33 indicates bed configuration can not be modified -->	</SailingProfile>	<ReservationInfo>		<ReservationID Type="14" ID="12272430" StatusCode="49"/>		<!-- Type value of 14 indicates this is a cruise line reservation ID-->		<!-- StatusCode value of 49 indicates booked -->		<ReservationID Type="24" ID="X8OLFJ" StatusCode="49" LastModifyDateTime="2006-11-13T17:22:07"/>		<!-- Type value of 24 indicates this is a travel agent PNR ID -->		<!-- StatusCode value of 49 indicates booked -->		<GuestDetails>			<GuestDetail>				<SelectedFareCode FareCode="PG6"/>				<ContactInfo GuestRefNumber="1" Gender="Male" Age="66" BirthDate="1940-03-22">					<PersonName>						<NamePrefix>MR</NamePrefix>						<GivenName>JOSE</GivenName>						<Surname>MARQUES</Surname>					</PersonName>				</ContactInfo>				<GuestTransportation Mode="29" Status="36">					<!-- Mode value of 29 indicates no transportation (cruise only) -->					<!-- StatusCode value of 36 indicates cruise only mode of transportation is available -->					<GatewayCity LocationCode="MIA"/>				</GuestTransportation>				<LoyaltyInfo MembershipID="19625412"/>				<SelectedDining Sitting="FREESTYLE" Status="36"/>				<!-- Status value of 36 indicates Freestyle dining is available -->				<SelectedInsurance InsuranceCode="NON" SelectedOptionIndicator="false" DefaultIndicator="false"/>				<SelectedInsurance InsuranceCode="PLT" SelectedOptionIndicator="false" DefaultIndicator="false"/>				<SelectedInsurance InsuranceCode="STD" SelectedOptionIndicator="true" DefaultIndicator="true"/>				<SelectedPackages>					<SelectedPackage PackageTypeCode="2" CruisePackageCode="771600" Start="2007-02-15" Status="36" Duration="P3D">						<!-- PackageTypeCode value of 2 indicates pre-cruise package -->						<!-- Status value of 36 indicates available -->						<Location LocationCode="HNL">							<Information>								<Text>3 NIGHT SHERATON PRINCESS KAIULANI  PRE CRUISE PACKAGE</Text>							</Information>						</Location>					</SelectedPackage>					<SelectedPackage PackageTypeCode="3" CruisePackageCode="791304" Start="2007-02-24" Status="36" Duration="P5D">						<!-- PackageTypeCode value of 3 indicates post-cruise package -->						<!-- Status value of 36 indicates available -->						<Location LocationCode="HNL">							<Information>								<Text>5 NIGHT MARRIOTT WAIKIKI BEACH POST CRUISE PACKAGE</Text>							</Information>						</Location>					</SelectedPackage>				</SelectedPackages>				<SelectedSpecialServices>					<SelectedSpecialService Type="Occasion" Code="S001" CodeDetail="ANNIVERSARY" AssociationType="Passenger" Date="2007-02-20"/>					<SelectedSpecialService Type="Dietary" Code="VGML" CodeDetail="VEGETARIAN MEALS" AssociationType="Passenger"/>				</SelectedSpecialServices>				<Profiles ProfileTypeIdentifier="NotModifiable">					<CruiseProfile Code="16"/>					<!-- Code value of 16 indicates dining seating may not be modified -->				</Profiles>				<Profiles ProfileTypeIdentifier="Mandatory">					<CruiseProfile Code="13"/>					<!-- Code value of 13 indicates passenger address is required -->					<CruiseProfile Code="15"/>					<!-- Code value of 15 indicates passenger telephone number is required -->					<CruiseProfile Code="22"/>					<!-- Code value of 22 indicates emergency contact is required -->					<CruiseProfile Code="42"/>					<!-- Code value of 42 indicates flight information is required -->				</Profiles>			</GuestDetail>			<GuestDetail>				<SelectedFareCode FareCode="PG6"/>				<ContactInfo GuestRefNumber="2" Gender="Female" Age="64" BirthDate="1942-10-19">					<PersonName>						<NamePrefix>MRS</NamePrefix>						<GivenName>TAMARA</GivenName>						<Surname>MARQUES</Surname>					</PersonName>				</ContactInfo>				<GuestTransportation Mode="29" Status="36">					<!-- Mode value of 29 indicates no transportation (cruise only) -->					<!-- StatusCode value of 36 indicates cruise only mode of transportation is available -->					<GatewayCity LocationCode="MIA"/>				</GuestTransportation>				<LoyaltyInfo MembershipID="19873521"/>				<SelectedDining Sitting="FREESTYLE" Status="36"/>				<!-- Status value of 36 indicates Freestyle dining is available -->				<SelectedInsurance InsuranceCode="NON" SelectedOptionIndicator="false" DefaultIndicator="false"/>				<SelectedInsurance InsuranceCode="PLT" SelectedOptionIndicator="false" DefaultIndicator="false"/>				<SelectedInsurance InsuranceCode="STD" SelectedOptionIndicator="true" DefaultIndicator="true"/>				<SelectedPackages>					<SelectedPackage PackageTypeCode="2" CruisePackageCode="791068" Start="2007-02-15" Status="36" Duration="P3D">						<!-- PackageTypeCode value of 2 indicates pre-cruise package -->						<!-- Status value of 36 indicates available -->						<Location LocationCode="HNL">							<Information>								<Text>3 NIGHT MARRIOTT WAIKIKI BEACH PRE CRUISE PACKAGE</Text>							</Information>						</Location>					</SelectedPackage>					<SelectedPackage PackageTypeCode="3" CruisePackageCode="811396" Start="2007-02-24" Status="36" Duration="P2D">						<!-- PackageTypeCode value of 3 indicates post-cruise package -->						<!-- Status value of 36 indicates available -->						<Location LocationCode="HNL">							<Information>								<Text>2 NIGHT SHERATON MOANA SURFRIDER POST CRUISE PACKAGE</Text>							</Information>						</Location>					</SelectedPackage>				</SelectedPackages>				<SelectedSpecialServices>					<SelectedSpecialService Type="Occasion" Code="S001" CodeDetail="ANNIVERSARY" AssociationType="Passenger" Date="2007-02-20"/>					<SelectedSpecialService Type="Dietary" Code="LFML" CodeDetail="LOW CHOLESTEROL MEALS" AssociationType="Passenger"/>				</SelectedSpecialServices>				<Profiles ProfileTypeIdentifier="NotModifiable">					<CruiseProfile Code="16"/>					<!-- Code value of 16 indicates dining seating may not be modified -->				</Profiles>				<Profiles ProfileTypeIdentifier="Mandatory">					<CruiseProfile Code="13"/>					<!-- Code value of 13 indicates passenger address is required -->					<CruiseProfile Code="15"/>					<!-- Code value of 15 indicates passenger telephone number is required -->					<CruiseProfile Code="22"/>					<!-- Code value of 22 indicates emergency contact is required -->					<CruiseProfile Code="42"/>					<!-- Code value of 42 indicates flight information is required -->				</Profiles>			</GuestDetail>		</GuestDetails>		<PaymentOptions>			<PaymentOption>				<PaymentCard CardType="1" CardCode="AX"/>				<!-- CardType value of 1 indicates credit card -->			</PaymentOption>			<PaymentOption>				<PaymentCard CardType="1" CardCode="DS"/>				<!-- CardType value of 1 indicates credit card -->			</PaymentOption>			<PaymentOption>				<PaymentCard CardType="1" CardCode="CA"/>				<!-- CardType value of 1 indicates credit card -->			</PaymentOption>			<PaymentOption>				<PaymentCard CardType="1" CardCode="VI"/>				<!-- CardType value of 1 indicates credit card -->			</PaymentOption>			<PaymentOption>				<BankAcct  ChecksAcceptedInd="true"/>			</PaymentOption>		</PaymentOptions>	</ReservationInfo>	<PaymentsDue>		<PaymentDue PaymentNumber="1" DueDate="2006-03-17"/>		<PaymentDue PaymentNumber="2" DueDate="2006-12-04"/>	</PaymentsDue>	<POS>		<Source PseudoCityCode="MIANC7101" ISOCountry="US" TerminalID="001AB0142">			<RequestorID Type="14" ID="NCLMIA01"/>		</Source>	</POS></OTA_CruisePNR_UpdateNotifRQ>