<?xml version="1.0" encoding="UTF-8"?><OTA_HotelRatePlanRS xmlns="http://www.opentravel.org/OTA/2003/05" xmlns:xsi="http://www.w3.org/2001/XMLSchema-instance" xsi:schemaLocation="http://www.opentravel.org/OTA/2003/05OTA_HotelRatePlanRS.xsd" Version="1.000"><Success/>	<RatePlans HotelCode="10107">		<RatePlan RatePlanCode="RAC">			<DestinationSystemsCode>				<DestinationSystemCode>OBA</DestinationSystemCode>				<DestinationSystemCode>ITA</DestinationSystemCode>			</DestinationSystemsCode>			<Rates>				<Rate Start="2008-04-01" End="2008-12-31" InvCode="KB">					<BaseByGuestAmts>						<BaseByGuestAmt AmountAfterTax="100.00" CurrencyCode="USD"/>					</BaseByGuestAmts>				</Rate>				<Rate Start="2008-04-01" End="2008-12-31" InvCode="KS">					<BaseByGuestAmts>						<BaseByGuestAmt AmountAfterTax="120.00" CurrencyCode="USD"/>					</BaseByGuestAmts>				</Rate>			</Rates>			<SellableProducts>				<SellableProduct InvCode="KB" InvType="ROOM">					<GuestRoom/>				</SellableProduct>				<SellableProduct InvCode="KS" InvType="ROOM">					<GuestRoom/>				</SellableProduct>			</SellableProducts>		</RatePlan>	</RatePlans>	<TPA_Extensions/></OTA_HotelRatePlanRS>