<?xml version="1.0" encoding="UTF-8"?><OTA_CruiseBookingHistoryRS xmlns="http://www.opentravel.org/OTA/2003/05" xmlns:xsi="http://www.w3.org/2001/XMLSchema-instance" xsi:schemaLocation="http://www.opentravel.org/OTA/2003/05OTA_CruiseBookingHistoryRS.xsd" EchoToken="34672" TimeStamp="2006-06-21T09:30:47-05:00" Target="Production" Version="1.000" TransactionIdentifier="17635721667">	<Success/>	<ReservationID Type="14" ID="CVG4589"/>	<!--Type value of 14=Reservation -->	<HistoryInfos>	      <HistoryInfo PseudoCityCode="BY03" AgentSine="USN67" LastModified="2006-06-17T09:30:47-05:00">			<Items Code="GI" Name="Guest Information">				<Item LastModifyDateTime="2006-06-17T09:30:47-05:00" LastModifierID="Jody" GuestID="40111" ItemName="Age"  OldValue="26" NewValue="30">				</Item>				<Item LastModifyDateTime="2006-06-17T09:35:47-05:00" LastModifierID="Jody" GuestID="40112" ItemName="Age"  OldValue="26" NewValue="32">				</Item>			</Items>		</HistoryInfo>		<HistoryInfo PseudoCityCode="BY03" AgentSine="USN67" LastModified="2006-06-19T15:35:47-05:00">			<Items Code="DI" Name="Dining Information">				<Item LastModifyDateTime="2006-06-19T15:35:47-05:00" LastModifierID="Jody" ItemName="Dining Seating"  OldValue="M" NewValue="S">				</Item>			</Items>		</HistoryInfo>	</HistoryInfos></OTA_CruiseBookingHistoryRS>