<?xml version="1.0" encoding="UTF-8"?><OTA_AirDemandTicketRS xmlns="http://www.opentravel.org/OTA/2003/05" xmlns:xsi="http://www.w3.org/2001/XMLSchema-instance" xsi:schemaLocation="http://www.opentravel.org/OTA/2003/05 OTA_AirDemandTicketRS.xsd" EchoToken="223344" TimeStamp="2006-09-15T10:30:33-06:00" Target="Production" Version="1.000" SequenceNmbr="1">	<Success/>	<BookingReferenceID Type="14" ID="A45D1">		<CompanyName Code="XS"/>	</BookingReferenceID>	<TicketItemInfo TicketNumber="0435768989641" Type="eTicket" ItemNumber="1" TotalAmount="1945.35" CommissionAmount="35.00" PaymentType="1">		<PassengerName>			<NamePrefix>Ms.</NamePrefix>			<GivenName>Mable</GivenName>			<Surname>Marchbanks</Surname>		</PassengerName>	</TicketItemInfo><TicketItemInfo TicketNumber="04357689896421" Type="eTicket" ItemNumber="2" TotalAmount="1945.35" CommissionAmount="35.00" PaymentType="1">		<PassengerName>			<NamePrefix>Ms.</NamePrefix>			<GivenName>Tasha</GivenName>			<Surname>Jones</Surname>		</PassengerName>	</TicketItemInfo></OTA_AirDemandTicketRS>