<?xml version="1.0" encoding="UTF-8"?><OTA_AirDisplayQueueRS xmlns="http://www.opentravel.org/OTA/2003/05" xmlns:xsi="http://www.w3.org/2001/XMLSchema-instance" xsi:schemaLocation="http://www.opentravel.org/OTA/2003/05 OTA_AirDisplayQueueRS.xsd"EchoToken="134566" TimeStamp="2006-01-06T23:30:45" Target="Production" Version="1.000" SequenceNmbr="1" PrimaryLangID="en-us">	<Success/>	<DisplayQueue>		<AirReservations>			<AirReservation LastModified="2006-01-03">				<AirItinerary DirectionInd="OneWay">					<OriginDestinationOptions>						<OriginDestinationOption>							<FlightSegment FlightNumber="1234" DepartureDateTime="2006-10-19T09:30:00.0Z" Status="1" ResBookDesigCode="C" RPH="0" ArrivalDateTime="2006-10-19T12:30:00.0Z" E_TicketEligibility="Eligible" NumberInParty="1">								<DepartureAirport LocationCode="ZRH" Gate="21" CodeContext="IATA" Terminal="E"/>								<ArrivalAirport LocationCode="LHR" Gate="23" CodeContext="IATA" Terminal="2"/>								<OperatingAirline FlightNumber="234" CodeContext="IATA" Code="LX" />								<Equipment AirEquipType="320" ChangeofGauge="false"/>								<MarketingAirline CodeContext="IATA" Code="BA" />								<Comment Language="en-us">Operated by Swiss International Airlines</Comment>							</FlightSegment>						</OriginDestinationOption>					</OriginDestinationOptions>				</AirItinerary>				<TravelerInfo>					<AirTraveler BirthDate="1967-08-13" Gender="Male" PassengerTypeCode="ADT">						<PersonName>							<NamePrefix>Dr</NamePrefix>							<GivenName>Henry</GivenName>							<MiddleName>James</MiddleName>							<Surname>Battenberg</Surname>						</PersonName>						<TravelerRefNumber SurnameRefNumber="1" RPH="0"/>						<FlightSegmentRPHs>							<FlightSegmentRPH>0</FlightSegmentRPH>						</FlightSegmentRPHs>					</AirTraveler>				</TravelerInfo><BookingReferenceID Type="1" ID="E4F5TG"/>				<Reason Number="25" QueuingMethod="automatic">Change of aircraft</Reason>			</AirReservation>		</AirReservations>	</DisplayQueue></OTA_AirDisplayQueueRS>