<?xml version="1.0" encoding="UTF-8"?><OTA_AirDemandTicketRS xmlns="http://www.opentravel.org/OTA/2003/05" xmlns:xsi="http://www.w3.org/2001/XMLSchema-instance" xsi:schemaLocation="http://www.opentravel.org/OTA/2003/05 OTA_AirDemandTicketRS.xsd" EchoToken="328490" TimeStamp="2006-09-13T09:30:47-05:00" Target="Production" Version="1.000" SequenceNmbr="1">	<Success/>	<BookingReferenceID Type="14" ID="9Q2B84">		<CompanyName Code="1P"/>	</BookingReferenceID>	<TicketItemInfo TicketNumber="0061304878964" Type="eTicket" ItemNumber="1" TotalAmount="945.35" CommissionAmount="35.00" PaymentType="1">		<PassengerName>			<GivenName>Pat</GivenName>			<Surname>Brown</Surname>		</PassengerName>	</TicketItemInfo></OTA_AirDemandTicketRS>