<?xml version="1.0" encoding="UTF-8"?><OTA_ReadRQ xmlns="http://www.opentravel.org/OTA/2003/05" xmlns:xsi="http://www.w3.org/2001/XMLSchema-instance" xsi:schemaLocation="http://www.opentravel.org/OTA/2003/05 OTA_ReadRQ.xsd" EchoToken="34267" TimeStamp="2006-06-21T09:30:45-05:00" Target="Production" Version="1.007" TransactionIdentifier="22A55"> 	<POS>		<Source AgentSine="USN67" PseudoCityCode="BY03" ISOCountry="US" AgentDutyCode="SU"  TerminalID="R267A">			<RequestorID  Type="5" ID="712367"/>			<!--Type value of 5 = Travel Agency -->		</Source>	</POS>	<ReadRequests>		<ReadRequest HistoryRequestedInd="true">			<UniqueID Type="14" ID="7674589"/>			<!--Type value of 14 = Reservation -->		</ReadRequest>	</ReadRequests></OTA_ReadRQ>