<?xml version="1.0" encoding="UTF-8"?><OTA_InsurancePlanSearchRS TimeStamp="2003-09-11T09:30:47-05:00" Target="Production" Version="1.001" PrimaryLangID="en-us" AltLangID="en-us" xmlns="http://www.opentravel.org/OTA/2003/05" xmlns:xsi="http://www.w3.org/2001/XMLSchema-instance" xsi:schemaLocation="http://www.opentravel.org/OTA/2003/05OTA_InsurancePlanSearchRS.xsd">	<Success/>	<AvailablePlans>		<AvailablePlan PlanID="insprotplan1" Featured="true" Name="Insurance Protection Plan I">			<PlanDetail>				<PlanDescription>					<SubSection>						<Paragraph>							<Text>Insurance Protection Plan I is the finest in trip protection insurance ...</Text>						</Paragraph>					</SubSection>				</PlanDescription>				<QuoteDetailURL>http://...</QuoteDetailURL>				<BookingDetailURL>http://...</BookingDetailURL>			</PlanDetail>			<ProviderDetail>				<ProviderCompany>InsComp Insurance Company</ProviderCompany>				<ProviderDescription>					<SubSection>						<Paragraph>							<Text>InsComp has recieved the highest ratings form the nations top...</Text>						</Paragraph>					</SubSection>				</ProviderDescription>			</ProviderDetail>		</AvailablePlan>		<AvailablePlan PlanID="insprotplan2" Featured="false" Name="Insurance Protection Plan II">			<PlanDetail>				<PlanDescription>					<SubSection>						<Paragraph>							<Text>Insurance Protection Plan II provides superior protection for your travel investment ...</Text>						</Paragraph>					</SubSection>				</PlanDescription>				<QuoteDetailURL>http://...</QuoteDetailURL>				<BookingDetailURL>http://...</BookingDetailURL>			</PlanDetail>			<ProviderDetail>				<ProviderCompany>InsComp Insurance Company</ProviderCompany>				<ProviderDescription>					<SubSection>						<Paragraph>							<Text>InsComp has recieved the highest ratings form the nations top...</Text>						</Paragraph>					</SubSection>				</ProviderDescription>			</ProviderDetail>		</AvailablePlan>	</AvailablePlans></OTA_InsurancePlanSearchRS>