<?xml version="1.0" encoding="UTF-8"?>
<!--Sample XML file generated by XMLSpy v2010 rel. 3 sp1 (http://www.altova.com)-->
<OTA_DynamicPkgAvailRS Version="2.000" xsi:schemaLocation="http://www.opentravel.org/OTA/2003/05 OTA_DynamicPkgAvailRS.xsd" xmlns="http://www.opentravel.org/OTA/2003/05" xmlns:xsi="http://www.w3.org/2001/XMLSchema-instance">

	<!-- The presence of this element indicates the message has been processed successfully. -->
	<Success/>

		<SearchResults>
		
			<!-- ===================================== -->
			<!-- HOTEL INFO                                                        -->
			<!-- ===================================== -->
			<HotelResults>
				<!-- HERE ARE RATES AND AVAILABILITY -->
				<RoomStays>
					<RoomStay>
						<!-- If you're just looking to return rates... this could be optional... But I put it in for images for Room Types. -->
						<RoomTypes>
							<!-- DOUBLE ROOM DESCRIPTION -->
							<RoomType RoomType="Double Room" RoomTypeCode="DBL" NonSmoking="true">
								<RoomDescription>
									<Text>DELUXE DOUBLE ROOM (1 KING OR 1 QUEEN OR 2 DOUBLES)</Text>
								</RoomDescription>
								<Occupancy MaxOccupancy="4"/>
							</RoomType>
							<RoomType RoomType="Double Room" RoomTypeCode="DBL" NonSmoking="true">
								<RoomDescription>
									<Image>RoomType1.jpg</Image>
								</RoomDescription>
							</RoomType>
						</RoomTypes>
			
						<RoomRates>
							<!-- ROOM TYPE 1 -->
							<RoomRate RoomTypeCode="DBL" RatePlanID="CRP">
								<Rates>
									<Rate EffectiveDate="2011-02-10" ExpireDate="2011-02-16">
										<Base AmountBeforeTax="359.00"  AmountAfterTax="402.08" CurrencyCode="USD"/>
										<!-- Rate description could be excluded if your trading partners use the <RoomDescription>'s and <RatePlan> descriptions above -->
										<RateDescription>
											<Text>DELUXE DOUBLE ROOM (1 KING OR 1 QUEEN OR 2 DOUBLES).</Text>
										</RateDescription>
									</Rate>
								</Rates>
								<Features>
									<Feature>
										<Description>
											<Text>Traditional Non-smoking, Heavenly Bed And Bath, Opening Windows, Ergonomic Chair/large Desk, High-speed Internet For A Fee.</Text>
										</Description>
									</Feature>
							</Features>
							</RoomRate>
							<!-- ROOM TYPE 2 -->
							<RoomRate RoomTypeCode="DLX" RatePlanID="CRP" PromotionCode="EVERYOTHERNIGHTFREE">
								<Rates>
									<Rate EffectiveDate="2010-08-31" ExpireDate="2010-08-31">
										<Base AmountBeforeTax="759.00" AmountAfterTax="850.08" CurrencyCode="USD"/>
										<!-- Rate description could be excluded if your trading partners use the <RoomDescription>'s and <RatePlan> descriptions above -->
										<RateDescription>
											<Text>SUITE (1 KING OR 1 QUEEN OR 2 DOUBLES) WITH BALCONY.</Text>
										</RateDescription>
									</Rate>
								</Rates>
								<Features>
									<Feature>
										<Description>
											<Text>Suite Non-smoking, Heavenly Bed And Bath, Bay And City View, Separate Shower/bath, Separate Living Area.</Text>
										</Description>
									</Feature>
								</Features>
							</RoomRate>
						</RoomRates>
						
						<!-- GUEST COUNTS -->
						<GuestCounts IsPerRoom="true">
							<GuestCount Count="2"/>
						</GuestCounts>
					
						<!-- HERE IS THE PROPERTY INFORMATION - INCLUDING DRIVING DIRECTIONS, HOTEL IMAGES AND URLS -->
						<BasicPropertyInfo ChainCode="WI" HotelCode="12345" HotelCityCode="TPA" HotelName="The Westin Tampa Harbour Island">
							<!-- * ChainCode of WI = Westin Hotels & Resorts (OPTIONAL) -->
							<!-- * HotelCityCode of TPA = "Tampa" (OPTIONAL) -->
							<!-- * HotelCode is assigned by your GDS or hotel supplier trading partners and is the unique ID of the property in their system (OPTIONAL) -->
							
							<VendorMessages>
			
							<!-- HERE'S A DESCRIPTION OF THE HOTEL -->
								<VendorMessage InfoType="1" Title="Overview">
									<!-- InfoType of 1 = "Description" - See OpenTravel Code List Information Type (INF). -->
									<SubSection>
										<Paragraph>
											<Text>Escape to The Westin Tampa Harbour Island, situated on a unique landscaped island in downtown Tampa. Adjacent to the Tampa Convention Center, our location is convenient for business and leisure travelers alike. Just two blocks from St. Pete Times Forum, we have access to all that Tampa has to offer.
			
			Our waterfront atmosphere leaves nothing to be desired, with an outdoor pool and a full-service business center. Host an event in one of our 13 flexible meeting rooms, some offering stunning harbor views. Enjoy delicious continental fare at our elegant restaurant, 725 South. 
			
			Our oversized guest rooms and suites at The Westin Tampa Harbour Island are designed to enhance your relaxation. Relax in our signature Heavenly Bed® for a peaceful night’s sleep. Refresh the next morning in one of our spacious bathrooms, equipped with the Heavenly Shower® featuring dual showerheads.
											</Text>
											</Paragraph>
									</SubSection>
								</VendorMessage>
			
							<!-- HERE ARE SOME DRIVING DIRECTIONS -->
								<VendorMessage InfoType="11" Title="From Tampa International Airport">
									<!-- InfoType of 11 = "Driving directions" - See OpenTravel Code List Information Type (INF). -->
									<SubSection>
										<Paragraph>
											<Text>Exit the Airport onto Interstate 275 North/Downtown. Take I-275 to Exit 44 which is Ashley Street - Downtown West. Follow the Tampa/Ashley Street ramp and proceed on Tampa Street through downtown. Turn right onto Franklin Street which becomes Harbour Island Boulevard and continue to the hotel.</Text>
											</Paragraph>
									</SubSection>
								</VendorMessage>
			
								<VendorMessage InfoType="11" Title="From Orlando">
									<!-- InfoType of 11 = "Driving directions" - See OpenTravel Code List Information Type (INF). -->
									<SubSection>
										<Paragraph>
											<Text>Take Interstate 4 West to Interstate 275 South. Proceed to Exit 45A downtown Ashley/Tampa Street and take Tampa Street South. Stay in the left lane and follow the signs to Tampa Convention Center/Harbour Island. This will put you onto Franklin Street. Continue straight and The Westin Tampa Harbour Island will be on the right hand side.</Text>
											</Paragraph>
									</SubSection>
								</VendorMessage>
								
							<!-- HERE ARE SOME GENERAL PICTURES OF THE HOTEL -->
								<VendorMessage InfoType="5" Title="Westin Harbour View">
									<!-- InfoType of 5 = "Other" - See OpenTravel Code List Information Type (INF). -->
									<SubSection>
										<Paragraph>
											<URL>http://www.starwoodhotels.com/westin/property/photos/index.html?propertyID=1764#photo1</URL>
											</Paragraph>
									</SubSection>
								</VendorMessage>
								<VendorMessage InfoType="5" Title="Lounge Lobby">
									<!-- InfoType of 5 = "Other" - See OpenTravel Code List Information Type (INF). -->
									<SubSection>
										<Paragraph>
											<URL>http://www.starwoodhotels.com/westin/property/photos/index.html?propertyID=1764#photo2</URL>
											</Paragraph>
									</SubSection>
								</VendorMessage>
								
							</VendorMessages>
							
							<!-- HERE IS A URL TO A MAP OF THE HOTEL -->
							<Position MapURL="http://www.starwoodhotels.com/westin/property/area/map.html?propertyID=1764"/>
							
							<!-- HERE IS THE ADDRESS OF THE HOTEL -->
							<Address>
								<StreetNmbr>725</StreetNmbr>
								<AddressLine>South Harbour Island Blvd</AddressLine>
								<CityName>Tampa</CityName>
								<PostalCode>33602</PostalCode>
								<StateProv StateCode="FL"/>
								<CountryName>United States</CountryName>
							</Address>
							
							<!-- HERE IS THE PHONE NUMBER FOR HOTEL RESERVATIONS -->
							<ContactNumbers>
								<ContactNumber PhoneNumber="(813) 229-5000"/>
							</ContactNumbers>
						</BasicPropertyInfo>
			
					</RoomStay>
				</RoomStays>
			</HotelResults>
			
			<!-- ===================================== -->
			<!-- CAR INFO                                                            -->
			<!-- ===================================== -->
			<CarResults>
	<!-- The common, or core, information associated with the response providing information on the availability of rental vehicles. -->
				<VehAvailRSCore>
					<VehRentalCore PickUpDateTime="2010-07-18T12:00:00" ReturnDateTime="2010-07-26T15:00:00">
					  <PickUpLocation LocationCode="TPA" CodeContext="AC" />
					  <ReturnLocation LocationCode="TPA" CodeContext="AC" />
					</VehRentalCore>
			
				<!-- A collection of information on the availability of rental vehicles by individual vendor. -->
				<VehVendorAvails>
				  <VehVendorAvail>
				  
					<!-- Information on the vendor associated with this availability of vehicles. -->
					<Vendor CompanyShortName="Ace" TravelSector="2" Code="AC">Ace Rent A Car</Vendor>
						<!-- TravelSector 2 = "Car" - See OpenTravel Code List Travel Sector (TVS). -->
					<VehAvails>
					
					<!-- VEHICLE AVAILABILITY/RATES INFORMATION: Car 1 -->
					  <VehAvail>
						<VehAvailCore Status="Available">
						  <Vehicle AirConditionInd="true" TransmissionType="Automatic" FuelType="Unspecified" DriveType="Unspecified" PassengerQuantity="4" BaggageQuantity="3" Code="ECAR" CodeContext="SIPP">
							<VehType VehicleCategory="1" DoorCount="2-4" />
							<!-- Vehicle Category of 1 = "Car" - See OpenTravel Code List Vehicle Category (VEC). -->
							<VehClass Size="3" />
							<!-- Size of 3 = "Economy" - See  OpenTravel Code List Size (SIZ). -->
							<VehMakeModel Name="Chevrolet Cobalt Coupe" />
							<PictureURL>ChevroletCobalt2Dr.jpg</PictureURL>
						  </Vehicle>
						  <RentalRate>
							<RateDistance Unlimited="true" DistUnitName="Mile" VehiclePeriodUnitName="RentalPeriod" />
							<VehicleCharges>
							  <VehicleCharge Amount="169.00" CurrencyCode="USD" Description="Weekly Rate" IncludedInEstTotalInd="true" Purpose="1">
							<!-- Purpose of 1 = "Vehicle Rental" - See OpenTravel Code List Vehicle Charge Purpose Type (VCP). -->
								<Calculation UnitCharge="169.00" UnitName="Week" Quantity="1" />
							  </VehicleCharge>
							  <VehicleCharge Amount="48.28" CurrencyCode="USD" Description="Extra Day Rate" IncludedInEstTotalInd="true" Purpose="10">
							<!-- Purpose of 10 = "Additional Day" - See OpenTravel Code List Vehicle Charge Purpose Type (VCP). -->
								<Calculation UnitCharge="24.14" UnitName="Day" Quantity="2" />
							  </VehicleCharge>
							</VehicleCharges>
							<RateQualifier RateCategory="16" />
							<!-- Rate Category of 16 = "Standard" - See OpenTravel Code List Rate Category (RTC). -->
							
							<!-- No show fee indicator is not included in schema so a no show fee does not apply. -->
							<RateRestrictions AdvancedBookingInd="true" />
						  </RentalRate>
						  <TotalCharge RateTotalAmount="217.28" EstimatedTotalAmount="273.99" CurrencyCode="USD" />
						  <Fees>
							<Fee Amount="15.21" CurrencyCode="USD" Description="Sales Tax" IncludedInEstTotalInd="true" Purpose="7">
							<!-- Purpose of 7 = "Fee" - See OpenTravel Code List Vehicle Charge Purpose Type (VCP). -->
							  <Calculation UnitCharge="217.28" Percentage="7.0" />
							</Fee>
							<Fee Amount="17.38" CurrencyCode="USD" Description="Excise Tax" IncludedInEstTotalInd="true" Purpose="7">
							<!-- Purpose of 7 = "Fee" - See OpenTravel Code List Vehicle Charge Purpose Type (VCP). -->
							  <Calculation UnitCharge="217.28" Percentage="8.0" />
							</Fee>
							<Fee Amount="24.12" CurrencyCode="USD" Description="Airport Fee" IncludedInEstTotalInd="true" Purpose="7">
							<!-- Purpose of 7 = "Fee" - See OpenTravel Code List Vehicle Charge Purpose Type (VCP). -->
							  <Calculation UnitCharge="217.28" Percentage="11.1" />
							</Fee>
						  </Fees>
						  <Reference Type="16" ID="780623060" />
						  <!-- Reference type of 16 = "Reference" - See OpenTravel Code List Unique ID Type (UIT). -->
						</VehAvailCore>
					  </VehAvail>
					  
					<!-- VEHICLE AVAILABILITY/RATES INFORMATION: Car 2 -->
					<VehAvail>
						<VehAvailCore Status="Available">
						  <Vehicle AirConditionInd="true" TransmissionType="Automatic" FuelType="Unspecified" DriveType="Unspecified" PassengerQuantity="5" BaggageQuantity="2" Code="CCAR" CodeContext="SIPP">
							<VehType VehicleCategory="1" DoorCount="2-4" />
							<!-- Vehicle Category of 1 = "Car" - See OpenTravel Code List Vehicle Category (VEC). -->
							<VehClass Size="4" />
							<!-- Size of 4 = "Compact" - See  OpenTravel Code List Size (SIZ). -->
							<VehMakeModel Name="Ford Focus" />
							<PictureURL>FordFocus.jpg</PictureURL>
						  </Vehicle>
						  <RentalRate QuoteID="123456789">
							<RateDistance Unlimited="true" DistUnitName="Mile" VehiclePeriodUnitName="RentalPeriod" />
							<VehicleCharges>
							  <VehicleCharge Amount="174.95" CurrencyCode="USD" Description="Weekly Rate" IncludedInEstTotalInd="true" Purpose="1">
							<!-- Purpose of 1 = "Vehicle Rental" - See OpenTravel Code List Vehicle Charge Purpose Type (VCP). -->
								<Calculation UnitCharge="174.95" UnitName="Week" Quantity="1" />
							  </VehicleCharge>
							  <VehicleCharge Amount="49.98" CurrencyCode="USD" Description="Extra Day Rate" IncludedInEstTotalInd="true" Purpose="10">
							<!-- Purpose of 10 = "Additional Day" - See OpenTravel Code List Vehicle Charge Purpose Type (VCP). -->
								<Calculation UnitCharge="24.99" UnitName="Day" Quantity="2" />
							  </VehicleCharge>
							</VehicleCharges>
							<RateQualifier RateCategory="16" />
							<!-- Rate Category of 16 = "Standard" - See OpenTravel Code List Rate Category (RTC). -->
							
							<!-- No show fee indicator is true, so no show fees apply. Note that the guarantee required indicator is also set to true for specification of no show fee payment information. -->
							<RateRestrictions AdvancedBookingInd="true" GuaranteeReqInd="true" NoShowFeeInd="true" />
						  </RentalRate>
						  <TotalCharge RateTotalAmount="224.93" EstimatedTotalAmount="283.64" CurrencyCode="USD" />
						  <Fees>
							<Fee Amount="15.75" CurrencyCode="USD" Description="Sales Tax" IncludedInEstTotalInd="true" Purpose="7">
							<!-- Purpose of 7 = "Fee" - See OpenTravel Code List Vehicle Charge Purpose Type (VCP). -->
							  <Calculation UnitCharge="224.93" Percentage="7.0" />
							</Fee>
							<Fee Amount="17.99" CurrencyCode="USD" Description="Excise Tax" IncludedInEstTotalInd="true" Purpose="7">
							<!-- Purpose of 7 = "Fee" - See OpenTravel Code List Vehicle Charge Purpose Type (VCP). -->
							  <Calculation UnitCharge="224.93" Percentage="8.0" />
							</Fee>
							<Fee Amount="24.97" CurrencyCode="USD" Description="Airport Fee" IncludedInEstTotalInd="true" Purpose="7">
							<!-- Purpose of 7 = "Fee" - See OpenTravel Code List Vehicle Charge Purpose Type (VCP). -->
							  <Calculation UnitCharge="224.93" Percentage="11.1" />
							</Fee>
						  </Fees>
						  <Reference Type="16" ID="780623061" />
						   <!-- Reference type of 16 = "Reference" - See OpenTravel Code List Unique ID Type (UIT). -->
					   </VehAvailCore>
						
						<VehAvailInfo>
							<!-- The payment rules are specified here. -->
						  <PaymentRules>
							<PaymentRule Amount="25.00" CurrencyCode="USD" RuleType="5" OffsetTimeUnit="Hour" OffsetUnitMultiplier="24" OffsetDropTime="BeforeArrival" />
							<!-- The no show fee amount is $25.00 US. -->
							<!-- RuleType of 5 is "No Show" - See OpenTravel Code List Rule Type (RUL). -->
							<!-- The combination of OffsetTimeUnit, OffsetUnitMultiplier, and OffsetDropTime indicate the no show fee will be invoked if the vehicle reservation is not cancelled 24 hours before the pick-up time. -->
						  </PaymentRules>
						</VehAvailInfo>
					  </VehAvail>
					</VehAvails>
				  </VehVendorAvail>
				</VehVendorAvails>
			  </VehAvailRSCore>
			</CarResults>

		</SearchResults>
	
</OTA_DynamicPkgAvailRS>
