<?xml version="1.0" encoding="UTF-8"?><OTA_CruiseBookingHistoryRS xmlns="http://www.opentravel.org/OTA/2003/05" xmlns:xsi="http://www.w3.org/2001/XMLSchema-instance" xsi:schemaLocation="http://www.opentravel.org/OTA/2003/05OTA_CruiseBookingHistoryRS.xsd" EchoToken="34672" TimeStamp="2006-06-21T09:30:47-05:00" Target="Production" Version="1.000" TransactionIdentifier="22A55">	<Success/>	<ReservationID Type="14" ID="7674589"/>	<!--Type value of 14=Reservation -->	<HistoryInfos>		<HistoryInfo PseudoCityCode="BY03" AgentSine="USN67" LastModified="2006-06-17T09:30:47-05:00">			<Items>				<Item LastModifyDateTime="2006-06-17T09:30:47-05:00" LastModifierID="Jody">					<Text>Guest Julie Peterson age changed from 26 to 30</Text>				</Item>				<Item LastModifyDateTime="2006-06-17T09:30:47-05:00" LastModifierID="Jody">					<Text>Guest Jack Peterson age changed from 26 to 32</Text>				</Item>			</Items>		</HistoryInfo>		<HistoryInfo PseudoCityCode="BY03" AgentSine="USN67"  LastModified="2006-06-17T09:30:47-05:00">			<Items>				<Item LastModifyDateTime="2006-06-19T15:30:47-05:00" LastModifierID="Jody">					<Text>Dining changed from Main to Second</Text>				</Item>			</Items>		</HistoryInfo>	</HistoryInfos></OTA_CruiseBookingHistoryRS>