<?xml version="1.0" encoding="UTF-8"?><OTA_CancelRQ xsi:schemaLocation="http://www.opentravel.org/OTA/2003/05 OTA_CancelRQ.xsd" xmlns="http://www.opentravel.org/OTA/2003/05" xmlns:xsi="http://www.w3.org/2001/XMLSchema-instance" Version="1.0" CancelType="Cancel">		<POS>		<Source>				<RequestorID ID="BTA142" MessagePassword="jg97fg6#67f" Type="1">					<CompanyName>Bob's Travel Agency</CompanyName>				</RequestorID>		</Source>	</POS>	<UniqueID Type="14" ID="301877540" ID_Context="USV"/></OTA_CancelRQ>