<?xml version="1.0" encoding="UTF-8"?><OTA_LoyaltyAccountRS Version="1.002" xmlns="http://www.opentravel.org/OTA/2003/05" xmlns:xsi="http://www.w3.org/2001/XMLSchema-instance" xsi:schemaLocation="http://www.opentravel.org/OTA/2003/05OTA_LoyaltyAccountRS.xsd">	<Success/>	<UniqueID Type="1" ID="7653874T"/>	<AccountInfo PointBalance="10000" EnrollmentType="Full" EnrollmentMethod="1">		<MemberInfo>			<PersonName>				<GivenName>John</GivenName>				<MiddleName>T</MiddleName>				<Surname>Smith</Surname>			</PersonName>			<Telephone PhoneNumber="804-333-8989" PhoneUseType="4"/>			<Telephone PhoneNumber="804-222-7777" PhoneUseType="3"/>			<Address Type="2">				<AddressLine>1234 Main Street</AddressLine>				<AddressLine>Suite 22</AddressLine>				<CityName>Akron</CityName>				<PostalCode>23255</PostalCode>				<StateProv StateCode="VA"/>				<CountryName Code="US"/>			</Address>			<Email EmailType="1">jsmith99@myserver.com</Email>			<Email EmailType="2">jsmith@company.com</Email>			<CompanyName>MyCompany</CompanyName>			<EmployeeInfo EmployeeTitle="Manager">Manager</EmployeeInfo>		</MemberInfo>		<MemberPreferences Awareness="Web" PromotionCode="A1" AwardsPreference="Points">			<AdditionalReward MemberID="1234567">				<Name>					<GivenName>Cathy</GivenName>					<Surname>Stevens-Smith</Surname>				</Name>			</AdditionalReward>			<Offer Type="Partner">				<Communication DistribType="0"/>			</Offer>			<Offer Type="Loyalty">				<Communication DistribType="1"/>			</Offer>		</MemberPreferences>	</AccountInfo></OTA_LoyaltyAccountRS>