<?xml version="1.0" encoding="UTF-8"?><OTA_ReadRQ xmlns="http://www.opentravel.org/OTA/2003/05" xmlns:xsi="http://www.w3.org/2001/XMLSchema-instance" xsi:schemaLocation="http://www.opentravel.org/OTA/2003/05 OTA_ReadRQ.xsd" EchoToken="134566" TimeStamp="2006-01-06T23:30:45" Target="Production" Version="1.12" SequenceNmbr="1" PrimaryLangID="en-us">	<POS>		<Source PseudoCityCode="ZRH" AgentDutyCode="GS">			<RequestorID Type="6" ID="1234567"/>		</Source>	</POS>	<ReadRequests>		<AirReadRequest>			<QueueInfo FullDataInd="false" RemoveFromQueueInd="true">				<Queue PseudoCityCode="2U7" QueueNumber="760" SystemCode="LX"/>			</QueueInfo>		</AirReadRequest>	</ReadRequests></OTA_ReadRQ>