<?xml version="1.0" encoding="UTF-8"?><OTA_HotelAvailNotifRQ xmlns:xsi="http://www.w3.org/2001/XMLSchema-instance" xmlns="http://www.opentravel.org/OTA/2003/05" xsi:schemaLocation="http://www.opentravel.org/OTA/2003/05 OTA_HotelAvailNotifRQ.xsd" TimeStamp="2004-05-01T06:39:09" Target="Production" Version="1.002">	<AvailStatusMessages ChainCode="SW" BrandCode="WI" HotelCode="00000" HotelName="The Westin">		<AvailStatusMessage BookingLimit="40" BookingLimitMessageType="AdjustLimit">			<StatusApplicationControl Start="2004-04-06" End="2004-04-07">			</StatusApplicationControl>			<UniqueID Type="16" ID="1 ">			</UniqueID>		</AvailStatusMessage>		<AvailStatusMessage BookingLimit="30" BookingLimitMessageType="AdjustLimit">			<StatusApplicationControl Start="2004-04-07" End="2004-04-09">			</StatusApplicationControl>			<UniqueID Type="16" ID="2">			</UniqueID>		</AvailStatusMessage>		<AvailStatusMessage BookingLimit="0" BookingLimitMessageType="AdjustLimit">			<StatusApplicationControl Start="2004-04-09" End="2004-04-10">			</StatusApplicationControl>			<UniqueID Type="16" ID="3">			</UniqueID>		</AvailStatusMessage>		<AvailStatusMessage BookingLimit="10" BookingLimitMessageType="AdjustLimit">			<StatusApplicationControl Start="2004-04-06" End="2004-04-08" InvCode="KNS">			</StatusApplicationControl>			<UniqueID Type="16" ID="4">			</UniqueID>		</AvailStatusMessage>		<AvailStatusMessage BookingLimit="20" BookingLimitMessageType="AdjustLimit">			<StatusApplicationControl Start="2004-05-01" End="2004-05-04" InvCode="DDS">			</StatusApplicationControl>			<UniqueID Type="16" ID="5">			</UniqueID>		</AvailStatusMessage>		<AvailStatusMessage BookingLimit="15" BookingLimitMessageType="AdjustLimit">			<StatusApplicationControl Start="2004-04-10" End="2004-04-18" InvCode="CLBS">			</StatusApplicationControl>			<UniqueID Type="16" ID="6">			</UniqueID>		</AvailStatusMessage>	</AvailStatusMessages></OTA_HotelAvailNotifRQ>