<?xml version="1.0" encoding="UTF-8"?><OTA_CruiseCancellationPricingRQ xmlns="http://www.opentravel.org/OTA/2003/05" xmlns:xsi="http://www.w3.org/2001/XMLSchema-instance" xsi:schemaLocation="http://www.opentravel.org/OTA/2003/05 OTA_CruiseCancellationPricingRQ.xsd" Version="1.0" Target="Production" TransactionIdentifier="6940" TimeStamp="2007-02-17T09:30:47">	<POS>		<Source AirportCode="MIA" ISOCountry="US" PseudoCityCode="MIANCL02">			<RequestorID Type="5" ID="TA123456">				<!-- Type value 5 indicates Travel Agency -->				<CompanyName CompanyShortName="NCL" Code="NCLWEB"/>			</RequestorID>		</Source>	</POS>	<ReservationID Type="14" ID="12877326">		<!-- Type value of 14 indicates this is a cruise line reservation number -->	</ReservationID>	<Currency DecimalPlaces="2" CurrencyCode="USD"/></OTA_CruiseCancellationPricingRQ>