<?xml version="1.0" encoding="UTF-8"?><OTA_HotelPostEventRQ TimeStamp="2007-07-17T09:30:47" Version="1.0" Target="Production" SequenceNmbr="1" PrimaryLangID="en-us" xsi:schemaLocation="http://www.opentravel.org/OTA/2003/05 OTA_HotelPostEventRQ.xsd" xmlns="http://www.opentravel.org/OTA/2003/05" xmlns:xsi="http://www.w3.org/2001/XMLSchema-instance">	<Requestor ID="CIC07042008" Type="17" SecondaryRoutingIndicator="false" RequestorType="EventPlanner" Instance="1.0" URL="http://www.conventionindustry.org">		<!-- Type  (UIT) 17=MeetingPlanning Agency-->		<CompanyName CompanyShortName="CIC" Department="Meeting Planning">Convention Industry Council</CompanyName>	</Requestor>	<Events>		<Event MostRecentEventIndicator="true" EventHostName="Convention Industry Council">			<Date Duration="P3D" End="2007-07-06" Start="2007-07-04"/>			<EventIdentifier MeetingName="2007 CMP Summit Meeting" ID="CIC07312007"/>		</Event>	</Events></OTA_HotelPostEventRQ>