<?xml version="1.0" encoding="UTF-8"?><OTA_HotelEventRQ TimeStamp="2006-09-13T12:00:00" xmlns="http://www.opentravel.org/OTA/2003/05" xmlns:xsi="http://www.w3.org/2001/XMLSchema-instance" xsi:schemaLocation="http://www.opentravel.org/OTA/2003/05 OTA_HotelEventRQ.xsd" Version="1.001">	<Events>		<Event Name="Educational Conference" Type="5" Frequency="Annual" MandatoryIndicator="false" SpouseInvitedIndicator="false" ChildrenInvitedIndicator="false" Scope="SingleVenue">			<!-- Codelist Event Type ETT 5 =Educational Meeting -->			<Contacts>				<Contact OnSiteIndicator="false" ContactType="16" EmergencyFlag="true">					<!-- Codelist Profile Type PRT 16 =Event Host -->					<PersonName>						<GivenName>Bob</GivenName>						<Surname>Horn</Surname>					</PersonName>					<Telephone AreaCityCode="901" CountryAccessCode="1" PhoneNumber="3746031" PhoneTechType="1"/>					<!-- Codelist Phone Tech Type PTT 1 = voice -->					<Telephone AreaCityCode="901" CountryAccessCode="1" PhoneNumber="3745406" PhoneTechType="3"/>					<!-- Codelist Phone Tech Type PTT 3 =fax -->					<Address UseType="2" RPH="1">						<!-- Codelist Address Use Type AUT 2 = mailing -->						<AddressLine>PO Box 12 </AddressLine>					</Address>					<Email EmailType="2" RPH="1">Bob.horn@hilton.com></Email>					<!-- Codelist Email Address Type EAT 2 = business -->					<URL>www.sgmp.com</URL>					<CompanyName>Gateway Chapter SGMP</CompanyName>				</Contact>				<Contact OnSiteIndicator="true" ContactType="16" EmergencyFlag="true">					<!-- Codelist Profile Type PRT 16 = Event Host -->					<PersonName>						<GivenName>Gayle</GivenName>						<Surname>French</Surname>					</PersonName>					<Telephone AreaCityCode="901" CountryAccessCode="1" PhoneNumber="3746031" PhoneTechType="1"/>					<!-- Codelist Phone Tech Type PTT 1 = voice -->					<Telephone AreaCityCode="901" CountryAccessCode="1" PhoneNumber="3745406" PhoneTechType="3"/>					<!-- Codelist Phone Tech Type PTT 3=fax -->					<Address Type="2" RPH="2"/>					<!-- Codelist Address Use Type AUT 2 = mailing -->					<Address>						<AddressLine>PO Box 12</AddressLine>					</Address>					<Email EmailType="2">Gayle.french@nima.gov></Email>					<!-- Codelist Email Address Type EAT 2 = business -->					<CompanyName>Gateway Chapter SGMP</CompanyName>				</Contact>				<Contact OnSiteIndicator="true" ContactType="16" EmergencyFlag="true">					<!-- Codelist Profile Type PRT 16 = Event Host -->					<PersonName>						<GivenName>Veronica</GivenName>						<Surname>Lipps</Surname>					</PersonName>					<Telephone AreaCityCode="901" CountryAccessCode="1" PhoneNumber="3746031" PhoneTechType="1"/>					<!-- Codelist Phone Tech Type PTT 1 = voice -->					<Telephone AreaCityCode="901" CountryAccessCode="1" PhoneNumber="3745406" PhoneTechType="3"/>					<!-- Codelist Phone Tech Type PTT 3 =fax -->					<Address Type="2" RPH="3"/>					<!-- Codelist Address Use Type AUT 2 = mailing -->					<Address>						<AddressLine>PO Box 12</AddressLine>					</Address>					<Email EmailType="2">vlipps@starwood.com></Email>					<!-- Codelist Email Address Type EAT 2 = business -->					<CompanyName>Gateway Chapter SGMP</CompanyName>					<Comments>						<Comment Name="Event Host Overview">							<Text>SGMP is an organization for Government Meeting Professional and the organizations that supply their meeting needs.  It's purpose is to educate members in ways to make meetings more effective as well as more cost effective.</Text>						</Comment>						<Comment Name="Description of Responsibilities" Language="en">							<Text>Responsible for overall function</Text>						</Comment>						<Comment Name="Medical/Emergency Instructions">							<Text>Contact Bob Horn on Cell</Text>						</Comment>						<Comment Name="Crisis and  Emergency Instructions">							<Text>Contact Bob Horn on Cell</Text>						</Comment>						<Comment Name="On-site Communications Protocol">							<Text>Contact Bob Horn on Cell</Text>						</Comment>						<Comment Name="Description of Responsibilities">							<Text>Secondary contact</Text>						</Comment>						<Comment Name="Description of Responsibilities">							<Text>Responsible for all breakout sessions</Text>						</Comment>					</Comments>				</Contact>			</Contacts>			<AttendeeInfo ExpectedTotalQuantity="100" DomesticQuantity="100" InternationalQuantity="0" PreRegisteredQuantity="112">				<Comments>					<Comment Name="Demographics Profile">						<Text>No</Text>					</Comment>					<Comment Name="Accessibility Special Needs">						<Text>No</Text>					</Comment>				</Comments>			</AttendeeInfo>			<EventInfos>				<EventInfo Start="2006-08-29T13:00:00" Duration="P1D" End="2006-08-30T15:00:00">					<AdditionalDates>						<AdditionalDate Start="2006-08-29" Duration="P1D" End="2006-08-30" Type="Published" Name="Educational Conference"/>						<AdditionalDate Start="2006-08-23T13:00:00" End="2006-08-23" Type="PreConMeeting" AttendeeQuantity="2" Name="Educational Conference" LocationName="HI Select Room"/>						<AdditionalDate Start="2006-08-28" Type="MajorArrival" Name="Educational Conference"/>						<AdditionalDate Start="2006-08-30" Type="MajorDeparture" Name="Educational Conference"/>					</AdditionalDates>					<Contacts>						<Contact ContactType="18" RPH="1">							<!-- Codelist Profile Type PRT 18 = Billing Contact -->							<PersonName>								<GivenName>Bob</GivenName>								<Surname>Horn</Surname>							</PersonName>							<Address UseType="2">								<!-- Codelist Address Use Type AUT 2 = mailing -->								<AddressLine>Gateway Chapter SGMP </AddressLine>								<AddressLine>PO Box 12 </AddressLine>								<CityName>St Louis</CityName>								<PostalCode>63101</PostalCode>								<StateProv StateCode="MO"/>								<CountryName Code="US">USA</CountryName>							</Address>						</Contact>						<Contact ContactType="19" RPH="1">							<!-- Codelist Profile Type PRT 19 =Authorized Signature -->							<PersonName>								<GivenName>Bob</GivenName>								<Surname>Horn</Surname>							</PersonName>							<Address/>							<URL/>							<CompanyName/>							<EmployeeInfo EmployeeTitle="Education Chair"/>							<Comments>								<Comment Name="Event Objectives">									<Text>Provide a two day educational conference for local chapter members along with a small trade show for supplier 							along with lunches, breaks and a dinner.  This event wil be educational as well as provide a networking opportunity.</Text>								</Comment>								<Comment Name="Porterage Luggage Delivery Requirements">									<Text/>								</Comment>								<Comment Name="Drive In and Parking Instructions">									<Text>90% of attendees will be driving in for this event</Text>								</Comment>								<Comment Name="Fly-In Instructions">									<Text>fly-in guests will call for airport pickupt</Text>								</Comment>								<Comment Name="Other Arrival Departure Comments">									<Text/>								</Comment>							</Comments>						</Contact>					</Contacts>				</EventInfo>			</EventInfos>			<Sites>				<Site PrimaryFacilityIndicator="true" HeadquarterHotelIndicator="true" HotelName="Holiday Inn Select Downtown">					<Contacts>						<Contact>							<Address>								<CityName>St Louis</CityName>								<StateProv>MO</StateProv>								<CountryName Code="US">United States</CountryName>							</Address>						</Contact>					</Contacts>					<RoomBlock>						<ReservationMethod Code="3"/>						<!-- CodelistReservation Method Code RMC 3 =individual -->						<StayDays>							<StayDay DayNumber="1"/>							<Comments>								<Comment/>							</Comments>						</StayDays>					</RoomBlock>					<EventDays FirstEventDayOfWeek="Mon">						<EventDay DayNumber="1">							<EventDayFunctions>								<EventDayFunction FunctionName="General Session" FunctionType="30" LocationName="Regency A" TwentyFourHourHold="false" StartTime="08:00:00" EndTime="10:00:00" AttendeeQuantity="100" RequiredKeyQuantity="1" ReKeyIndicator="false" PostIndicator="true" ID="01" ExhibitionIndicator="false">									<!-- Codelist Event Charge EVT 30 =General Session -->									<Contacts>										<Contact ContactType="16" RPH="1">											<!-- Codelist Profile Type PRT 16 =Event Host -->											<PersonName>												<GivenName>Bob</GivenName>												<Surname>Horn</Surname>											</PersonName>											<Telephone AreaCityCode="901" CountryAccessCode="1" PhoneNumber="3746031" PhoneTechType="1"/>											<!-- Codelist Phone Tech Type PTT 1 = voice -->											<Email EmailType="2">bob.horn@hilton.com</Email>											<!-- Codelist Email Address Type EAT 2 = business -->											<CompanyName>Gateway Chapter SGMP</CompanyName>										</Contact>									</Contacts>								</EventDayFunction>								<EventDayFunction FunctionName="Breakout 1" FunctionType="3" LocationName="Pavillion 1" TwentyFourHourHold="false" StartTime="10:15:00" EndTime="12:00:00" AttendeeQuantity="50" RequiredKeyQuantity="1" ReKeyIndicator="false" PostIndicator="true" ID="03" ExhibitionIndicator="false">									<!-- Codelist Event Charge EVT 3 =Break-Out -->									<Contacts>										<Contact ContactType="16" RPH="1">											<!-- Codelist Profile Type PRT 16 =Event Host -->											<PersonName>												<GivenName>Bob</GivenName>												<Surname>Horn</Surname>											</PersonName>											<Telephone AreaCityCode="901" CountryAccessCode="1" PhoneNumber="3746031" PhoneTechType="1"/>											<!-- Codelist Phone Tech Type PTT 1 = voice -->											<Email EmailType="2">bob.horn@hilton.com</Email>											<!-- Codelist Email Address Type EAT 2 = business -->											<CompanyName>Gateway Chapter SGMP</CompanyName>										</Contact>									</Contacts>									<AudioVisuals ProvidedBy="Venue">										<AudioVisual Code="158" Quantity="1" Amount="295" CurrencyCode="USD"/>										<!--Newly revised MRC Code table 158=Data projector-->										<AudioVisual Code="163" Quantity="1" Amount="50" CurrencyCode="USD"/>										<!--Newly revised MRC Code table 163= Standing Lectern-->										<AudioVisual Code="169" Quantity="1" Amount="35" CurrencyCode="USD"/>										<!--Newly revised MRC Code table 169=Wireless Lavaliere Microphone-->										<AudioVisual Code="159" Quantity="1" Amount="250" CurrencyCode="USD"/>										<!--Newly revised MRC Code table 159=Laptop Computer-->									</AudioVisuals>									<RoomSetup SetByTime="10:00:00" RoomSetupCode="21" SetForQuantity="100" DismantleByTime="12:30:00"/>									<!-- MeetingRoom Format Code MRF 21=Classroom 2 per 6 ft table-->									<SessionTimes/>								</EventDayFunction>								<EventDayFunction FunctionName="Breakout 2" FunctionType="3" LocationName="Pavillion 2" TwentyFourHourHold="false" StartTime="10:15:00" EndTime="12:00:00" AttendeeQuantity="50" RequiredKeyQuantity="1" ReKeyIndicator="false" PostIndicator="true" ID="04" ExhibitionIndicator="false">									<!-- Codelist Event Charge EVT 3 =Break-Out -->									<Contacts>										<Contact ContactType="16" RPH="1">											<!-- Codelist Profile Type PRT 16 =Event Host -->											<PersonName>												<GivenName>Bob</GivenName>												<Surname>Horn</Surname>											</PersonName>											<Telephone AreaCityCode="901" CountryAccessCode="1" PhoneNumber="3746031" PhoneTechType="1"/>											<!-- Codelist Phone Tech Type PTT 1 = voice -->											<Email EmailType="2">bob.horn@hilton.com</Email>											<!-- Codelist Email Address Type EAT 2 = business -->											<CompanyName/>										</Contact>									</Contacts>									<RoomSetup SetByTime="10:00:00" RoomSetupCode="21" SetForQuantity="50" DismantleByTime="12:30:00"/>									<!-- MeetingRoom Format Code MRF 21=Classroom 2 per 6 ft table-->									</EventDayFunction>								<EventDayFunction FunctionName="Lunch" FunctionType="5" LocationName="Regency B" TwentyFourHourHold="false" StartTime="12:00:00" EndTime="13:00:00" AttendeeQuantity="100" RequiredKeyQuantity="1" ReKeyIndicator="false" PostIndicator="true" ID="05" ExhibitionIndicator="false">									<!-- Codelist Event Charge EVT 5 =Lunch -->									<Contacts>										<Contact ContactType="16" RPH="1">											<!-- Codelist Profile Type PRT 16 =Event Host -->											<PersonName>												<GivenName>Bob</GivenName>												<Surname>Horn</Surname>											</PersonName>											<Telephone AreaCityCode="901" CountryAccessCode="1" PhoneNumber="3746031" PhoneTechType="1"/>											<!-- Codelist Phone Tech Type PTT 1 = voice -->											<Email EmailType="2">bob.horn@hilton.com</Email>											<!-- Codelist Email Address Type EAT 2 = business -->											<CompanyName>Gateway Chapter SGMP</CompanyName>										</Contact>									</Contacts>									<AudioVisuals ProvidedBy="Venue">										<AudioVisual Code="158" Quantity="1"/>										<!--MRC Code table 158=Data Projector-->										<AudioVisual Code="139" Quantity="1">											<!-- MRC Code table 139=Screen-->										</AudioVisual>									</AudioVisuals>									<RoomSetup SetByTime="11:00:00" RoomSetupCode="10" SetForQuantity="100" DismantleByTime="13:30:00"/>									<!-- MeetingRoom Format Code MRF 10=Round for 8-->									<SessionTimes/>									<FoodAndBeverages>										<FoodAndBeverage SetForQuantity="100" ServiceTime="12:00:00" AttendeeQuantity="100" GuaranteeQuantity="100" MealTypeCode="5" ServiceTypeCode="24">											<!--Available Meal Type code AMC = 5 Lunch-->											<!-- EventCharge Code EVT 24=Hot plated lunch-->											<Comments>												<Comment/>											</Comments>											<Menus>												<Menu Name="Pulled Chicken and Roasted Vegetable Rigatoni Pasta with Basil Marinara and Shaved Parmesan" Quantity="100" Amount="2195" ChargeUnit="7" CurrencyCode="USD" DecimalPlaces="2"/>												<!-- Charge Unit Code CHG 7=per person-->											</Menus>										</FoodAndBeverage>									</FoodAndBeverages>									<Services>										<Service StartTime="12:00:00" EndTime="12:00:00" ProvidedBy="Venue">											<Comments>												<Comment Name="General Security/Surveillance"/>											</Comments>										</Service>										<Service StartTime="12:00:00" EndTime="13:00:00" ProvidedBy="Venue">											<Comments>												<Comment Name="First-Aid Services"/>											</Comments>										</Service>										<Service ProvidedBy="Venue">											<Comments>												<Comment Name="Signage"/>											</Comments>										</Service>									</Services>								</EventDayFunction>							</EventDayFunctions>							<OffSiteTransportations>								<OffSiteTransportation>									<Location/>									<Comments>										<Comment/>									</Comments>								</OffSiteTransportation>							</OffSiteTransportations>						</EventDay>					</EventDays>					<Comments>						<Comment Name="Suites"/>						<Comment Name="Double/Single Occupancy">							<Text/>						</Comment>						<Comment Name="Accessibility/Special Needs RoomsSuites">							<Text/>						</Comment>						<Comment Name="Amenities">							<Text>four bottles of water in each room</Text>						</Comment>						<Comment Name="In-Room Deliveries">							<Text>In room gift to be delivered August 29</Text>						</Comment>						<Comment Name="Room Drops">							<Text>no special needs</Text>						</Comment>						<Comment Name="Other Housing Comments">							<Text>place all VIPs and Event Contact together</Text>						</Comment>					</Comments>				</Site>			</Sites>		</Event>	</Events></OTA_HotelEventRQ>