<?xml version="1.0" encoding="UTF-8"?><OTA_DestActivityResRS xmlns:xsi="http://www.w3.org/2001/XMLSchema-instance" xmlns="http://www.opentravel.org/OTA/2003/05" xsi:schemaLocation="http://www.opentravel.org/OTA/2003/05 OTA_DestActivityResRS.xsd" Version="1.000" TimeStamp="2005-01-03T12:20:00Z" EchoToken="12345" SequenceNmbr="123456" Target="Test">	<Success/>	<ReservationReferences>		<ReservationReference Type="13" ID="786546" URL="http://www.viator.com"/>		<ReservationReference Type="14" ID="SMI567" URL="http://www.paris.com"/>	</ReservationReferences>	<ReservationResponseItems>		<Item>			<ReservationItemReferences>				<ReservationItemReference Type="13" ID="7654365" URL="http://www.viator.com"/>				<ReservationItemReference Type="14" ID="SMI567a" URL="http://www.paris.com"/>			</ReservationItemReferences>		</Item>		<Item PickupTime="18:00:00">			<PickupLocation>			<Text>Paris Marriot Lobby</Text>			</PickupLocation>			<ReservationItemReferences>				<ReservationItemReference Type="13" ID="7654366" URL="http://www.viator.com"/>				<ReservationItemReference Type="14" ID="SMI567b" URL="http://www.paris.com"/>			</ReservationItemReferences>		</Item>	</ReservationResponseItems></OTA_DestActivityResRS>