<?xml version="1.0" encoding="UTF-8"?><OTA_TourAvailRQ xmlns="http://www.opentravel.org/OTA/2003/05" xmlns:xsi="http://www.w3.org/2001/XMLSchema-instance" xsi:schemaLocation="http://www.opentravel.org/OTA/2003/05OTA_TourAvailRQ.xsd" EchoToken="ABC001" TransactionIdentifier="1" TimeStamp="2008-01-16T16:15:00" Version="0.001" Target="Test">	<POS>		<Source AgentSine="ABC" AgentDutyCode="49682">			<RequestorID Type="5" ID="01253"/><!-- Type 5 is Travel Agent -->		</Source>	</POS>	<Tour ShortName="Hiking in Angola" ID="http://www.adventureserver.com/distribution/NoKeySet/Activity178">		<DateRange Start="2008-05-10"/>	</Tour>	<CustomerCount Code="10" Quantity="2"/>	<!-- Code value 10 = Adult -->	<CustomerCount Code="8" Quantity="2"/>	<!-- Code value 8 = Child --></OTA_TourAvailRQ>