<?xml version="1.0" encoding="UTF-8"?><OTA_VehAvailRateRQ xmlns="http://www.opentravel.org/OTA/2003/05" xmlns:xsi="http://www.w3.org/2001/XMLSchema-instance" xsi:schemaLocation="http://www.opentravel.org/OTA/2003/05 OTA_VehAvailRateRQ.xsd" Version="1.002">	<POS>		<Source ISOCountry="US" ISOCurrency="USD">			<RequestorID Type="5" ID="12345678"/>		</Source>		<Source>			<RequestorID Type="4" ID="1A2B">			<CompanyName>FunTravel</CompanyName>			</RequestorID>		</Source>	</POS>	<VehAvailRQCore Status="Available">		<VehRentalCore PickUpDateTime="2003-12-12T10:30:00" ReturnDateTime="2003-12-20T10:30:00">			<PickUpLocation LocationCode="LHR"/>			<ReturnLocation LocationCode="LHR"/>		</VehRentalCore>		<VendorPrefs>			<VendorPref CompanyShortName="Hertz" Code="ZE" PreferLevel="Preferred"/>		</VendorPrefs>		<VehPrefs>			<VehPref AirConditionInd="true" TransmissionType="Automatic" AirConditionPref="Only" TransmissionPref="Only">				<VehType VehicleCategory="1" DoorCount="4"/>				<VehClass Size="4"/>			</VehPref>		</VehPrefs>		<SpecialEquipPrefs>			<SpecialEquipPref EquipType="8" Quantity="1"/>		</SpecialEquipPrefs>	</VehAvailRQCore>	<VehAvailRQInfo>		<Customer>			<Primary>				<PersonName>					<GivenName>Joe</GivenName>					<Surname>Bailey</Surname>				</PersonName>			</Primary>		</Customer>		<ArrivalDetails TransportationCode="14" Number="2935">			<OperatingCompany Code="AA"/>		</ArrivalDetails>	</VehAvailRQInfo></OTA_VehAvailRateRQ>