<?xml version="1.0" encoding="UTF-8"?><OTA_HotelInvCountNotifRQ xmlns="http://www.opentravel.org/OTA/2003/05" xmlns:xsi="http://www.w3.org/2001/XMLSchema-instance" xsi:schemaLocation="http://www.opentravel.org/OTA/2003/05 OTA_HotelInvCountNotifRQ.xsd"	Version="1.000" Target="Production">	<Inventories ChainCode="CY" HotelCode="ATLPE">		<Inventory>			<StatusApplicationControl InvCodeApplication="InvCode" InvCode="SDD" Start="2005-04-01" End="2005-04-01">			</StatusApplicationControl>			<InvCounts>				<InvCount Count="30" ActionType="Allocation"/>			</InvCounts>		</Inventory>		<Inventory>			<StatusApplicationControl  InvCodeApplication="InvCode" InvCode="SDD" RatePlanCodeType="RatePlanCode" RatePlanCode="ROOMONLY" Start ="2005-04-01" End="2005-04-01">			</StatusApplicationControl>			<InvCounts>				<InvCount Count="10" ActionType="Allocation"/>			</InvCounts>		</Inventory>		<Inventory>			<StatusApplicationControl InvCodeApplication="InvCode" InvCode="SDD" RatePlanCodeType="RatePlanCode" RatePlanCode="ROOMCAR" Start="2005-04-01" End="2005-04-01">			</StatusApplicationControl>			<InvCounts>				<InvCount Count="10" ActionType="Allocation"/>			</InvCounts>		</Inventory>		<Inventory>			<StatusApplicationControl  InvCodeApplication="InvCode" InvCode="SDD" RatePlanCodeType="RatePlanCode" RatePlanCode="ROOMAIR" Start="2005-04-01" End="2005-04-01">			</StatusApplicationControl>			<InvCounts>				<InvCount Count="10" ActionType="Allocation"/>			</InvCounts>		</Inventory>		<Inventory>			<StatusApplicationControl  InvCodeApplication="InvCode" InvCode="SDD" RatePlanCodeType="RatePlanCode" RatePlanCode="RMCARAIR" Start="2005-04-01" End="2005-04-01">			</StatusApplicationControl>			<InvCounts>				<InvCount Count="10" ActionType="Allocation"/>			</InvCounts>		</Inventory>	</Inventories></OTA_HotelInvCountNotifRQ>