<?xml version="1.0" encoding="UTF-8"?><!DOCTYPE html PUBLIC "-//W3C//DTD XHTML 1.0 Strict//EN" "http://www.w3.org/TR/xhtml1/DTD/xhtml1-strict.dtd"><html xmlns="http://www.w3.org/1999/xhtml">  <head>    <title>OTA_DestActivityCapabilitiesRQ</title>    <meta http-equiv="content-type" content="text/html; charset=UTF-8" />    <style type="text/css"> .textElement { font-family: Arial; font-size: 10pt; color: #800000; }</style>    <style type="text/css"> .textAttr { font-family: Arial; font-size: 10pt; color: #FF0000; }</style>    <style type="text/css"> .textContents { font-family: Arial; font-size: 10pt; color: #000000; }</style>    <style type="text/css"> .textOperator { font-family: Arial; font-size: 10pt; color: #0000FF; }</style>    <style type="text/css"> .schemaHeader { font-family: Arial; font-size: 11pt; color: #000000; }</style>    <style type="text/css"> .schemaHeader2 { font-family: Arial; font-size: 11pt; font-weight: bold; color: #000000; }</style>    <style type="text/css"> .elementHeader { font-family: Arial; font-size: 10pt; color: #000000; }</style>    <style type="text/css"> .elementHeader2 { font-family: Arial; font-size: 10pt; font-weight: bold; color: #000000; }</style>    <style type="text/css"> .schemaName { font-family: Arial; font-size: 8pt; font-weight: bold; color: #000000; }</style>    <style type="text/css"> .schemaSubTitle { font-family: Arial; font-size: 8pt; color: #808080; }</style>    <style type="text/css"> .schemaSubData { font-family: Arial; font-size: 8pt; color: #000000; }</style>    <style type="text/css"> pre { margin-top: 0; margin-bottom: 0; }</style>    <style type="text/css"> .table-no-border { line-height: 100%; }</style>    <style type="text/css"> .table-border { line-height: 100%; border-style: solid; border-left-color: #ECE9D8; border-top-color: #ECE9D8; border-right-color: #ACA899; border-bottom-color: #ACA899; }</style>    <style type="text/css"> .td-border { border-style: solid; border-width: 1px; border-left-color: #ACA899; border-top-color: #ACA899; border-right-color: #ECE9D8; border-bottom-color: #ECE9D8; }</style>  </head>  <body>    <div>      <span class="schemaHeader">Schema </span>      <span class="schemaHeader2">OTA_DestActivityCapabilitiesRQ.xsd</span>      <br />      <br />      <br />      <a name="Link051A2AF0" />      <span class="elementHeader">element </span>      <span class="elementHeader2">OTA_DestActivityCapabilitiesRQ</span>      <table class="table-border" width="100%" cellspacing="0" cellpadding="5" border="1">        <tr valign="top">          <td class="td-border" align="right" style="width:10%;background-color:#F0F0F0;"><span class="schemaSubTitle">properties</span></td>          <td class="td-border" align="left" style="width:90%;background-color:#F0F0F0;"><table class="table-no-border" cellspacing="0" cellpadding="0"><tr valign="top"><td align="right" style="background-color:#F0F0F0;"><span class="schemaSubTitle">content&nbsp;</span></td><td align="left" style="background-color:#F0F0F0;"><span class="schemaSubData">complex</span></td></tr></table></td>        </tr>        <tr valign="top">          <td class="td-border" align="right" style="width:10%;background-color:#F0F0F0;"><span class="schemaSubTitle">annotation</span></td>          <td class="td-border" align="left" style="width:90%;background-color:#F0F0F0;"><table class="table-no-border" cellspacing="0" cellpadding="0"><tr valign="top"><td align="left" style="background-color:#F0F0F0;"><span class="schemaSubTitle">documentation</span></td></tr><tr valign="top"><td align="left" style="background-color:#F0F0F0;"><span class="schemaSubData">Sends a request for the functional capabilities of the target system. Following calls (such as resRQ) may be altered depending upon the target system's level of functionality.</span></td></tr></table></td>        </tr>      </table>      <br />      <br />      <span class="schemaSubTitle">XML Schema documentation generated by </span>      <a href="http://www.altova.com/xmlspy">        <span class="schemaName">XMLSpy</span>      </a>      <span class="schemaSubTitle"> Schema Editor </span>      <a href="http://www.altova.com/xmlspy">        <span class="schemaName">http://www.altova.com/xmlspy</span>      </a>    </div>  </body></html>