<?xml version="1.0" encoding="UTF-8"?><OTA_AirBookRS xmlns="http://www.opentravel.org/OTA/2003/05" xmlns:xsi="http://www.w3.org/2001/XMLSchema-instance" xsi:schemaLocation="http://www.opentravel.org/OTA/2003/05OTA_AirBookRS.xsd" Cancel="false" TimeStamp="2005-01-31T09:30:47-05:00" Target="Production" Version="1.000" SequenceNmbr="1" TransactionStatusCode="Start" PrimaryLangID="en-us" AltLangID="en-us">	<Success/>	<AirReservation LastModified="2004-09-30T08:35:00">		<AirItinerary DirectionInd="OneWay">			<OriginDestinationOptions>				<OriginDestinationOption>					<FlightSegment DepartureDateTime="2005-10-02T08:35:00" ArrivalDateTime="2005-10-02T11:25:00" 						RPH="1" FlightNumber="317" ResBookDesigCode="L" Status="30" NumberInParty="1">						<DepartureAirport LocationCode="LHR"/>						<ArrivalAirport LocationCode="ZRH"/>						<MarketingAirline Code="LX"/>						<MarriageGrp>1</MarriageGrp>					</FlightSegment>					<FlightSegment DepartureDateTime="2005-10-02T12:30:00" ArrivalDateTime="2005-10-02T15:10:00"						 RPH="2" FlightNumber="16" ResBookDesigCode="L" Status="30" NumberInParty="1">						<DepartureAirport LocationCode="ZRH"/>						<ArrivalAirport LocationCode="JFK"/>						<MarketingAirline Code="LX"/>						<MarriageGrp>1</MarriageGrp>					</FlightSegment>				</OriginDestinationOption>				<OriginDestinationOption>					<FlightSegment DepartureDateTime="2005-10-10T17:20:00" ArrivalDateTime="2005-11-10T07:05:00" 						RPH="3" FlightNumber="3001" ResBookDesigCode="L" Status="30" NumberInParty="1">						<DepartureAirport LocationCode="JFK"/>						<ArrivalAirport LocationCode="ZRH"/>						<OperatingAirline Code="AA" FlightNumber="0064"/>						<MarketingAirline Code="LX"/>					</FlightSegment>				</OriginDestinationOption>			</OriginDestinationOptions>		</AirItinerary>		<TravelerInfo>			<AirTraveler PassengerTypeCode="ADT">				<PersonName>					<GivenName>Bertram</GivenName>					<Surname>King</Surname>					<NameTitle>Mr</NameTitle>				</PersonName>				<TravelerRefNumber RPH="1"/>			</AirTraveler>			<SpecialReqDetails>				<SeatRequests>					<SeatRequest SmokingAllowed="false" SeatNumber="17A" TravelerRefNumberRPHList="1" 						FlightRefNumberRPHList="2" Status="30">						<DepartureAirport LocationCode="ZRH"/>						<ArrivalAirport LocationCode="JFK"/>					</SeatRequest>				</SeatRequests>				<SpecialServiceRequests>					<SpecialServiceRequest SSRCode="VGML" TravelerRefNumberRPHList="1" 						FlightRefNumberRPHList="1" Status="30">					</SpecialServiceRequest>					<SpecialServiceRequest SSRCode="VGML" TravelerRefNumberRPHList="1" 						FlightRefNumberRPHList="2" Status="30">					</SpecialServiceRequest>				</SpecialServiceRequests>				<OtherServiceInformations>					<OtherServiceInformation>						<TravelerRefNumber RPH="1"/>						<Airline Code="LX"/>						<Text>1VIP 1King/BertramMR</Text>					</OtherServiceInformation>				</OtherServiceInformations>				<Remarks>					<Remark RPH="1">Passenger unable to travel on original date.</Remark>					<Remark RPH="2">Passenger is travelling a day later</Remark>				</Remarks>			</SpecialReqDetails>		</TravelerInfo><BookingReferenceID Type="1" ID="GHIJKL"/> 	</AirReservation></OTA_AirBookRS>