<?xml version="1.0" encoding="UTF-8"?><OTA_HotelStatsNotifRQ xmlns="http://www.opentravel.org/OTA/2003/05" xmlns:xsi="http://www.w3.org/2001/XMLSchema-instance" xsi:schemaLocation="http://www.opentravel.org/OTA/2003/05 OTA_HotelStatsNotifRQ.xsd" EchoToken="952698" TimeStamp="2004-12-02T02:30:47-05:00" Target="Production" Version="1.002" PrimaryLangID="en-us">	<Statistics>		<Statistic ChainCode="1571" HotelCode="0001" FiscalDate="2004-12-01" ReportCode="IDeaSTotalReport_v1.0">			<StatisticApplicationSets>				<StatisticApplicationSet Start="2004-12-02" Duration="P1D">					<StatisticCodes>						<StatisticCode StatCode="STD" StatCategoryCode="3.SCC"/>					</StatisticCodes>					<RevenueCategorySummaries>						<RevenueCategorySummary RevenueCategoryCode="17.RCC" Amount="10987.50"/>					</RevenueCategorySummaries>					<CountCategorySummaries>						<CountCategorySummary SummaryCount="66" CountCategoryCode="8.CNT"/>						<CountCategorySummary SummaryCount="1" CountCategoryCode="9.CNT"/>						<CountCategorySummary SummaryCount="0" CountCategoryCode="10.CNT"/>						<CountCategorySummary SummaryCount="57" CountCategoryCode="11.CNT"/>						<CountCategorySummary SummaryCount="28" CountCategoryCode="12.CNT"/>						<CountCategorySummary SummaryCount="21" CountCategoryCode="13.CNT"/>					</CountCategorySummaries>			</StatisticApplicationSet>				<StatisticApplicationSet Start="2004-12-02" Duration="P1D">					<StatisticCodes>						<StatisticCode StatCode="DLX" StatCategoryCode="3.SCC"/>					</StatisticCodes>					<RevenueCategorySummaries>						<RevenueCategorySummary RevenueCategoryCode="17.RCC" Amount="2197.50"/>					</RevenueCategorySummaries>					<CountCategorySummaries>						<CountCategorySummary SummaryCount="13" CountCategoryCode="8.CNT"/>						<CountCategorySummary SummaryCount="0" CountCategoryCode="9.CNT"/>						<CountCategorySummary SummaryCount="0" CountCategoryCode="10.CNT"/>						<CountCategorySummary SummaryCount="11" CountCategoryCode="11.CNT"/>						<CountCategorySummary SummaryCount="5" CountCategoryCode="12.CNT"/>						<CountCategorySummary SummaryCount="4" CountCategoryCode="13.CNT"/>					</CountCategorySummaries>			</StatisticApplicationSet>				<StatisticApplicationSet Start="2004-12-02" Duration="P1D">					<StatisticCodes>						<StatisticCode StatCode="STE" StatCategoryCode="3.SCC"/>					</StatisticCodes>					<RevenueCategorySummaries>						<RevenueCategorySummary RevenueCategoryCode="17.RCC" Amount="1465.00"/>					</RevenueCategorySummaries>					<CountCategorySummaries>						<CountCategorySummary SummaryCount="8" CountCategoryCode="8.CNT"/>						<CountCategorySummary SummaryCount="0" CountCategoryCode="9.CNT"/>						<CountCategorySummary SummaryCount="0" CountCategoryCode="10.CNT"/>						<CountCategorySummary SummaryCount="7" CountCategoryCode="11.CNT"/>						<CountCategorySummary SummaryCount="3" CountCategoryCode="12.CNT"/>						<CountCategorySummary SummaryCount="2" CountCategoryCode="13.CNT"/>					</CountCategorySummaries>			</StatisticApplicationSet>				<StatisticApplicationSet Start="2005-12-02" Duration="P1D">					<StatisticCodes>						<StatisticCode StatCode="STD" StatCategoryCode="3.SCC"/>					</StatisticCodes>					<RevenueCategorySummaries>						<RevenueCategorySummary RevenueCategoryCode="17.RCC" Amount="0.00"/>					</RevenueCategorySummaries>					<CountCategorySummaries>						<CountCategorySummary SummaryCount="66" CountCategoryCode="8.CNT"/>						<CountCategorySummary SummaryCount="0" CountCategoryCode="9.CNT"/>						<CountCategorySummary SummaryCount="0" CountCategoryCode="10.CNT"/>						<CountCategorySummary SummaryCount="0" CountCategoryCode="11.CNT"/>						<CountCategorySummary SummaryCount="0" CountCategoryCode="12.CNT"/>						<CountCategorySummary SummaryCount="0" CountCategoryCode="13.CNT"/>					</CountCategorySummaries>			</StatisticApplicationSet>				<StatisticApplicationSet Start="2005-12-02" Duration="P1D">					<StatisticCodes>						<StatisticCode StatCode="DLX" StatCategoryCode="3.SCC"/>					</StatisticCodes>					<RevenueCategorySummaries>						<RevenueCategorySummary RevenueCategoryCode="17.RCC" Amount="0.00"/>					</RevenueCategorySummaries>					<CountCategorySummaries>						<CountCategorySummary SummaryCount="13" CountCategoryCode="8.CNT"/>						<CountCategorySummary SummaryCount="0" CountCategoryCode="9.CNT"/>						<CountCategorySummary SummaryCount="0" CountCategoryCode="10.CNT"/>						<CountCategorySummary SummaryCount="0" CountCategoryCode="11.CNT"/>						<CountCategorySummary SummaryCount="0" CountCategoryCode="12.CNT"/>						<CountCategorySummary SummaryCount="0" CountCategoryCode="13.CNT"/>					</CountCategorySummaries>			</StatisticApplicationSet>				<StatisticApplicationSet Start="2005-12-02" Duration="P1D">					<StatisticCodes>						<StatisticCode StatCode="STE" StatCategoryCode="3.SCC"/>					</StatisticCodes>					<RevenueCategorySummaries>						<RevenueCategorySummary RevenueCategoryCode="17.RCC" Amount="0.00"/>					</RevenueCategorySummaries>					<CountCategorySummaries>						<CountCategorySummary SummaryCount="8" CountCategoryCode="8.CNT"/>						<CountCategorySummary SummaryCount="0" CountCategoryCode="9.CNT"/>						<CountCategorySummary SummaryCount="0" CountCategoryCode="10.CNT"/>						<CountCategorySummary SummaryCount="0" CountCategoryCode="11.CNT"/>						<CountCategorySummary SummaryCount="0" CountCategoryCode="12.CNT"/>						<CountCategorySummary SummaryCount="0" CountCategoryCode="13.CNT"/>					</CountCategorySummaries>			</StatisticApplicationSet>		</StatisticApplicationSets>		</Statistic>		<Statistic ChainCode="1571" HotelCode="0001" FiscalDate="2004-12-01" ReportCode="IDeaSMarketReport_v1.0">			<StatisticApplicationSets>				<StatisticApplicationSet Start="2004-12-02" Duration="P1D">					<StatisticCodes>						<StatisticCode StatCode="COR" StatCategoryCode="1.SCC"/>						<StatisticCode StatCode="STD" StatCategoryCode="3.SCC"/>					</StatisticCodes>					<RevenueCategorySummaries>						<RevenueCategorySummary RevenueCategoryCode="17.RCC" Amount="1392.75"/>					</RevenueCategorySummaries>					<CountCategorySummaries>						<CountCategorySummary SummaryCount="11" CountCategoryCode="11.CNT"/>						<CountCategorySummary SummaryCount="6" CountCategoryCode="12.CNT"/>						<CountCategorySummary SummaryCount="9" CountCategoryCode="13.CNT"/>					</CountCategorySummaries>			</StatisticApplicationSet>				<StatisticApplicationSet Start="2004-12-02" Duration="P1D">					<StatisticCodes>						<StatisticCode StatCode="COR" StatCategoryCode="1.SCC"/>						<StatisticCode StatCode="DLX" StatCategoryCode="3.SCC"/>					</StatisticCodes>					<RevenueCategorySummaries>						<RevenueCategorySummary RevenueCategoryCode="17.RCC" Amount="278.55"/>					</RevenueCategorySummaries>					<CountCategorySummaries>						<CountCategorySummary SummaryCount="1" CountCategoryCode="11.CNT"/>						<CountCategorySummary SummaryCount="0" CountCategoryCode="12.CNT"/>						<CountCategorySummary SummaryCount="1" CountCategoryCode="13.CNT"/>					</CountCategorySummaries>			</StatisticApplicationSet>				<StatisticApplicationSet Start="2004-12-02" Duration="P1D">					<StatisticCodes>						<StatisticCode StatCode="COR" StatCategoryCode="1.SCC"/>						<StatisticCode StatCode="STE" StatCategoryCode="3.SCC"/>					</StatisticCodes>					<RevenueCategorySummaries>						<RevenueCategorySummary RevenueCategoryCode="17.RCC" Amount="185.70"/>					</RevenueCategorySummaries>					<CountCategorySummaries>						<CountCategorySummary SummaryCount="1" CountCategoryCode="11.CNT"/>						<CountCategorySummary SummaryCount="0" CountCategoryCode="12.CNT"/>						<CountCategorySummary SummaryCount="1" CountCategoryCode="13.CNT"/>					</CountCategorySummaries>			</StatisticApplicationSet>				<StatisticApplicationSet Start="2004-12-02" Duration="P1D">					<StatisticCodes>						<StatisticCode StatCode="DIS" StatCategoryCode="1.SCC"/>						<StatisticCode StatCode="STD" StatCategoryCode="3.SCC"/>					</StatisticCodes>					<RevenueCategorySummaries>						<RevenueCategorySummary RevenueCategoryCode="17.RCC" Amount="3825.00"/>					</RevenueCategorySummaries>					<CountCategorySummaries>						<CountCategorySummary SummaryCount="19" CountCategoryCode="11.CNT"/>						<CountCategorySummary SummaryCount="12" CountCategoryCode="12.CNT"/>						<CountCategorySummary SummaryCount="5" CountCategoryCode="13.CNT"/>					</CountCategorySummaries>			</StatisticApplicationSet>				<StatisticApplicationSet Start="2004-12-02" Duration="P1D">					<StatisticCodes>						<StatisticCode StatCode="DIS" StatCategoryCode="1.SCC"/>						<StatisticCode StatCode="DLX" StatCategoryCode="3.SCC"/>					</StatisticCodes>					<RevenueCategorySummaries>						<RevenueCategorySummary RevenueCategoryCode="17.RCC" Amount="765.00"/>					</RevenueCategorySummaries>					<CountCategorySummaries>						<CountCategorySummary SummaryCount="3" CountCategoryCode="11.CNT"/>						<CountCategorySummary SummaryCount="2" CountCategoryCode="12.CNT"/>						<CountCategorySummary SummaryCount="0" CountCategoryCode="13.CNT"/>					</CountCategorySummaries>			</StatisticApplicationSet>				<StatisticApplicationSet Start="2004-12-02" Duration="P1D">					<StatisticCodes>						<StatisticCode StatCode="DIS" StatCategoryCode="1.SCC"/>						<StatisticCode StatCode="STE" StatCategoryCode="3.SCC"/>					</StatisticCodes>					<RevenueCategorySummaries>						<RevenueCategorySummary RevenueCategoryCode="17.RCC" Amount="510.00"/>					</RevenueCategorySummaries>					<CountCategorySummaries>						<CountCategorySummary SummaryCount="2" CountCategoryCode="11.CNT"/>						<CountCategorySummary SummaryCount="1" CountCategoryCode="12.CNT"/>						<CountCategorySummary SummaryCount="0" CountCategoryCode="13.CNT"/>					</CountCategorySummaries>			</StatisticApplicationSet>				<StatisticApplicationSet Start="2004-12-02" Duration="P1D">					<StatisticCodes>						<StatisticCode StatCode="WS" StatCategoryCode="1.SCC"/>						<StatisticCode StatCode="STD" StatCategoryCode="3.SCC"/>					</StatisticCodes>					<RevenueCategorySummaries>						<RevenueCategorySummary RevenueCategoryCode="17.RCC" Amount="2114.25"/>					</RevenueCategorySummaries>					<CountCategorySummaries>						<CountCategorySummary SummaryCount="15" CountCategoryCode="11.CNT"/>						<CountCategorySummary SummaryCount="6" CountCategoryCode="12.CNT"/>						<CountCategorySummary SummaryCount="4" CountCategoryCode="13.CNT"/>					</CountCategorySummaries>			</StatisticApplicationSet>				<StatisticApplicationSet Start="2004-12-02" Duration="P1D">					<StatisticCodes>						<StatisticCode StatCode="WS" StatCategoryCode="1.SCC"/>						<StatisticCode StatCode="DLX" StatCategoryCode="3.SCC"/>					</StatisticCodes>					<RevenueCategorySummaries>						<RevenueCategorySummary RevenueCategoryCode="17.RCC" Amount="422.85"/>					</RevenueCategorySummaries>					<CountCategorySummaries>						<CountCategorySummary SummaryCount="2" CountCategoryCode="11.CNT"/>						<CountCategorySummary SummaryCount="0" CountCategoryCode="12.CNT"/>						<CountCategorySummary SummaryCount="0" CountCategoryCode="13.CNT"/>					</CountCategorySummaries>			</StatisticApplicationSet>				<StatisticApplicationSet Start="2004-12-02" Duration="P1D">					<StatisticCodes>						<StatisticCode StatCode="WS" StatCategoryCode="1.SCC"/>						<StatisticCode StatCode="STE" StatCategoryCode="3.SCC"/>					</StatisticCodes>					<RevenueCategorySummaries>						<RevenueCategorySummary RevenueCategoryCode="17.RCC" Amount="281.90"/>					</RevenueCategorySummaries>					<CountCategorySummaries>						<CountCategorySummary SummaryCount="1" CountCategoryCode="11.CNT"/>						<CountCategorySummary SummaryCount="0" CountCategoryCode="12.CNT"/>						<CountCategorySummary SummaryCount="0" CountCategoryCode="13.CNT"/>					</CountCategorySummaries>			</StatisticApplicationSet>				<StatisticApplicationSet Start="2005-12-02" Duration="P1D">					<StatisticCodes>						<StatisticCode StatCode="COR" StatCategoryCode="1.SCC"/>						<StatisticCode StatCode="STD" StatCategoryCode="3.SCC"/>					</StatisticCodes>					<RevenueCategorySummaries>						<RevenueCategorySummary RevenueCategoryCode="17.RCC" Amount="0.00"/>					</RevenueCategorySummaries>					<CountCategorySummaries>						<CountCategorySummary SummaryCount="0" CountCategoryCode="11.CNT"/>						<CountCategorySummary SummaryCount="0" CountCategoryCode="12.CNT"/>						<CountCategorySummary SummaryCount="0" CountCategoryCode="13.CNT"/>					</CountCategorySummaries>			</StatisticApplicationSet>				<StatisticApplicationSet Start="2005-12-02" Duration="P1D">					<StatisticCodes>						<StatisticCode StatCode="COR" StatCategoryCode="1.SCC"/>						<StatisticCode StatCode="DLX" StatCategoryCode="3.SCC"/>					</StatisticCodes>					<RevenueCategorySummaries>						<RevenueCategorySummary RevenueCategoryCode="17.RCC" Amount="0.00"/>					</RevenueCategorySummaries>					<CountCategorySummaries>						<CountCategorySummary SummaryCount="0" CountCategoryCode="11.CNT"/>						<CountCategorySummary SummaryCount="0" CountCategoryCode="12.CNT"/>						<CountCategorySummary SummaryCount="0" CountCategoryCode="13.CNT"/>					</CountCategorySummaries>			</StatisticApplicationSet>				<StatisticApplicationSet Start="2005-12-02" Duration="P1D">					<StatisticCodes>						<StatisticCode StatCode="COR" StatCategoryCode="1.SCC"/>						<StatisticCode StatCode="STE" StatCategoryCode="3.SCC"/>					</StatisticCodes>					<RevenueCategorySummaries>						<RevenueCategorySummary RevenueCategoryCode="17.RCC" Amount="0.00"/>					</RevenueCategorySummaries>					<CountCategorySummaries>						<CountCategorySummary SummaryCount="0" CountCategoryCode="11.CNT"/>						<CountCategorySummary SummaryCount="0" CountCategoryCode="12.CNT"/>						<CountCategorySummary SummaryCount="0" CountCategoryCode="13.CNT"/>					</CountCategorySummaries>			</StatisticApplicationSet>				<StatisticApplicationSet Start="2005-12-02" Duration="P1D">					<StatisticCodes>						<StatisticCode StatCode="DIS" StatCategoryCode="1.SCC"/>						<StatisticCode StatCode="STD" StatCategoryCode="3.SCC"/>					</StatisticCodes>					<RevenueCategorySummaries>						<RevenueCategorySummary RevenueCategoryCode="17.RCC" Amount="0.00"/>					</RevenueCategorySummaries>					<CountCategorySummaries>						<CountCategorySummary SummaryCount="0" CountCategoryCode="11.CNT"/>						<CountCategorySummary SummaryCount="0" CountCategoryCode="12.CNT"/>						<CountCategorySummary SummaryCount="0" CountCategoryCode="13.CNT"/>					</CountCategorySummaries>			</StatisticApplicationSet>				<StatisticApplicationSet Start="2005-12-02" Duration="P1D">					<StatisticCodes>						<StatisticCode StatCode="DIS" StatCategoryCode="1.SCC"/>						<StatisticCode StatCode="DLX" StatCategoryCode="3.SCC"/>					</StatisticCodes>					<RevenueCategorySummaries>						<RevenueCategorySummary RevenueCategoryCode="17.RCC" Amount="0.00"/>					</RevenueCategorySummaries>					<CountCategorySummaries>						<CountCategorySummary SummaryCount="0" CountCategoryCode="11.CNT"/>						<CountCategorySummary SummaryCount="0" CountCategoryCode="12.CNT"/>						<CountCategorySummary SummaryCount="0" CountCategoryCode="13.CNT"/>					</CountCategorySummaries>			</StatisticApplicationSet>				<StatisticApplicationSet Start="2005-12-02" Duration="P1D">					<StatisticCodes>						<StatisticCode StatCode="DIS" StatCategoryCode="1.SCC"/>						<StatisticCode StatCode="STE" StatCategoryCode="3.SCC"/>					</StatisticCodes>					<RevenueCategorySummaries>						<RevenueCategorySummary RevenueCategoryCode="17.RCC" Amount="0.00"/>					</RevenueCategorySummaries>					<CountCategorySummaries>						<CountCategorySummary SummaryCount="0" CountCategoryCode="11.CNT"/>						<CountCategorySummary SummaryCount="0" CountCategoryCode="12.CNT"/>						<CountCategorySummary SummaryCount="0" CountCategoryCode="13.CNT"/>					</CountCategorySummaries>			</StatisticApplicationSet>				<StatisticApplicationSet Start="2005-12-02" Duration="P1D">					<StatisticCodes>						<StatisticCode StatCode="WS" StatCategoryCode="1.SCC"/>						<StatisticCode StatCode="STD" StatCategoryCode="3.SCC"/>					</StatisticCodes>					<RevenueCategorySummaries>						<RevenueCategorySummary RevenueCategoryCode="17.RCC" Amount="0.00"/>					</RevenueCategorySummaries>					<CountCategorySummaries>						<CountCategorySummary SummaryCount="0" CountCategoryCode="11.CNT"/>						<CountCategorySummary SummaryCount="0" CountCategoryCode="12.CNT"/>						<CountCategorySummary SummaryCount="0" CountCategoryCode="13.CNT"/>					</CountCategorySummaries>			</StatisticApplicationSet>				<StatisticApplicationSet Start="2005-12-02" Duration="P1D">					<StatisticCodes>						<StatisticCode StatCode="WS" StatCategoryCode="1.SCC"/>						<StatisticCode StatCode="DLX" StatCategoryCode="3.SCC"/>					</StatisticCodes>					<RevenueCategorySummaries>						<RevenueCategorySummary RevenueCategoryCode="17.RCC" Amount="0.00"/>					</RevenueCategorySummaries>					<CountCategorySummaries>						<CountCategorySummary SummaryCount="0" CountCategoryCode="11.CNT"/>						<CountCategorySummary SummaryCount="0" CountCategoryCode="12.CNT"/>						<CountCategorySummary SummaryCount="0" CountCategoryCode="13.CNT"/>					</CountCategorySummaries>			</StatisticApplicationSet>				<StatisticApplicationSet Start="2005-12-02" Duration="P1D">					<StatisticCodes>						<StatisticCode StatCode="WS" StatCategoryCode="1.SCC"/>						<StatisticCode StatCode="STE" StatCategoryCode="3.SCC"/>					</StatisticCodes>					<RevenueCategorySummaries>						<RevenueCategorySummary RevenueCategoryCode="17.RCC" Amount="0.00"/>					</RevenueCategorySummaries>					<CountCategorySummaries>						<CountCategorySummary SummaryCount="0" CountCategoryCode="11.CNT"/>						<CountCategorySummary SummaryCount="0" CountCategoryCode="12.CNT"/>						<CountCategorySummary SummaryCount="0" CountCategoryCode="13.CNT"/>					</CountCategorySummaries>			</StatisticApplicationSet>		</StatisticApplicationSets>		</Statistic>	</Statistics></OTA_HotelStatsNotifRQ>