<?xml version="1.0" encoding="UTF-8"?><OTA_HotelRFP_MeetingRQ xmlns="http://www.opentravel.org/OTA/2003/05" xmlns:xsi="http://www.w3.org/2001/XMLSchema-instance" xsi:schemaLocation="http://www.opentravel.org/OTA/2003/05 OTA_HotelRFP_MeetingRQ.xsd" Version="1.002">	<RFP_RequestSegments>		<RFP_RequestSegment>			<ProposalSpecification ResponseFormat="2" PreliminaryCutIndicator="false" RFP_DistributionDate="2005-08-20" RFP_PublishedDate="2005-08-15" ResponseDue="2005-09-01" DecisionDue="2005-09-05">				<KeyDecisionFactors>					<KeyDecisionFactor Code="1" Ranking="1"/>					<!-- Key Decision Factors Code list (KDF) Code 1 =Ability of vendor to provide high level of service	-->					<KeyDecisionFactor Code="2" Ranking="1"/>					<!-- Key Decision Factors Code list (KDF) Code 2 =Airlift to destination -->					<KeyDecisionFactor Code="3" Ranking="1"/>					<!-- Key Decision Factors Code list (KDF) Code 3 =Accessibility from airport/train station	-->					<KeyDecisionFactor Code="4" Ranking="3"/>					<!-- Key Decision Factors Code list (KDF) Code 4 =Creativity-->					<KeyDecisionFactor Code="5" Ranking="1"/>					<!-- Key Decision Factors Code list (KDF) Code 5 =Hotel and/or convention center rates-->					<KeyDecisionFactor Code="6" Ranking="1"/>					<!-- Key Decision Factors Code list (KDF) Code  6=Information provided in the response to the RFP-->					<KeyDecisionFactor Code="7" Ranking="5"/>					<!-- Key Decision Factors Code list (KDF) Code 7 =Proposal in the response to the RFP is in the proper sequence-->					<KeyDecisionFactor Code="8" Ranking="5"/>					<!-- Key Decision Factors Code list (KDF) Code 8 =Inventory of guest rooms near convention center � quality	-->					<KeyDecisionFactor Code="9" Ranking="5"/>					<!-- Key Decision Factors Code list (KDF) Code 9 =Inventory of guest rooms near convention center � quantity	-->					<KeyDecisionFactor Code="10" Ranking="1"/>					<!-- Key Decision Factors Code list (KDF) Code 10 =Meeting space requirements and/or layout-->					<KeyDecisionFactor Code="11" Ranking="1"/>					<!-- Key Decision Factors Code list (KDF) Code  11=Overall cost of service-->					<KeyDecisionFactor Code="12" Ranking="5"/>					<!-- Key Decision Factors Code list (KDF) Code 12 =-Ownership of Facility-->					<KeyDecisionFactor Code="13" Ranking="1"/>					<!-- Key Decision Factors Code list (KDF) Code  13 =Preferred dates-->					<KeyDecisionFactor Code="14" Ranking="5"/>					<!-- Key Decision Factors Code list (KDF) Code 14 =Proximity of hotel facility to off-site venues	-->					<KeyDecisionFactor Code="15" Ranking="3"/>					<!-- Key Decision Factors Code list (KDF) Code 15 =Public safety record for last 5 years	-->					<KeyDecisionFactor Code="16" Ranking="3"/>					<!-- Key Decision Factors Code list (KDF) Code 16 =Recommendations from previous and existing clients-->					<KeyDecisionFactor Code="17" Ranking="1"/>					<!-- Key Decision Factors Code list (KDF) Code 17 =Staff Experience-->					<KeyDecisionFactor Code="18" Ranking="5"/>					<!-- Key Decision Factors Code list (KDF) Code 18 =Union/non-union	-->				</KeyDecisionFactors>				<Comments Name="Final DecisionMaker">					<Text>Juli Finnell Jones, VP Convention Industry Council" </Text>				</Comments>			</ProposalSpecification>			<Profiles>				<ProfileInfo>					<Profile ProfileType="1">						<!--ProfileType Codelist (PRT)   ProfileType 1 = customer -->						<CompanyInfo>							<CompanyName>Convention Industry Council (CIC)</CompanyName>							<AddressInfo UseType="3">								<!-- Address Use Type Code list (AUT) UseType 3= Billing-->								<BldgRoom>Suite 300</BldgRoom>								<AddressLine>8201 Greensboro Drive</AddressLine>								<CityName>McLean</CityName>								<PostalCode>22102</PostalCode>								<StateProv>VA</StateProv>								<CountryName>USA</CountryName>							</AddressInfo>							<TelephoneInfo PhoneNumber="703.321.5432"/>							<ContactPerson ContactType="Key">								<PersonName NameType="2">									<NamePrefix>Mr.</NamePrefix>									<GivenName>EJ</GivenName>									<Surname>Siwek</Surname>									<NameTitle>CMP</NameTitle>								</PersonName>								<Telephone PhoneTechType="1" PhoneNumber="203.207.5454"/>								<!-- Phone Tech Type  Code list (PTT) PhoneTechType 1 = voice -->								<Telephone PhoneTechType="3" PhoneNumber="203.207.5455"/>								<!-- Phone Tech Type  Code list (PTT) PhoneTechType 3 = fax -->								<Telephone PhoneTechType="5" PhoneNumber="203.228.7763"/>								<!-- Phone Tech Type  Code list (PTT) PhoneTechType 5 = mobile -->								<Address UseType="6">									<!-- Address Use Type Code list (AUT)  UseType 6= contact-->									<AddressLine>156 Chestnut Ridge Road</AddressLine>									<CityName>Bethel</CityName>									<PostalCode>06801</PostalCode>									<StateProv>CT</StateProv>									<CountryName>USA</CountryName>								</Address>								<Email>ej@flashpointtech.com</Email>								<URL>www.flashpointtech.com</URL>								<CompanyName>Flashpoint Technologies</CompanyName>								<EmployeeInfo EmployeeTitle="President"/>							</ContactPerson>							<ContactPerson ContactType="Billing">								<PersonName>									<GivenName>Juli </GivenName>									<MiddleName>Finnell</MiddleName>									<Surname>Jones</Surname>								</PersonName>								<Address UseType="3">									<!-- Address Use Type Code list (AUT)  UseType 3= billing address-->									<AddressLine>8201 Greensboro Drive</AddressLine>									<AddressLine>Suite 300</AddressLine>									<CityName>McLean</CityName>									<PostalCode>22102</PostalCode>									<StateProv>VA</StateProv>									<CountryName>USA</CountryName>								</Address>							</ContactPerson>						</CompanyInfo>					</Profile>				</ProfileInfo>			</Profiles>			<Dates>				<Date Start="2005-10-15" End="2005-10-18"/>			</Dates>			<RoomBlock TotalRoomNightQuantity="505" PeakRoomNightQuantity="250" ConcessionsIndicator="false">				<BudgetedRoomRate CurrencyCode="USD" Amount="175" TotalRoomNightQuantity="5"/>				<StayDays>					<StayDay DayNumber="1" GuestQuantity="5" TotalNumberOfUnits="5">						<StayDayRooms>							<StayDayRoom RoomTypeRequirement="Single" NumberOfUnits="4"/>							<StayDayRoom RoomTypeRequirement="Double" NumberOfUnits="0"/>							<StayDayRoom RoomTypeRequirement="Suite" NumberOfUnits="1"/>							<StayDayRoom RoomTypeRequirement="Accessible" NumberOfUnits="0"/>						</StayDayRooms>					</StayDay>					<StayDay DayNumber="2" GuestQuantity="250">						<StayDayRooms>							<StayDayRoom RoomTypeRequirement="Single" NumberOfUnits="249"/>							<StayDayRoom RoomTypeRequirement="Double" NumberOfUnits="0"/>							<StayDayRoom RoomTypeRequirement="Suite" NumberOfUnits="1"/>							<StayDayRoom RoomTypeRequirement="Accessible" NumberOfUnits="0"/>						</StayDayRooms>					</StayDay>					<StayDay DayNumber="3" GuestQuantity="250">						<StayDayRooms>							<StayDayRoom RoomTypeRequirement="Single" NumberOfUnits="249"/>							<StayDayRoom RoomTypeRequirement="Double" NumberOfUnits="0"/>							<StayDayRoom RoomTypeRequirement="Suite" NumberOfUnits="1"/>							<StayDayRoom RoomTypeRequirement="Accessible" NumberOfUnits="0"/>						</StayDayRooms>					</StayDay>				</StayDays>				<Comments>					<Text>Suite to be used by staff as a staging area as well as for lodging</Text>				</Comments>			</RoomBlock>			<EventBlock MarketSegmentCode="18" Type="30" DefiniteIndicator="true" Frequency="OneTimeOnly" FirstTimeIndicator="true" ExhibitionIncludedIndicator="false">				<!-- Inventory Block Type Code List (IBT) Market Segment Code 18= International Association -->				<!-- Event Type Code list (EVT) Type 30 =  General Session -->				<FunctionSpaceReq LargestRoomSpace="3000" MeetingRoomFormatCode="2" MinOccupancy="250" CeilingHeight="12" UnitOfMeasure="7" MinBreakoutRoomQuantity="4">					<!-- Meeting Room Format Code List (MRF) MeetingRoomFormatCode 2= Classroom -->					<!-- Unit of Measure Code list UnitOfMeasure 7= feet -->				</FunctionSpaceReq>				<EventBudget BudgetType="Total" Amount="25000" CurrencyCode="USD" IncludesTaxInd="true" IncludesServiceFeesInd="true" IncludesGratuityInd="true"/>				<EventDays FirstEventDayOfWeek="Sat">					<EventDay DayNumber="1">						<EventDayFunctions>							<EventDayFunction TwentyFourHourHold="true" EventType="3" StartTime="10:00:00" EndTime="17:00:00" AttendeeQuantity="5" RoomSetup="3" EventName="Staff Suite">								<!-- Event Charge Code list (EVT) EventType 3= Breakout. In this instance it's referring to the staff planning session -->								<!-- Meeting Room Format Code Code list (MRF) RoomSetup 3 = Conference -->								<Comments>									<Text>Utilize the suite that's requested under the Room Block for this event</Text>								</Comments>							</EventDayFunction>						</EventDayFunctions>					</EventDay>					<EventDay DayNumber="2">						<EventDayFunctions>							<EventDayFunction TwentyFourHourHold="false" EventName="Breakfast" EventType="23" StartTime="07:30:00" EndTime="08:30:00" AttendeeQuantity="150" RoomSetup="10">								<!-- Event Charge Code list (EVT) EventType 23= Continental Breakfast -->								<!-- Meeting Room Format Code Code list (MRF) RoomSetup 10 = Rounds for Eight -->							</EventDayFunction>							<EventDayFunction TwentyFourHourHold="false" EventName="Lunch" EventType="26" StartTime="12:00:00" EndTime="13:30:00" AttendeeQuantity="225" RoomSetup="10">								<!-- Event Charge Code list (EVT) EventType 26= Buffet Lunch. -->								<!-- Meeting Room Format Code Code list (MRF) RoomSetup 10 = Rounds for Eight  -->							</EventDayFunction>							<EventDayFunction TwentyFourHourHold="true" EventName="General Session" EventType="30" StartTime="08:30:00" EndTime="17:00:00" AttendeeQuantity="250" RoomSetup="2">								<!-- Event Charge Code list (EVT) EventType  30= General Session -->								<!-- Meeting Room Format Code Code list (MRF) RoomSetup 2 = Classroom -->							</EventDayFunction>						</EventDayFunctions>					</EventDay>					<EventDay DayNumber="3">						<EventDayFunctions>							<EventDayFunction TwentyFourHourHold="true" EventName="Breakfast" EventType="23" StartTime="07:30:00" EndTime="08:30:00" AttendeeQuantity="150" RoomSetup="10">								<!-- Event Charge Code list (EVT) EventType  23= Continental Breakfast -->								<!-- Meeting Room Format Code Code list (MRF) RoomSetup 10 = Rounds for Eight -->							</EventDayFunction>							<EventDayFunction TwentyFourHourHold="true" EventName="Breakout Session" EventType="30" StartTime="08:30:00" EndTime="17:00:00" AttendeeQuantity="75" RoomSetup="2">								<!-- Event Charge Code list (EVT) EventType 30= General Session -->								<!-- Meeting Room Format Code Code list (MRF) RoomSetup 2 = Classroom -->							</EventDayFunction>							<EventDayFunction TwentyFourHourHold="true" EventName="Breakout Session" EventType="3" StartTime="08:30:00" EndTime="17:00:00" AttendeeQuantity="75" RoomSetup="2">								<!-- Event Charge Code list (EVT) EventType 3= Breakout-->								<!-- Meeting Room Format Code Code list (MRF)) RoomSetup 2 = Classroom -->							</EventDayFunction>							<EventDayFunction TwentyFourHourHold="true" EventName="Breakout  Session" EventType="3" StartTime="08:30:00" EndTime="17:00:00" AttendeeQuantity="50" RoomSetup="2">								<!-- Event Charge Code list (EVT) EventType 3= Breakout-->								<!-- Meeting Room Format Code Code list (MRF) RoomSetup 2 = Classroom -->							</EventDayFunction>							<EventDayFunction TwentyFourHourHold="true" EventName="Breakout " EventType="3" StartTime="12:00:00" EndTime="13:30:00" AttendeeQuantity="50" RoomSetup="10">								<!-- Event Charge Code list (EVT) EventType 3= Breakout-->								<!-- Meeting Room Format Code Code list (MRF) RoomSetup 10 = Rounds for Eight  -->							</EventDayFunction>						</EventDayFunctions>					</EventDay>					<EventDay DayNumber="4">						<EventDayFunctions>							<EventDayFunction TwentyFourHourHold="true" EventName="General Session" EventType="30" StartTime="08:30:00" EndTime="12:00:00" AttendeeQuantity="225" RoomSetup="2">								<!-- Event Charge Code list (EVT) EventType  30= General Session -->								<!-- Meeting Room Format Code Code list (MRF) RoomSetup 2= Classroom  -->								<AudioVisualReqs>									<AudioVisualReq>										<Comments>											<Text>General Session should be set with Rear Screen projection using LCD projection.</Text>										</Comments>									</AudioVisualReq>								</AudioVisualReqs>							</EventDayFunction>							<EventDayFunction TwentyFourHourHold="false" EventName="Breakfast" EventType="3" StartTime="07:30:00" EndTime="08:30:00" AttendeeQuantity="150" RoomSetup="10">								<!-- Event Charge Code list (EVT) EventType  3= Breakout-->								<!-- Meeting Room Format Code Code list (MRF) RoomSetup 10 = Rounds for Eight  -->							</EventDayFunction>							<EventDayFunction TwentyFourHourHold="false" EventName="Lunch" EventType="3" StartTime="12:00:00" EndTime="13:30:00" AttendeeQuantity="150" RoomSetup="10">								<!-- Event Charge Code list (EVT) EventType 3= Breakout-->								<!-- Meeting Room Format Code Code list (MRF) RoomSetup 10 = Rounds for Eight  -->							</EventDayFunction>						</EventDayFunctions>					</EventDay>				</EventDays>				<Comments Name="Event Host Overview">					<Text>While it is anticipated that this will become an annual event, no future dates have been scheduled as yet.</Text>				</Comments>				<Comments Name="Event Objectives">					<Text>2005 will be the first general gathering for those organizations who have adopted and implemented elements of the APEX Standards Initiative to gather best practices and implementation lessons from attendees.</Text>				</Comments>				<Comments Name="Attendee Demographic">					<Text>North American attendees who are frequent business travelers who represent decision makers for large events held in North America.</Text>				</Comments>				<Comments Name="Statement of Need">					<Text>IMPRO 2005 will require use of a Ballroom with at least 3000 sq feet of usable space.</Text>				</Comments>			</EventBlock>			<Preferences>				<Preference>					<LocationCategories>						<Location>							<CityName>Rosemont</CityName>							<StateProv>IL</StateProv>							<CountryName>USA</CountryName>						</Location>						<Category LocationCategoryCode="1" PreferLevel="Preferred"/>						<!-- LCC Location Category Code code list  1= airport -->					</LocationCategories>					<Properties>						<Property PropertyTypeCode="20"/>						<!-- Property Class Type  Code list PCT PropertyTypeCode 20  = hotel -->					</Properties>					<Comments>						<Text>airport facility or one within 15 minutes of the airport is preferred.</Text>					</Comments>				</Preference>			</Preferences>			<Histories>				<History PostEventReportExistsInd="false" AttendeeQuantity="200"/>			</Histories>			<RFP_ID MeetingName="IMPRO 2005" Type="1" ID="9995"/>			<!--  Unique ID Type Code List (UIT) Type 1= Customer -->			<AdditionalInfos>				<AdditionalInfo DeliveryMethodCode="2"/>				<!-- Distribution Type Code list (DTB) DeliverMethodCode  2= Email -->				<AdditionalInfo DeliveryMethodCode="13"/>				<!-- Distribution Type Code list (DTB) DeliverMethodCode 13 = Website -->				<AdditionalInfo AddtionalInfoCode="1"/>				<!-- Additional Info Code list (AIC) AdditionalInfoCode 1 = Standard sales kit -->				<AdditionalInfo AddtionalInfoCode="2"/>				<!-- Additional Info Code list (AIC) AdditionalInfoCode  2 = Site Profile -->				<AdditionalInfo AddtionalInfoCode="4"/>				<!-- Additional Info Code list (AIC) AdditionalInfoCode  4=  Parking Price List-->				<AdditionalInfo AddtionalInfoCode="8"/>				<!-- Additional Info Code list (AIC) AdditionalInfoCode  8= Internet Access & Accessories Price List -->				<AdditionalInfo AddtionalInfoCode="11"/>				<!-- Additional Info Code list (AIC) AdditionalInfoCode  11=  Shipping & Receiving Price Lists-->			</AdditionalInfos>		</RFP_RequestSegment>	</RFP_RequestSegments></OTA_HotelRFP_MeetingRQ>