<?xml version="1.0" encoding="UTF-8"?><OTA_AirFareDisplayRS xmlns="http://www.opentravel.org/OTA/2003/05" xmlns:xsi="http://www.w3.org/2001/XMLSchema-instance" xsi:schemaLocation="http://www.opentravel.org/OTA/2003/05 OTA_AirFareDisplayRS.xsd" TimeStamp="2001-12-17T09:30:47-05:00" Target="Production" Version="1.000" SequenceNmbr="1" TransactionStatusCode="Start" PrimaryLangID="en-us">	<Success/>	<FareDisplayInfos>		<FareDisplayInfo FareRPH="1" NotAvailableForFareQuotation="false" FareApplicationType="Return" ResBookDesigCode="C" MileageIndicator="false" LastFareUpdate="2005-02-02T04:35:00" FareIndication="private" FareStatus="published">			<TravelDates DepartureDate="2005-02-04"></TravelDates>			<FareReference>CSWISS</FareReference>			<RuleInfo>				<LengthOfStayRules StayRestrictionsInd="1">					<MinimumStay/>					<MaximumStay MaxStay="12" StayUnit="Months"/>				</LengthOfStayRules>			</RuleInfo>			<FilingAirline CompanyShortName="Swiss" Code="LX"/>			<MarketingAirline CompanyShortName="Swiss" Code="LX"/>						<DepartureLocation LocationCode="ZRH">Zurich</DepartureLocation>			<ArrivalLocation LocationCode="CDG">Paris Charles de Gaulle</ArrivalLocation>			<Restrictions>				<Restriction>					<GlobalDirection GlobalIndicatorCode="EH"/>				</Restriction>			</Restrictions>			<PricingInfo NegotiatedFare="false" TicketDesignatorCode="CSWISSIN" PassengerTypeCode="INF">				<BaseFare Amount="110.00" CurrencyCode="CHF"/>			</PricingInfo>		</FareDisplayInfo>		<FareDisplayInfo FareRPH="2" NotAvailableForFareQuotation="false" FareApplicationType="Return" ResBookDesigCode="C" MileageIndicator="true" LastFareUpdate="2005-02-02T04:35:00" FareIndication="public" FareStatus="published">			<TravelDates DepartureDate="2005-02-04"/>			<FareReference>CRT</FareReference>			<RuleInfo/>			<FilingAirline CompanyShortName="Swiss" Code="LX"/>			<MarketingAirline CompanyShortName="Swiss" Code="LX"/>				<DepartureLocation LocationCode="ZRH">Zurich</DepartureLocation>			<ArrivalLocation LocationCode="ORY">Paris Orly</ArrivalLocation>			<Restrictions>				<Restriction>					<GlobalDirection GlobalIndicatorCode="EH" MaximumPermittedMileage="356"/>				</Restriction>			</Restrictions>			<PricingInfo NegotiatedFare="false" TicketDesignatorCode="CIN10" PassengerTypeCode="INF">				<BaseFare Amount="136.00" CurrencyCode="CHF"/>			</PricingInfo>		</FareDisplayInfo>		<FareDisplayInfo FareRPH="3" NotAvailableForFareQuotation="false" FareApplicationType="Return" ResBookDesigCode="C" MileageIndicator="true" LastFareUpdate="2005-02-02T04:35:00" FareIndication="public" FareStatus="published">			<TravelDates DepartureDate="2005-02-04"/>			<FareReference>COW</FareReference>			<RuleInfo/>			<FilingAirline CompanyShortName="Swiss" Code="LX"/>			<MarketingAirline CompanyShortName="Swiss" Code="LX"/>				<DepartureLocation LocationCode="ZRH">Zurich</DepartureLocation>			<ArrivalLocation LocationCode="ORY">Paris Orly</ArrivalLocation>			<Restrictions>				<Restriction>					<GlobalDirection GlobalIndicatorCode="EH" MaximumPermittedMileage="356"/>				</Restriction>			</Restrictions>			<PricingInfo NegotiatedFare="false" TicketDesignatorCode="CIN10" PassengerTypeCode="INF">				<BaseFare Amount="76.00" CurrencyCode="CHF"/>			</PricingInfo>		</FareDisplayInfo>		<FareDisplayInfo FareRPH="4" NotAvailableForFareQuotation="false" FareApplicationType="Return" ResBookDesigCode="C" MileageIndicator="false" LastFareUpdate="2005-02-02T04:35:00" FareIndication="private" FareStatus="published">			<TravelDates DepartureDate="2005-02-04"></TravelDates>			<FareReference>CSWISS</FareReference>			<RuleInfo>				<LengthOfStayRules StayRestrictionsInd="1">					<MinimumStay/>					<MaximumStay MaxStay="12" StayUnit="Months"/>				</LengthOfStayRules>			</RuleInfo>			<FilingAirline CompanyShortName="Swiss" Code="LX"/>			<MarketingAirline CompanyShortName="Swiss" Code="LX"/>						<DepartureLocation LocationCode="ZRH">Zurich</DepartureLocation>			<ArrivalLocation LocationCode="CDG">Paris Charles de Gaulle</ArrivalLocation>			<Restrictions>				<Restriction>					<GlobalDirection GlobalIndicatorCode="EH"/>				</Restriction>			</Restrictions>			<PricingInfo NegotiatedFare="false" TicketDesignatorCode="CSWISSIN" PassengerTypeCode="INS">				<BaseFare Amount="735.00" CurrencyCode="CHF"/>			</PricingInfo>		</FareDisplayInfo>		<FareDisplayInfo FareRPH="5" NotAvailableForFareQuotation="false" FareApplicationType="Return" ResBookDesigCode="C" MileageIndicator="true" LastFareUpdate="2005-02-02T04:35:00" FareIndication="public" FareStatus="published">			<TravelDates DepartureDate="2005-02-04"></TravelDates>			<FareReference>CRT</FareReference>			<RuleInfo/>			<FilingAirline CompanyShortName="Swiss" Code="LX"/>			<MarketingAirline CompanyShortName="Swiss" Code="LX"/>			<DepartureLocation LocationCode="ZRH">Zurich</DepartureLocation>			<ArrivalLocation LocationCode="ORY">Paris Orly</ArrivalLocation>			<Restrictions>				<Restriction>					<GlobalDirection GlobalIndicatorCode="EH" MaximumPermittedMileage="356"/>				</Restriction>			</Restrictions>			<PricingInfo NegotiatedFare="false" TicketDesignatorCode="CCH67" PassengerTypeCode="INS">				<BaseFare Amount="912.00" CurrencyCode="CHF"/>			</PricingInfo>		</FareDisplayInfo>		<FareDisplayInfo FareRPH="5" NotAvailableForFareQuotation="false" FareApplicationType="Return" ResBookDesigCode="C" MileageIndicator="true" LastFareUpdate="2005-02-02T04:35:00" FareIndication="public" FareStatus="published">			<TravelDates DepartureDate="2005-02-04"/>			<FareReference>COW</FareReference>			<RuleInfo/>			<FilingAirline CompanyShortName="Swiss" Code="LX"/>			<MarketingAirline CompanyShortName="Swiss" Code="LX"/>						<DepartureLocation LocationCode="ZRH">Zurich</DepartureLocation>			<ArrivalLocation LocationCode="ORY">Paris Orly</ArrivalLocation>			<Restrictions>				<Restriction>					<GlobalDirection GlobalIndicatorCode="EH" MaximumPermittedMileage="356"/>				</Restriction>			</Restrictions>			<PricingInfo NegotiatedFare="false" TicketDesignatorCode="CCH67" PassengerTypeCode="INS">				<BaseFare Amount="507.00" CurrencyCode="CHF"/>			</PricingInfo>		</FareDisplayInfo>	</FareDisplayInfos></OTA_AirFareDisplayRS>