<?xml version="1.0" encoding="UTF-8"?><OTA_CruiseCabinHoldRS xmlns="http://www.opentravel.org/OTA/2003/05" xmlns:xsi="http://www.w3.org/2001/XMLSchema-instance" Version="1.0" Target="Production" TransactionIdentifier="5555" TimeStamp="2006-05-17T09:51:18" xsi:schemaLocation="http://www.opentravel.org/OTA/2003/05 OTA_CruiseCabinHoldRS.xsd">	<Success/>	<SelectedSailing Start="2006-10-01" Duration="P7D" VendorCode="RCC" VendorName="ROYAL CARIBBEAN CRUISE" ShipCode="NV" ShipName="NAVIGATOR OF THE SEAS" Status="36">	<!--The Status value of 36 indicates this Sailing is Available-->		<SelectedCabin Status="26" CabinNumber="8341" HeldIndicator="true"/>		<!--The Status value of 26 indicates Holds Successful -->		<Dining TableSize="4" Sitting="Undefined"/>		<Dining TableSize="8" Sitting="Undefined"/>		<Dining AgeCode="5" Sitting="Undefined"/>		<!--The AgeCode value of 5 indicates a dining table option for Under 17 age group-->		<Dining AgeCode="1" Sitting="Undefined"/>		<!--The AgeCode value of 1 indicates a dining table option for Over 21 age group-->		<Dining AgeCode="2" Sitting="Undefined"/>		<!--The AgeCode value of 2 indicates a dining table option for Over 65 age group-->		<Insurance InsuranceCode="CRC" DefaultIndicator="true"/>		<Insurance InsuranceCode="NON"/>		<CruiseProfiles ProfileTypeIdentifier="Mandatory">			<CruiseProfile Code="11"/>			<!-- The CruiseProfile Code value of 11 indicates that Age must be provided to complete the booking -->			<CruiseProfile Code="12"/>			<!-- The CruiseProfile Code value of 12 indicates that Title must be provided to complete the booking -->			<CruiseProfile Code="14"/>			<!-- The CruiseProfile Code value of 14 indicates that the passengers' Gender must be provided to complete the booking -->			<CruiseProfile Code="16"/>			<!-- The CruiseProfile Code value of 16 indicates that Dining Seating must be selected to complete the booking -->			<CruiseProfile Code="6"/>			<!-- The CruiseProfile Code value of 6 indicates that proof of Citizenship must be provided to complete the booking -->		</CruiseProfiles>		<AcceptedPayments>			<AcceptedPayment>				<PaymentCard CardCode="AX"/>			</AcceptedPayment>			<AcceptedPayment>				<PaymentCard CardCode="CA"/>			</AcceptedPayment>			<AcceptedPayment>				<PaymentCard CardCode="DS"/>			</AcceptedPayment>			<AcceptedPayment>				<PaymentCard CardCode="VI"/>			</AcceptedPayment>		</AcceptedPayments>		</SelectedSailing></OTA_CruiseCabinHoldRS>