<?xml version="1.0" encoding="UTF-8"?><OTA_HotelAvailGetRQ xmlns="http://www.opentravel.org/OTA/2003/05" xmlns:xsi="http://www.w3.org/2001/XMLSchema-instance" xsi:schemaLocation="http://www.opentravel.org/OTA/2003/05 OTA_HotelAvailGetRQ.xsd" TimeStamp="2009-01-21T09:30:47" Target="Production" Version="1.000">	<HotelAvailRequests>		<HotelAvailRequest>			<DateRange Start="2009-06-20" End="2009-06-22"/>			<RestrictionStatusCandidates SendAllRestrictions="false">				<RestrictionStatusCandidate Status="Close"/>				<RestrictionStatusCandidate Status="Open"/>			</RestrictionStatusCandidates>			<HotelRef ChainCode="YY" BrandCode="XX" HotelCode="ABC123"/>		</HotelAvailRequest>	</HotelAvailRequests></OTA_HotelAvailGetRQ>