<?xml version="1.0" encoding="UTF-8"?><OTA_HotelRFP_TransientNotifRQ xmlns="http://www.opentravel.org/OTA/2003/05" xmlns:xsi="http://www.w3.org/2001/XMLSchema-instance" xsi:schemaLocation="http://www.opentravel.org/OTA/2003/05OTA_HotelRFP_TransientNotifRQ.xsd" EchoToken="952698" TimeStamp="2004-08-03T14:30:47-08:00" Target="Production" Version="1.000" PrimaryLangID="en-US">	<RFP_TransientResponses>		<RFP_TransientResponse ChainCode="MI" BrandCode="MC" HotelCode="LAXAP" HotelName="Los Angeles Airport Marriott">			<RFP_ResponseDetail DetailIncludedIndicator="true"/>			<HotelDescription>				<ContactInfos>					<ContactInfo>						<Names>							<Name>								<GivenName>Jane</GivenName>								<Surname>West</Surname>								<JobTitle>Sales Manager</JobTitle>							</Name>						</Names>						<Addresses>							<Address>								<AddressLine>5855 West Century Boulevard</AddressLine>								<CityName>Los Angeles</CityName>								<PostalCode>90045</PostalCode>								<StateProv>California</StateProv>								<CountryName>USA</CountryName>							</Address>						</Addresses>						<Phones>							<Phone PhoneTechType="1" PhoneNumber="641-5700 " AreaCityCode="310" PhoneUseType="5"/>							<Phone PhoneTechType="3" PhoneNumber="337-5358" AreaCityCode="310"/>						</Phones>						<Emails>							<Email>jane.west@mhrs.laxap.dos.com</Email>						</Emails>						<CompanyName>Los Angeles Airport Marriott</CompanyName>					</ContactInfo>				</ContactInfos>			</HotelDescription>			<AccountSpecificInformation ContractAgreementIndicator="true">				<AccountSpecificRateInfo RoomNightTargetIndicator="true" RoomNightTargetQuantity="1500" Start="2005-01-01" End="2005-12-31"/>				<RoomTypes>					<RoomType RoomTypeCode="GENR" IsRoom="true" ReqdGuaranteeType="credit card">						<RoomDescription Name="Standard Quality Room">							<Text>Standard quality room with two queen beds or one king bed.</Text>						</RoomDescription>						<RoomRateInfos>							<RoomRateInfo>								<Rates>									<Rate>										<Base AmountBeforeTax="10500" CurrencyCode="USD" DecimalPlaces="2">											<Taxes>												<Tax Type="Exclusive" Code="28" Percent="14"/>											</Taxes>										</Base>										<CancelPolicies>											<CancelPenalty ConfirmClassCode="6PM DOA" NonRefundable="false">												<Deadline AbsoluteDeadline="18:00:00"/>												<AmountPercent TaxInclusive="false" NmbrOfNights="1" BasisType="Nights">													<Taxes>														<Tax Type="Exclusive" Code="28" Percent="14"/>													</Taxes>												</AmountPercent>											</CancelPenalty>										</CancelPolicies>										<RateDescription Name="Quest">											<Text>Negotiated Rate for Quest for 2005.</Text>										</RateDescription>										<TPA_Extensions/>									</Rate>								</Rates>								<Commission StatusType="Non-paying"/>							</RoomRateInfo>						</RoomRateInfos>					</RoomType>				</RoomTypes>				<BlackoutDates>					<BlackoutDate Start="2005-01-20" End="2005-01-27"/>				</BlackoutDates>				<ContactInfos>					<ContactInfo ContactProfileType="Client">						<Names>							<Name>								<GivenName>Johnny</GivenName>								<Surname>Quest</Surname>								<JobTitle>Corporate Travel Officer</JobTitle>							</Name>						</Names>						<Addresses>							<Address>								<AddressLine>123 Main Street</AddressLine>								<CityName>Chicago</CityName>								<PostalCode>60606</PostalCode>								<StateProv>IL</StateProv>							</Address>						</Addresses>						<Phones>							<Phone PhoneTechType="1" PhoneUseType="3" AreaCityCode="312" PhoneNumber="555-1212"/>							<Phone PhoneTechType="3" AreaCityCode="312" PhoneNumber="555-1234"/>						</Phones>						<Emails>							<Email EmailType="2">johnny@quest.com</Email>						</Emails>						<URLs>							<URL>http://www.quest.com</URL>						</URLs>						<CompanyName>Quest Corporation</CompanyName>					</ContactInfo>				</ContactInfos>			</AccountSpecificInformation>		</RFP_TransientResponse>	</RFP_TransientResponses>	<MessageID Type="16" Instance="1" ID="12345777"/></OTA_HotelRFP_TransientNotifRQ>