<?xml version="1.0" encoding="UTF-8"?><OTA_HotelSummaryNotifRQ xmlns="http://www.opentravel.org/OTA/2003/05" xmlns:xsi="http://www.w3.org/2001/XMLSchema-instance" xsi:schemaLocation="http://www.opentravel.org/OTA/2003/05 OTA_HotelSummaryNotifRQ.xsd" ChainCode="MI" BrandCode="MC" HotelCode="RDUNC" HotelCityCode="RDU" HotelName="Raleigh Marriott Crabtree Valley" ChainName="Marriott International" BrandName="Marriott Hotels and Resorts" TimeStamp="2005-10-18T09:30:47-05:00" Target="Production" Version="1.002" PrimaryLangID="en-us">	<HotelSummaryMessages>		<HotelSummaryMessage Start="2006-02-15" End="2006-02-21" Mon="true" Tue="true" Weds="true" Thur="true" Fri="false" Sat="false" Sun="false" StatusType="Open">			<RateMin Amount="100.00" CurrencyCode="USD"/>			<RateMax Amount="140.00" CurrencyCode="USD"/>		</HotelSummaryMessage>		<HotelSummaryMessage Start="2006-02-17" End="2006-02-19" Mon="false" Tue="false" Weds="false" Thur="false" Fri="true" Sat="true" Sun="true" StatusType="Open">			<RateMin Amount="50.00" CurrencyCode="USD"/>			<RateMax Amount="90.00" CurrencyCode="USD"/>		</HotelSummaryMessage>	</HotelSummaryMessages></OTA_HotelSummaryNotifRQ>