<?xml version="1.0" encoding="UTF-8"?><OTA_AirRulesRS xmlns="http://www.opentravel.org/OTA/2003/05" xmlns:xsi="http://www.w3.org/2001/XMLSchema-instance" xsi:schemaLocation="http://www.opentravel.org/OTA/2003/05OTA_AirRulesRS.xsd" EchoToken="36732" TimeStamp="2003-11-15T11:00:00" Target="Production" Version="2.001" SequenceNmbr="294" PrimaryLangID="en">	<Success/>	<FareRuleResponseInfo>		<FareRuleInfo NegotiatedFare="false">			<FareReference>UE14OPNX</FareReference>			<RuleInfo>				<ResTicketingRules>					<AdvResTicketing AdvResInd="true" AdvTicketingInd="true">						<AdvReservation LatestPeriod="14" LatestUnit="Days"/>						<AdvTicketing FromResPeriod="1" FromResUnit="Days" FromDepartPeriod="14" FromDepartUnit="Days"/>					</AdvResTicketing>				</ResTicketingRules>				<LengthOfStayRules StayRestrictionsInd="true">					<MinimumStay MinStay="1" StayUnit="SUN"/>					<MaximumStay/>				</LengthOfStayRules>				<ChargesRules>					<VoluntaryChanges VolChangeInd="true">						<Penalty PenaltyType="Reissue Cancellation Refund Failure to use" Amount="100.00" CurrencyCode="USD"/>					</VoluntaryChanges>				</ChargesRules>			</RuleInfo>			<FilingAirline Code="DL"/>			<MarketingAirline Code="DL"/>			<DepartureAirport LocationCode="ATL"/>			<ArrivalAirport LocationCode="SEA"/>		</FareRuleInfo>		<FareRules>			<SubSection SubTitle="Surcharges">				<Paragraph>					<Text Formatted="false">$9.30 USD OW miscellaneous/other surcharge applies.</Text>				</Paragraph>			</SubSection>			<SubSection SubTitle="Governing rule">				<Paragraph>					<Text Formatted="false">5050  TRF-011</Text>				</Paragraph>			</SubSection>			<SubSection SubTitle="Day/time">				<Paragraph>					<Text Formatted="false">Travel at this fare permitted 1200Mon-1159Thu 1200Sat-2359Sat</Text>				</Paragraph>			</SubSection>			<SubSection SubTitle="Flights">				<Paragraph>					<Text Formatted="false">Must be via DL 0001 thru DL 9999</Text>				</Paragraph>			</SubSection>			<SubSection SubTitle="Res/Tktg">				<Paragraph>					<Text Formatted="false">For travel on/before 28Feb04.  Passengers holding confirmed resrvations and tickets may standby for earlier/later dame day flights between same origin/destination/stopover without charge.  Same day confirm//DSC - passengers holding confrimed reservations and tickets may confirm earlier/later same day flights between origin/destination/stopover points for a non-refundable fee of USD 25.00.  New itinerary may not be confirmed more than 3 hours prior to departure time of new outboutn flight.  The new itinerary must be valid for the original fare purchased.  See penalties/voluntary changes for complete rules and restrictions.</Text>				</Paragraph>			</SubSection>			<SubSection SubTitle="Stopovers">				<Paragraph>					<Text Formatted="false">No enroute free stopover/s/permitted</Text>				</Paragraph>			</SubSection>			<SubSection SubTitle="Penalty">				<Paragraph>					<Text Formatted="false">$100.00 USD/for resissue of tkt or for tkt reval or for an unticketed PTA or for cancellation or for failuse to use confirmed space or for a ticket refund or for an unticketed PTA/tkt non ref...$100.00 USD/charge per tkt/for lost tkt.</Text>				</Paragraph>			</SubSection>			<SubSection SubTitle="Open jaw">				<Paragraph>					<Text Formatted="false">Permitted at origin or destination/double open jaw not permitted...maximum 2 fare components...single open jaw:permitted/may not be combined with other airlines.</Text>				</Paragraph>			</SubSection>			<SubSection SubTitle="Circle trip">				<Paragraph>					<Text Formatted="false">2 comonent: permitted/may not be combined with other airlines...more than 2 component: permitted/may not be combined with other airlines/max fare breaks - 2.</Text>				</Paragraph>			</SubSection>			<SubSection SubTitle="End-to-end">				<Paragraph>					<Text Formatted="false">Combinaitons are permitted.  Travel must be via the point of combination.  Round trip excusion fares may not be combined end-to-end with any round trip fare when these fares have overlapping travel periods and are to/from the same cities of origin and destination as a stopover or fare break point.</Text>				</Paragraph>			</SubSection>		</FareRules>	</FareRuleResponseInfo></OTA_AirRulesRS>