<?xml version="1.0" encoding="UTF-8"?><OTA_HotelRoomListRQ EchoToken="9876" Target="Production" Version="1.002" xmlns="http://www.opentravel.org/OTA/2003/05" xmlns:xsi="http://www.w3.org/2001/XMLSchema-instance" xsi:schemaLocation="http://www.opentravel.org/OTA/2003/05 OTA_HotelRoomListRQ.xsd">	<POS>		<Source>			<RequestorID URL="http://www.bpa.com" Type="4" ID="123456789">				<CompanyName Code="33345999" CodeContext="Internal"                             CompanyShortName="BPA">Builder's Planning Agency</CompanyName>			</RequestorID>		</Source>	</POS>	<HotelRoomLists>		<HotelRoomList ChainCode="HH" HotelCode="123456" HotelCityCode="NYC" HotelName="New                    York Hilton" ChainName="Hilton">			<UniqueID URL="http://www.bpa.com" Type="14" ID="123456789" ID_Context="Room List ID">				<CompanyName Code="33345999" CodeContext="Internal"                                 CompanyShortName="BPA">Builder's Planning Agency</CompanyName>			</UniqueID>			<Guests>				<Guest GuestAction="Add-Update" PrintConfoInd="true">					<PersonName>						<NamePrefix>Ms.</NamePrefix>						<GivenName>Kellie</GivenName>						<MiddleName>Jean</MiddleName>						<Surname>Darling</Surname>					</PersonName>					<Telephone CountryAccessCode="001" AreaCityCode="312" PhoneNumber="889-0000"                                            Extension="564" PhoneUseType="3"/>					<Address Type="2">						<StreetNmbr>123</StreetNmbr>						<BldgRoom>45</BldgRoom>						<AddressLine>Yellow Wood Cove</AddressLine>						<CityName>Chicago</CityName>						<PostalCode>89776-0014</PostalCode>						<StateProv StateCode="IL"/>						<CountryName Code="US"/>					</Address>					<Email EmailType="2">KellieJean@att.com</Email>					<Loyalty ProgramCode="HHonors" AccountID="906503678"/>					<GuaranteePayment DetailType="Payment">						<PaymentCard CardType="1" CardCode="AX" CardNumber="23456789066"                                               ExpireDate="0205">							<CardHolderName>Kellie Jean Darling</CardHolderName>							<Address Type="4">								<StreetNmbr>1516</StreetNmbr>								<AddressLine>Maple St</AddressLine>								<CityName>Chicago</CityName>								<PostalCode>89776-0014</PostalCode>								<StateProv StateCode="IL"/>							</Address>						</PaymentCard>						<MasterAccountUsage BillingType="EachPaysOwn" SignFoodAndBev="false"/>					</GuaranteePayment>				</Guest>				<Guest GuestAction="Add-Update" PrintConfoInd="true">					<PersonName>						<NamePrefix>Ms.</NamePrefix>						<GivenName>Julie</GivenName>						<MiddleName>Donna</MiddleName>						<Surname>Miller</Surname>					</PersonName>					<Telephone CountryAccessCode="001" AreaCityCode="216" PhoneNumber="628-0060"                                         Extension="896" PhoneUseType="3"/>					<Address Type="2">						<StreetNmbr>1223</StreetNmbr>						<BldgRoom>451</BldgRoom>						<AddressLine>Redwood Cove</AddressLine>						<CityName>Cleveland</CityName>						<PostalCode>44121</PostalCode>						<StateProv StateCode="OH"/>						<CountryName Code="US"/>					</Address>					<Email EmailType="2">JulieMiller@att.com</Email>					<Loyalty ProgramCode="HHonors" AccountID="906503116"/>					<GuaranteePayment DetailType="Payment">						<PaymentCard CardType="1" CardCode="AX" CardNumber="23456789088"                                                  ExpireDate="0604">							<CardHolderName>Julie Donna Miller</CardHolderName>							<Address Type="4">								<StreetNmbr>7826</StreetNmbr>								<AddressLine>Park St</AddressLine>								<CityName>Cleveland</CityName>								<PostalCode>44121</PostalCode>								<StateProv StateCode="OH"/>							</Address>						</PaymentCard>						<MasterAccountUsage BillingType="EachPaysOwn" SignFoodAndBev="false"/>					</GuaranteePayment>				</Guest>			</Guests>			<MasterContact ContactType="TravelArranger">				<PersonName>					<NamePrefix>Ms.</NamePrefix>					<GivenName>Sally</GivenName>					<MiddleName>S.</MiddleName>					<Surname>Smith</Surname>				</PersonName>				<Telephone AreaCityCode="501" CountryAccessCode="001" Extension="7555"                                   PhoneNumber="555-1212" PhoneUseType="3"/>				<Address>					<StreetNmbr>123</StreetNmbr>					<BldgRoom>9</BldgRoom>					<AddressLine>Sink St.</AddressLine>					<CityName>Dallas</CityName>					<PostalCode>75206</PostalCode>					<StateProv>TX</StateProv>					<CountryName>USA</CountryName>				</Address>				<Email EmailType="2">s.smith@bpa.com</Email>			</MasterContact>			<MasterAccount BillingType="EachPaysOwn" DirectBill_ID="123456789">				<CompanyName Code="33345999" CodeContext="Internal"                                 CompanyShortName="BPA">Builder's Planning Agency</CompanyName>				<Address>					<StreetNmbr>123</StreetNmbr>					<BldgRoom>9</BldgRoom>					<AddressLine>Sink St.</AddressLine>					<CityName>Dallas</CityName>					<PostalCode>75206</PostalCode>					<StateProv>TX</StateProv>					<CountryName>USA</CountryName>				</Address>			</MasterAccount>			<RoomStays>				<RoomStay>					<RoomTypes>						<RoomType RoomTypeCode="Single" NumberOfUnits="2"/>					</RoomTypes>					<RoomRates>						<RoomRate>							<Rates>								<Rate>									<Base AmountBeforeTax="125" CurrencyCode="USD"/>								</Rate>							</Rates>						</RoomRate>					</RoomRates>					<TimeSpan Start="2003-06-10" End="2003-06-15"/>				</RoomStay>			</RoomStays>		</HotelRoomList>	</HotelRoomLists></OTA_HotelRoomListRQ>