<?xml version="1.0" encoding="UTF-8"?><OTA_HotelInvBlockRQ xmlns="http://www.opentravel.org/OTA/2003/05" xmlns:xsi="http://www.w3.org/2001/XMLSchema-instance" xsi:schemaLocation="http://www.opentravel.org/OTA/2003/05 OTA_HotelInvBlockRQ.xsd" EchoToken="String" TimeStamp="2009-01-17T09:30:47" Target="Production" Version="1.000">	<POS>		<Source>			<RequestorID Type="22" ID="SoftBrands"/>			<!-- Type (UIT) 22 = ERSP -->		</Source>	</POS>	<HotelInvBlockRequests>		<HotelInvBlockRequest IncludeAllBlocksAffectingDateRange="1" >			<DateRange Start="2009-07-16" End="2009-07-17"/>			<HotelRef ChainCode="YY" BrandCode="XX" HotelCode="ABC123"/>		</HotelInvBlockRequest>	</HotelInvBlockRequests></OTA_HotelInvBlockRQ>