<?xml version="1.0" encoding="UTF-8"?><OTA_HotelInvBlockRQ xmlns="http://www.opentravel.org/OTA/2003/05" xmlns:xsi="http://www.w3.org/2001/XMLSchema-instance" xsi:schemaLocation="http://www.opentravel.org/OTA/2003/05 OTA_HotelInvBlockRQ.xsd" EchoToken="String" TimeStamp="2008-12-17T09:30:47" Target="Production" Version="1.000">	<POS>		<Source>			<RequestorID Type="22" ID="SoftBrands"/>			<!-- Type (UIT) 22= ERSP -->		</Source>	</POS>	<HotelInvBlockRequests>		<HotelInvBlockRequest>			<InvBlock InvBlockCode="WAM" InvBlockStatusCode="2"/>			<!--InvBlockStatusCode (IBS) 2 = Definite-->			<InvBlock InvBlockCode="DCF" InvBlockStatusCode="2"/>			<!--InvBlockStatusCode (IBS) 2 = Definite-->			<HotelRef ChainCode="YY" BrandCode="XX" HotelCode="ABC123"/>		</HotelInvBlockRequest>	</HotelInvBlockRequests></OTA_HotelInvBlockRQ>