<OTA_ReadRQ xmlns="http://www.opentravel.org/OTA/2003/05" xmlns:xsi="http://www.w3.org/2001/XMLSchema-instance" xsi:schemaLocation="http://www.opentravel.org/OTA/2003/05 OTA_ReadRQ.xsd" TimeStamp="2003-03-17T09:30:47" Version="2.000">
<ReadRequests>
<ProfileReadRequest StatusCode="A">
<!--StatusCode A=Active -->
<Customer BirthDate="1980-01-01">
<Address>
<CityName>Atlanta</CityName>
<CountryName Code="US"></CountryName>
</Address>
</Customer>
</ProfileReadRequest>
</ReadRequests>
</OTA_ReadRQ>