<?xml version="1.0" encoding="UTF-8"?><OTA_AirCheckInRQ xmlns="http://www.opentravel.org/OTA/2003/05" xmlns:xsi="http://www.w3.org/2001/XMLSchema-instance" xsi:schemaLocation="http://www.opentravel.org/OTA/2003/05 OTA_AirCheckInRQ.xsd" TimeStamp="2006-09-18T09:30:47.0Z" Version="1.0" Target="Production" PrimaryLangID="en-us">	<POS>		<Source AirportCode="SFO" ERSP_UserID="U163860" TerminalID="BF2823" ISOCountry="US" FirstDepartPoint="SFO" AgentDutyCode="CS" AirlineVendorID="UA"/>	</POS>	<MessageFunction Function="SelectCheckInSegments"/>	<MessageFunction Function="SelectPassengersToCheckIn"/><MessageFunction Function="IssueBoardingPass"/>	<MessageFunction Function="AssignSeat"/>	<MessageFunction Function="RequestForAlternateFlight"/>	<!-- This is the flight for which the traveler is checking in -->	<FlightInfo RPH="1">		<CarrierInfo Code="UA" FlightNumber="123"/>		<DepartureInformation LocationCode="SFO" JulianDateOfDeparture="002" DateOfDeparture="2006-01-02"/>		<ArrivalInformation LocationCode="DEN"/>	</FlightInfo>	<!-- This is the flight for which the traveler is standing by -->	<FlightInfo RPH="2">		<CarrierInfo Code="UA" FlightNumber="271"/>		<DepartureInformation LocationCode="SFO" JulianDateOfDeparture="002" DateOfDeparture="2006-01-02"/>		<ArrivalInformation LocationCode="DEN"/>	</FlightInfo>	<PassengerInfo RPH="1">		<PassengerName>			<NamePrefix>Mr</NamePrefix>			<GivenName>John</GivenName>			<Surname>Elway</Surname>		</PassengerName>	</PassengerInfo>	<PassengerFlightInfo FlightRPH="2" PassengerRPH="1" DCS_PassengerRefNumber="121" StandbyIndicator="true"/></OTA_AirCheckInRQ>