<?xml version="1.0" encoding="UTF-8"?><OTA_CruiseCancellationPricingRS xmlns="http://www.opentravel.org/OTA/2003/05" xmlns:xsi="http://www.w3.org/2001/XMLSchema-instance" xsi:schemaLocation="http://www.opentravel.org/OTA/2003/05 OTA_CruiseCancellationPricingRS.xsd" Version="1.0" Target="Production" TransactionIdentifier="6940" TimeStamp="2007-02-17T09:30:47">	<Success/>	<ReservationID Type="14" ID="12877326"/>	<!-- Type value of 14 indicates this is a cruise line reservation number -->	<CancellationFees>		<BookingPrices>			<BookingPrice PriceTypeCode="ICF" Amount="50000"/>		</BookingPrices>		<GuestPrices>			<GuestPrice GuestRefNumber="1">				<PriceInfos>					<PriceInfo PriceTypeCode="ICF" Amount="25000"/>				</PriceInfos>			</GuestPrice>			<GuestPrice GuestRefNumber="2">				<PriceInfos>					<PriceInfo PriceTypeCode="ICF" Amount="25000"/>				</PriceInfos>			</GuestPrice>		</GuestPrices>	</CancellationFees></OTA_CruiseCancellationPricingRS>