<?xml version="1.0" encoding="UTF-8"?><OTA_CruiseBookRS xmlns="http://www.opentravel.org/OTA/2003/05" TimeStamp="2006-06-07T17:27:23" Target="Production" Version="2.0" TransactionIdentifier="6940" xmlns:xsi="http://www.w3.org/2001/XMLSchema-instance" xsi:schemaLocation="http://www.opentravel.org/OTA/2003/05 OTA_CruiseBookRS.xsd">	<Success/>	<ReservationID Type="14" ID="12272778"/>	<!--Type 14 indicates reservation ID -->	<SailingInfo>		<SelectedSailing VoyageID="570329" Start="2006-10-03" Duration="P7D" Status="36">		<CruiseLine VendorCode="NCL" VendorName="NORWEGIAN CRUISE LINE" ShipCode="DA" ShipName="Norwegian Dawn"/>		</SelectedSailing>	</SailingInfo>	<PolicyInfo>		<Text>NCL Consumer Advice: FOR EMBARKATION/RE-ENTRY INTO THE US: US/CANADIAN MUST CARRY DOCUMENTARY PROOF OF CITIZENSHIP. REQUIREMENTS VARY AND GUESTS ARE RESPONSIBLE FOR VERIFYING THEIR REQUIREMENTS. OTHERS MUST CARRY VALID PASSPORTS AND VERIFY THEIR VISA REQUIREMENTS FOR EACH DESTINATION. GUESTS WITHOUT PROPER DOCUMENTATION WILL NOT BE ABLE TO BOARD. TERMS AND CONDITIONS ARE IN THE NCL BROCHURES AND ARE ALSO AT http://www.ncl.com</Text>	</PolicyInfo></OTA_CruiseBookRS>