<?xml version="1.0" encoding="UTF-8"?><OTA_ResRetrieveRS xmlns="http://www.opentravel.org/OTA/2003/05" xmlns:xsi="http://www.w3.org/2001/XMLSchema-instance" xsi:schemaLocation="http://www.opentravel.org/OTA/2003/05OTA_ResRetrieveRS.xsd" EchoToken="42348" TimeStamp="2003-12-17T09:30:49" Target="Production" Version="2.000" SequenceNmbr="1" PrimaryLangID="en-us">	<Success/>	<ReservationsList>		<AirReservation BookingReferenceID="64H32X" DateBooked="2003-10-25T10:30:00">			<FlightSegment DepartureDateTime="2003-11-13T09:00:00" ArrivalDateTime="2003-11-13T10:41:00" FlightNumber="1975">				<DepartureAirport LocationCode="ATL"/>				<ArrivalAirport LocationCode="LAX"/>				<MarketingAirline Code="DL"/>			</FlightSegment>		</AirReservation>		<AirReservation BookingReferenceID="9E20KM" DateBooked="2003-11-01T08:30:00">			<FlightSegment DepartureDateTime="2003-11-22T10:07:00" ArrivalDateTime="2003-11-22T11:16:00" FlightNumber="1133">				<DepartureAirport LocationCode="ATL"/>				<ArrivalAirport LocationCode="GSO"/>				<MarketingAirline Code="DL"/>			</FlightSegment>		</AirReservation>		<AirReservation BookingReferenceID="452L38" DateBooked="2003-11-14T20:30:00">			<FlightSegment DepartureDateTime="2003-12-03T18:10:00" ArrivalDateTime="2003-12-04T06:55:00" FlightNumber="12">				<DepartureAirport LocationCode="ATL"/>				<ArrivalAirport LocationCode="LGW"/>				<MarketingAirline Code="DL"/>			</FlightSegment>		</AirReservation>		<AirReservation BookingReferenceID="85U36X" DateBooked="2003-11-25T13:02:00">			<FlightSegment DepartureDateTime="2003-12-24T19:10:00" ArrivalDateTime="2003-12-24T21:29:00" FlightNumber="197">				<DepartureAirport LocationCode="ATL"/>				<ArrivalAirport LocationCode="SEA"/>				<MarketingAirline Code="DL"/>			</FlightSegment>		</AirReservation>	</ReservationsList></OTA_ResRetrieveRS>