<?xml version="1.0" encoding="UTF-8"?><OTA_VehAvailRateRS xmlns="http://www.opentravel.org/OTA/2003/05" xmlns:xsi="http://www.w3.org/2001/XMLSchema-instance" xsi:schemaLocation="http://www.opentravel.org/OTA/2003/05 OTA_VehAvailRateRS.xsd" Version="2.001">	<Success/>	<VehAvailRSCore>		<VehRentalCore PickUpDateTime="2003-12-12T10:30:00" ReturnDateTime="2003-12-20T10:00:00">			<PickUpLocation LocationCode="LHR"/>			<ReturnLocation LocationCode="LHR"/>		</VehRentalCore>		<VehVendorAvails>			<VehVendorAvail>				<Vendor Code="ZE"/>				<VehAvails>					<VehAvail>						<VehAvailCore Status="Available">							<Vehicle AirConditionInd="true" TransmissionType="Automatic">								<VehType VehicleCategory="1" DoorCount="4"/>								<VehClass Size="4"/>							</Vehicle>							<RentalRate>								<RateDistance Unlimited="true" DistUnitName="Mile" VehiclePeriodUnitName="RentalPeriod"/>						<VehicleCharges>							<VehicleCharge Amount="200.00" CurrencyCode="USD" TaxInclusive="false" GuaranteedInd="true" Purpose="1">							<TaxAmounts>								<TaxAmount Total="24.00" CurrencyCode="USD" Percentage="12.00" Description="Tax"/>							</TaxAmounts>							<Calculation UnitCharge="150.00" UnitName="Week" Quantity="1"/>							<Calculation UnitCharge="50.00"  UnitName="Day" Quantity="1"/>						</VehicleCharge>					</VehicleCharges>					<RateQualifier RateCategory="3" RateQualifier="ABC123"/>				</RentalRate>				<TotalCharge RateTotalAmount="200.00" EstimatedTotalAmount="324.00" CurrencyCode="USD"/>				<PricedEquips>					<PricedEquip>						<Equipment EquipType="8"/>						<Charge Amount="30.00"  CurrencyCode="USD" TaxInclusive="false" IncludedInRate="false">						<TaxAmounts>							<TaxAmount Total="3.90" CurrencyCode="USD" Percentage="12.00"/>						</TaxAmounts>						<Calculation UnitCharge="25.00" UnitName="Week" Quantity="1"/>						<Calculation UnitCharge="5.00" UnitName="Day" Quantity="1"/>						</Charge>					</PricedEquip>				</PricedEquips>				<Fees>					<Fee Amount="25.00" CurrencyCode="USD" TaxInclusive="false" Description="SURCHARGE A:" Purpose="5"/>					<Fee Amount="75.00" CurrencyCode="USD" TaxInclusive="false" Description="SURCHARGE B:" Purpose="5"/>				</Fees>						</VehAvailCore>						<VehAvailInfo>							<PricedCoverages>								<PricedCoverage>									<Coverage CoverageType="7"/>									<Charge Amount="00.00" TaxInclusive="true" IncludedInRate="true"/>								</PricedCoverage>								<PricedCoverage>									<Coverage CoverageType="27"/>									<Charge Amount="00.00" TaxInclusive="true" IncludedInRate="true"/>								</PricedCoverage>								<PricedCoverage>									<Coverage CoverageType="38"/>									<Charge Amount="00.00" TaxInclusive="true" IncludedInRate="true"/>								</PricedCoverage>							</PricedCoverages>							<PaymentRules>							<PaymentRule Amount="324.00" CurrencyCode="USD" RuleType="3"/>							</PaymentRules>						</VehAvailInfo>					</VehAvail>				</VehAvails>				<Info>					<VendorMessages>						<VendorMessage InfoType="4">							<SubSection>							<Paragraph>								<Text>THIS RATE REQUIRES PREPAYMENT</Text>							</Paragraph>							</SubSection>						</VendorMessage>					</VendorMessages>				</Info>			</VehVendorAvail>		</VehVendorAvails>	</VehAvailRSCore></OTA_VehAvailRateRS>