<?xml version="1.0" encoding="UTF-8"?><!-- OPENTRAVEL SAMPLE INSTANCE --><!-- USE CASE SCENARIO: Micro-Donation Information Collected in an Air Reservation Request. --><!-- USE CASE DETAILS: A $2.00 Massive Good donation is made from a United States citizen using a MasterCard credit card with NO donation receipt requested. Because the donor’s residence is in the United States, a “StateCode” is required. --><OTA_AirBookRQ xmlns="http://www.opentravel.org/OTA/2003/05" xmlns:xsi="http://www.w3.org/2001/XMLSchema-instance" xsi:schemaLocation="http://www.opentravel.org/OTA/2003/05 OTA_AirBookRQ.xsd" EchoToken="456789" TimeStamp="2010-08-17T09:30:47-05:00" Target="Production" Version="8.001" SequenceNmbr="1" PrimaryLangID="en-us">	<POS>		<Source AgentSine="BSIA1234PM/GS" PseudoCityCode="DFW" ISOCountry="US" ISOCurrency="USD" AirlineVendorID="AA" AirportCode="IAD">			<RequestorID URL="http://provider1.org/OTAEngine" Type="14" ID="0507G4325"/>			<BookingChannel Type="1" Primary="1"/>		</Source>	</POS>	<AirItinerary>		<OriginDestinationOptions>			<OriginDestinationOption>				<FlightSegment DepartureDateTime="2010-12-12T09:00:00" FlightNumber="150" ResBookDesigCode="Q" NumberInParty="1" Status="30">					<DepartureAirport LocationCode="IAD"/>					<ArrivalAirport LocationCode="SAN"/>					<MarketingAirline Code="AA"/>				</FlightSegment>				<FlightSegment DepartureDateTime="2010-12-14T12:40:00" FlightNumber="151" ResBookDesigCode="Q" NumberInParty="1" Status="30">					<DepartureAirport LocationCode="SAN"/>					<ArrivalAirport LocationCode="IAD"/>					<MarketingAirline Code="AA"/>				</FlightSegment>			</OriginDestinationOption>		</OriginDestinationOptions>	</AirItinerary>	<TravelerInfo>		<AirTraveler PassengerTypeCode="ADT">			<PersonName>				<NamePrefix>Mr</NamePrefix>				<GivenName>John</GivenName>				<Surname>Smith</Surname>			</PersonName>			<Telephone AreaCityCode="555" PhoneNumber="555-5555"/>			<Email EmailType="1">johnsmith@home.com </Email>			<Address>				<AddressLine>12 Main Street</AddressLine>				<CityName>Dallas</CityName>				<PostalCode>75000</PostalCode>				<StateProv StateCode="TX"/>				<CountryName Code="US"/>			</Address>			<TravelerRefNumber/>		</AirTraveler>	</TravelerInfo>	<Ticketing TicketType="eTicket"/>		<!-- MICRO DONATION INFORMATION -->	<DonationInformation StateCode="TX" GDS_ID="1A" Language="GB" CountryCode="US" AskForReceiptInd="false">		<!-- Required Front Office information  -->		<FrontOfficeInfo ProductVersion="MyProductVersion" ProductName="MyProductName" OfficeID="MyOfficeID" CorporateID="MyCorporateID"/>		<!-- Required credit card information  -->		<CreditCardInfo CardCode="CA" ExpireDate="0415" CardNumber="5999000022224444" Currency="USD" DonationAmount="2.00">			<!-- CardCode "CA" is MasterCard -->			<CardHolderName>John Q Smith</CardHolderName>		</CreditCardInfo>	</DonationInformation>	</OTA_AirBookRQ>