<?xml version="1.0" encoding="UTF-8"?><OTA_ResRetrieveRS xmlns="http://www.opentravel.org/OTA/2003/05" xmlns:xsi="http://www.w3.org/2001/XMLSchema-instance" xsi:schemaLocation="http://www.opentravel.org/OTA/2003/05OTA_ResRetrieveRS.xsd" EchoToken="7656" TimeStamp="2003-11-08T21:10:30" Target="Production" Version="2.000" SequenceNmbr="3">	<Success/>	<ReservationsList>		<PackageReservation TravelCode="GAD20" TourCode="ADABA" Start="2004-10-13" Duration="P14D" ReservationStatusCode="1" ReservationStatus="Confirmed" Quantity="2">			<UniqueID ID="AA12345" Instance="02" Type="6"/>			<Name>				<NamePrefix>Mr</NamePrefix>				<GivenName>J</GivenName>				<Surname>Smith</Surname>			</Name>			<ArrivalLocation LocationCode="PMI">Palma Mallorca</ArrivalLocation>			<DepartureLocation LocationCode="LGW">London Gatwick</DepartureLocation>		</PackageReservation>		<PackageReservation TravelCode="LCB30" TourCode="CBEGA" Start="2004-10-13" Duration="P7D" ReservationStatusCode="1" ReservationStatus="Confirmed" Quantity="4">			<UniqueID ID="BC43567" Instance="02" Type="6"/>			<Name>				<NamePrefix>Mrs</NamePrefix>				<GivenName>M</GivenName>				<Surname>Smithers</Surname>			</Name>			<ArrivalLocation LocationCode="ACE">Arrecife</ArrivalLocation>			<DepartureLocation LocationCode="LTN">Luton</DepartureLocation>		</PackageReservation>	</ReservationsList></OTA_ResRetrieveRS>