<?xml version="1.0" encoding="UTF-8"?><OTA_PkgAvailRS xmlns="http://www.opentravel.org/OTA/2003/05" xmlns:xsi="http://www.w3.org/2001/XMLSchema-instance" xsi:schemaLocation="http://www.opentravel.org/OTA/2003/05 OTA_PkgAvailRS.xsd" TimeStamp="2005-04-08T21:10:30" EchoToken="7656" Target="Production" Version="3.000" CurrencyCode="GBP">	<Success/>	<Package ID="K09104" TravelCode="42213" TourCode="MINAMA" BoardCode="HB" ExtrasInd="true">		<DateRange Start="2005-06-20" Duration="P7N"/>		<PriceInfo Code="10" CodeContext="Adult Brochure Price" Amount="595.00" OtherPrice="575.00" OtherPriceDescription="Adult Selling Price"/>		<PriceInfo Code="8" CodeContext="First Child Price" Amount="0.00"/>		<ItineraryItems>			<ItineraryItem ItinerarySequence="1">				<Flight DepartureDateTime="2005-06-20T06:00:00" ArrivalDateTime="2005-06-20T08:30:00" DepartureDay="Mon" TravelCode="42213">					<DepartureAirport LocationCode="LGW"/>					<ArrivalAirport LocationCode="MAH"/>					<OperatingAirline Code="BY" FlightNumber="232A"/>				</Flight>			</ItineraryItem>			<ItineraryItem ItinerarySequence="2">				<Accommodation ResortName="Santo Tomas" ResortCode="000308" DestinationCode="00122" DestinationName="Minorca">					<Identity BrandCode="SFA" BrandName="Superfamily" HotelCode="002775" HotelName="Victoria Playa" PropertyClassType="20"/>					<DateRange Start="2005-06-20" Duration="P7N">					</DateRange>					<RoomProfiles>						<RoomProfile RoomType="TWIN3" RoomTypeCode="BC045" Quantity="1" Description="Twin with 3 beds, PB, WC, BL and CS" MinOccupancy="2" MaxOccupancy="3" FreeChildFlag="true">							<RoomAmenity RoomAmenity="10"/>						</RoomProfile>						<RoomProfile RoomType="DB4BK" RoomTypeCode="LH045" Quantity="1" Description="Double room with additional bunk beds, PB, WC, BL, CS" MinOccupancy="2" MaxOccupancy="4" FreeChildFlag="true">							<RoomAmenity RoomAmenity="130"/>							<Prices>								<Price PriceBasis="Per person per night" Amount="2.50"/>							</Prices>						</RoomProfile>					</RoomProfiles>					<MealPlans>						<MealPlan Code="HB" Plan="Half Board"/>						<MealPlan Code="AI" Plan="All Inclusive">							<Prices>								<Price PriceBasis="Per person per night" Amount="12.50"/>							</Prices>						</MealPlan>					</MealPlans>				</Accommodation>			</ItineraryItem>			<ItineraryItem ItinerarySequence="3">				<Flight DepartureDateTime="2004-06-27T11:00:00" ArrivalDateTime="2004-06-27T13:10:00" DepartureDay="Mon" TravelCode="42713">					<DepartureAirport LocationCode="MAH"/>					<ArrivalAirport LocationCode="LGW"/>					<OperatingAirline Code="BY" FlightNumber="232B"/>				</Flight>			</ItineraryItem>		</ItineraryItems>		<Cautions>			<Caution ID="E001">BUNK BEDS IN FAMILY ROOMS ARE SUITABLE FOR CHILDREN UP TO 12 YRS</Caution>			<Caution ListOfItineraryItemRPH="2" ID="E002">INTERCONNECTING ROOMS MUST BE BOOKED AS A PAIR</Caution>			<Caution ListOfItineraryItemRPH="2" ID="E003">BED SHARING NOT PERMITTED</Caution>			<Caution ListOfItineraryItemRPH="1 3" ID="E004">IN-FLIGHT MEALS ARE OPTIONAL AND MUST BE PRE-BOOKED</Caution>		</Cautions>	</Package></OTA_PkgAvailRS>