<?xml version="1.0" encoding="UTF-8"?><OTA_AirCheckInRQ xmlns="http://www.opentravel.org/OTA/2003/05" xmlns:xsi="http://www.w3.org/2001/XMLSchema-instance" xsi:schemaLocation="http://www.opentravel.org/OTA/2003/05 OTA_AirCheckInRQ.xsd" TimeStamp="2006-09-18T09:30:47.0Z" Version="1.0" Target="Production" PrimaryLangID="en-us">	<POS>		<Source AirportCode="LAX" ERSP_UserID="U123456" TerminalID="B2C103" ISOCountry="US" FirstDepartPoint="LAX" AgentDutyCode="CS" AirlineVendorID="UA"/>	</POS>	<MessageFunction Function="SelectCheckInSegments"/>	<MessageFunction Function="SelectPassengersToCheckIn"/><MessageFunction Function="IssueBoardingPass"/>	<MessageFunction Function="AssignSeat"/>	<MessageFunction Function="VolunteerForDeniedBoarding"/>	<FlightInfo RPH="1">		<CarrierInfo Code="UA" FlightNumber="899"/>		<DepartureInformation LocationCode="LAX" JulianDateOfDeparture="001" DateOfDeparture="2006-01-01"/>		<ArrivalInformation LocationCode="NRT"/>	</FlightInfo>	<PassengerInfo RPH="1">		<PassengerName>			<NamePrefix>Mr</NamePrefix>			<GivenName>Joe</GivenName>			<Surname>Traveler</Surname>		</PassengerName>	</PassengerInfo>	<PassengerFlightInfo FlightRPH="1" PassengerRPH="1" DeniedBoardingVolunteerInd="true" DCS_PassengerRefNumber="123">		<API_Info DocIssueCountry="US" BirthLocation="Los Angeles, CA" InfantInd="false" DocHolderNationality="US" DocIssueStateProv="CA" ExpireDate="2007-08-13" EffectiveDate="1997-08-13" BirthDate="1968-09-01" Gender="Male" DocID="8117266358" API_InfoSource="OCR" BirthCountry="US" DocType="2">			<!-- DocType -->			<DocHolderName>Joe Traveler</DocHolderName>			<Address Type="4">				<StreetNmbr StreetDirection="N">4931 Mason St.</StreetNmbr>				<CityName>Los Angeles</CityName>				<PostalCode>90744</PostalCode>				<StateProv StateCode="CA"/>				<CountryName Code="US"/>			</Address>			<!-- AddressType -->		</API_Info>		<InternationalProcessingInfo DocumentVerifiedInd="true"/>	</PassengerFlightInfo></OTA_AirCheckInRQ>