<?xml version="1.0" encoding="UTF-8"?><OTA_HotelRFP_TransientRS xmlns="http://www.opentravel.org/OTA/2003/05" xmlns:xsi="http://www.w3.org/2001/XMLSchema-instance" xsi:schemaLocation="http://www.opentravel.org/OTA/2003/05 OTA_HotelRFP_TransientRS.xsd" EchoToken="952698" TimeStamp="2004-08-02T02:32:47-05:00" Target="Production" Version="1.0">	<Success/>	<RFP_TransientDetail><RFP_TransientResponses>	<RFP_TransientResponse BrandCode="MC" ChainCode="MI" HotelCode="LAXAP" HotelName="Los Angeles Airport Marriott">	<RFP_ResponseDetail DetailIncludedIndicator="false" MaximumTime="P2D" />	</RFP_TransientResponse></RFP_TransientResponses>	<MessageID ID="12345777" Type="16"/>	</RFP_TransientDetail></OTA_HotelRFP_TransientRS>