<?xml version="1.0" encoding="UTF-8"?><OTA_HotelRatePlanNotifRQ xmlns="http://www.opentravel.org/OTA/2003/05" xmlns:xsi="http://www.w3.org/2001/XMLSchema-instance" xsi:schemaLocation="http://www.opentravel.org/OTA/2003/05OTA_HotelRatePlanNotifRQ.xsd" Version="2.001">	<RatePlans HotelCode="XYL8079">		<RatePlan>			<Rates>				<Rate Start="2007-04-01" End="2007-12-31">					<BaseByGuestAmts>						<BaseByGuestAmt AmountAfterTax="86.00" CurrencyCode="EUR"/>					</BaseByGuestAmts>				</Rate>			</Rates>			<SellableProducts>				<SellableProduct InvCode="HB" InvType="BOARD">					<GuestRoom/>				</SellableProduct>				<SellableProduct InvCode="SGL" InvType="ROOM">					<GuestRoom/>				</SellableProduct>			</SellableProducts>		</RatePlan>		<RatePlan>			<Rates>				<Rate Start="2007-04-01" End="2007-12-31">					<BaseByGuestAmts>						<BaseByGuestAmt AmountAfterTax="65.00" CurrencyCode="EUR"/>					</BaseByGuestAmts>					<AdditionalGuestAmounts>						<AdditionalGuestAmount MaxAdditionalGuests="1" MinAge="2" MaxAge="12" Amount="36.00" CurrencyCode="EUR"/>					</AdditionalGuestAmounts>				</Rate>			</Rates>			<SellableProducts>				<SellableProduct InvCode="HB" InvType="BOARD">					<GuestRoom/>				</SellableProduct>				<SellableProduct InvCode="DBL" InvType="ROOM">					<GuestRoom/>				</SellableProduct>			</SellableProducts>		</RatePlan>		<RatePlan>			<Rates>				<Rate Start="2007-04-01" End="2007-12-31">					<BaseByGuestAmts>						<BaseByGuestAmt AmountAfterTax="98.00" CurrencyCode="EUR"/>					</BaseByGuestAmts>				</Rate>			</Rates>			<SellableProducts>				<SellableProduct InvCode="HB" InvType="BOARD">					<GuestRoom/>				</SellableProduct>				<SellableProduct InvCode="DBIN" InvType="ROOM">					<GuestRoom/>				</SellableProduct>			</SellableProducts>		</RatePlan>	</RatePlans>	<Offers>		<Offer OfferCode="EB1" ApplicationOrder="1" RPH="1">			<OfferRules>				<OfferRule>					<DateRestriction End="2007-01-31" RestrictionType="booking"/>				</OfferRule>			</OfferRules>			<Discount Percent="17"/>			<OfferDescription>				<Text>Non-cumulative Early Booking Discount</Text>			</OfferDescription>			<CompatibleOffers>				<CompatibleOffer IncompatibleOfferIndicator="true" OfferRPH="2 3 4 5 6 7"/>			</CompatibleOffers>		</Offer>		<Offer OfferCode="EB2" ApplicationOrder="2" RPH="2">			<OfferRules>				<OfferRule>					<DateRestriction End="2007-04-30" Start="2007-02-01" RestrictionType="booking"/>				</OfferRule>			</OfferRules>			<Discount Percent="10"/>			<OfferDescription>				<Text>Early Booking discount cumulative with all but the Long Stay offer</Text>			</OfferDescription>			<CompatibleOffers>				<CompatibleOffer OfferRPH="3" IncompatibleOfferIndicator="true"/>			</CompatibleOffers>		</Offer>		<Offer OfferCode="LS" ApplicationOrder="3" RPH="3">			<OfferRules>				<OfferRule>					<LengthsOfStay>						<LengthOfStay Time="22" TimeUnit="Day" MinMaxMessageType="SetMinLOS"/>					</LengthsOfStay>				</OfferRule>			</OfferRules>			<Discount Percent="15"/>			<OfferDescription>				<Text>stay at least 22 days to get a long-stay discount of 15%</Text>			</OfferDescription>			<Inventories>				<Inventory InvCode="Extra" AppliesToIndicator="false"/>			</Inventories>		</Offer>		<Offer OfferCode="21*16" ApplicationOrder="4" RPH="4">			<OfferRules>				<OfferRule>					<DateRestriction Start="2007-04-25" End="2007-05-01" RestrictionType="arrival"/>					<LengthsOfStay>						<LengthOfStay Time="21" TimeUnit="Day" MinMaxMessageType="FixedLOS"/>					</LengthsOfStay>				</OfferRule>			</OfferRules>			<Discount NightsRequired="21" NightsDiscounted="5" Percent="100"/>			<OfferDescription>				<Text>stay 21 - pay 16 nights</Text>			</OfferDescription>		</Offer>		<Offer OfferCode="14*11" ApplicationOrder="5" RPH="5">			<OfferRules>				<OfferRule>					<DateRestriction Start="2007-04-25" End="2007-05-01" RestrictionType="arrival"/>				</OfferRule>				<OfferRule>					<DateRestriction Start="2007-06-12" End="2007-06-19" RestrictionType="arrival"/>				</OfferRule>				<OfferRule>					<DateRestriction Start="2007-10-08" End="2007-10-16" RestrictionType="arrival"/>				</OfferRule>			</OfferRules>			<Discount NightsRequired="14" NightsDiscounted="3" Percent="100"/>			<OfferDescription>				<Text>stay 14 - pay 11 nights</Text>			</OfferDescription>		</Offer>		<Offer OfferCode="7*6" ApplicationOrder="6" RPH="6">			<OfferRules>				<OfferRule>					<DateRestriction Start="2007-04-25" End="2007-05-01" RestrictionType="arrival"/>				</OfferRule>				<OfferRule>					<DateRestriction Start="2007-06-12" End="2007-06-19" RestrictionType="arrival"/>				</OfferRule>				<OfferRule>					<DateRestriction Start="2007-10-08" End="2007-10-23" RestrictionType="arrival"/>				</OfferRule>			</OfferRules>			<Discount NightsRequired="7" NightsDiscounted="1" Percent="100"/>			<OfferDescription>				<Text>stay 7 - pay 6 nights</Text>			</OfferDescription>		</Offer>		<Offer OfferCode="DBL=DBIN" ApplicationOrder="7" RPH="7">			<OfferRules>				<OfferRule>					<DateRestriction Start="2007-09-01" End="2007-10-31" RestrictionType="stay"/>				</OfferRule>			</OfferRules>			<FreeUpgrade UpgradeBookingCode="DBIN">				<UpgradeFrom InvCode="DBL"/>				<UpgradeTo InvCode="DBIN"/>			</FreeUpgrade>			<OfferDescription>				<Text>stay in a double for individual use and pay only the rate for double occupancy</Text>			</OfferDescription>		</Offer>	</Offers>	<TPA_Extensions/></OTA_HotelRatePlanNotifRQ>