<?xml version="1.0" encoding="UTF-8"?><OTA_HotelRFP_MeetingNotifRQ xmlns="http://www.opentravel.org/OTA/2003/05" xmlns:xsi="http://www.w3.org/2001/XMLSchema-instance" xsi:schemaLocation="http://www.opentravel.org/OTA/2003/05OTA_HotelRFP_MeetingNotifRQ.xsd" TimeStamp="2001-12-17T09:30:47-05:00" Target="Production" Version="1.000" SequenceNmbr="1" TransactionStatusCode="Start" PrimaryLangID="en-us" AltLangID="en-us">		<RFP_ResponseSegments>			<RFP_ResponseSegment>				<Sites>					<Site ChainCode="Hilton" BrandCode="HIC" HotelCode="16024" HotelName="Hilton DFW Lakes Executive Conference Center" ChainName="Hilton Hotels" BrandName="Hilton Hotels">						<ResponseType DetailIncludedIndicator="true" DeclineIndicator="true" DeclineReasonCode="5"/>						<ContactInfos>							<ContactInfo ContactType="Director of Sales">								<PersonName>									<NamePrefix>Ms.</NamePrefix>									<GivenName>Lori</GivenName>									<Surname>Smith</Surname>								</PersonName>								<Telephone PhoneLocationType="4" PhoneTechType="1" CountryAccessCode="1" AreaCityCode="817" PhoneNumber="481-8444"/>								<Telephone PhoneLocationType="4" PhoneTechType="3" CountryAccessCode="1" AreaCityCode="817" PhoneNumber="481-3160"/>								<Telephone PhoneLocationType="5" PhoneTechType="1" CountryAccessCode="1" AreaCityCode="817" PhoneNumber="410-6772"/>								<Telephone PhoneLocationType="5" PhoneTechType="3" CountryAccessCode="1" AreaCityCode="817" PhoneNumber="481-3146"/>								<Address Type="2" UseType="6">									<StreetNmbr>800 Highway 26 East</StreetNmbr>									<CityName>Grapevine</CityName>									<PostalCode>76051-9641</PostalCode>									<StateProv StateCode="TX"/>									<CountryName Code="US"/>								</Address>								<Email EmailType="6">lsmith@dfwhilton.com</Email>							</ContactInfo>						</ContactInfos>						<Comment>							<Text>						We apologize, but our facility cannot accommodate your request at this time.</Text>						</Comment>						<SiteID URL="http://www.hiltondirect.com" Type="10" ID="123456"/>					</Site>				</Sites>			</RFP_ResponseSegment>		</RFP_ResponseSegments>		<MessageID ID="12345" URL="http://www.mpoint.com" Type="13"/></OTA_HotelRFP_MeetingNotifRQ>