<?xml version="1.0" encoding="UTF-8"?><OTA_HotelAvailGetRS xmlns:xsi="http://www.w3.org/2001/XMLSchema-instance" xmlns="http://www.opentravel.org/OTA/2003/05" xsi:schemaLocation="http://www.opentravel.org/OTA/2003/05 OTA_HotelAvailGetRS.xsd" TimeStamp="2009-01-17T09:39:09" Target="Production" Version="1.002"><Success/><AvailStatusMessages ChainCode="YY" BrandCode="XX" HotelCode="ABC123">	<AvailStatusMessage> 			<StatusApplicationControl Start="2009-03-01" End="2009-05-31" 			RatePlanCode="CORP"			InvCodeApplication="InvCode" InvCode="STD" IsRoom="true" Override="true"/> 			<LengthsOfStay ArrivalDateBased="true" FixedPatternLength="8">				<LengthOfStay Time="1" TimeUnit="Day" OpenStatusIndicator="false" 				MinMaxMessageType="FullPatternLOS"/> 				<LengthOfStay Time="2" TimeUnit="Day" OpenStatusIndicator="true" 				MinMaxMessageType="FullPatternLOS"/> 				<LengthOfStay Time="3" TimeUnit="Day" OpenStatusIndicator="false" 				MinMaxMessageType="FullPatternLOS"/> 				<LengthOfStay Time="4" TimeUnit="Day" OpenStatusIndicator="true" 				MinMaxMessageType="FullPatternLOS"/> 				<LengthOfStay Time="5" TimeUnit="Day" OpenStatusIndicator="false" 				MinMaxMessageType="FullPatternLOS"/> 				<LengthOfStay Time="6" TimeUnit="Day" OpenStatusIndicator="false" 				MinMaxMessageType="FullPatternLOS"/> 				<LengthOfStay Time="7" TimeUnit="Day" OpenStatusIndicator="false" 				MinMaxMessageType="FullPatternLOS"/> 				<LengthOfStay Time="8" TimeUnit="Day" OpenStatusIndicator="false" 				MinMaxMessageType="FullPatternLOS"/> 			</LengthsOfStay> 		</AvailStatusMessage>           <AvailStatusMessage> 		<StatusApplicationControl Start="2009-03-01" End="2009-05-31" 		RatePlanCodeType="RatePlanCode" RatePlanCode="CORP2" 		InvCodeApplication="InvCode" InvCode="STD" IsRoom="true" Override="true"/> 		<LengthsOfStay ArrivalDateBased="true" FixedPatternLength="8"> 			<LengthOfStay Time="1" TimeUnit="Day" OpenStatusIndicator="false" 			MinMaxMessageType="FullPatternLOS"/> 			<LengthOfStay Time="2" TimeUnit="Day" OpenStatusIndicator="false" 			MinMaxMessageType="FullPatternLOS"/> 			<LengthOfStay Time="3" TimeUnit="Day" OpenStatusIndicator="false" 			MinMaxMessageType="FullPatternLOS"/> 			<LengthOfStay Time="4" TimeUnit="Day" OpenStatusIndicator="false" 			MinMaxMessageType="FullPatternLOS"/> 			<LengthOfStay Time="5" TimeUnit="Day" OpenStatusIndicator="false" 			MinMaxMessageType="FullPatternLOS"/> 			<LengthOfStay Time="6" TimeUnit="Day" OpenStatusIndicator="false" 			MinMaxMessageType="FullPatternLOS"/> 			<LengthOfStay Time="7" TimeUnit="Day" OpenStatusIndicator="false" 			MinMaxMessageType="FullPatternLOS"/> 			<LengthOfStay Time="8" TimeUnit="Day" OpenStatusIndicator="false" 			MinMaxMessageType="FullPatternLOS"/> 		</LengthsOfStay> 	</AvailStatusMessage>	</AvailStatusMessages> </OTA_HotelAvailGetRS>