<?xml version="1.0" encoding="UTF-8"?><!-- OPENTRAVEL SAMPLE INSTANCE --><!-- USE CASE SCENARIO: Hotel Inventory Change Request/Response with Hotel Codes Specified. --><!-- USE CASE DETAILS: A travel agency trading partner that is caching hotel rates and availability information has made an OTA_HotelInvChangeRQ request and has received the response that contains the rates and availability changes for four hotel codes that need to be updated in the cache. This sample hotel availability request includes the results from the OTA_HotelInvChangeRS message. --><OTA_HotelAvailRQ xmlns="http://www.opentravel.org/OTA/2003/05" xmlns:xsi="http://www.w3.org/2001/XMLSchema-instance"  xsi:schemaLocation="http://www.opentravel.org/OTA/2003/05 OTA_HotelAvailRQ.xsd" Version="3.001">	<!-- Transaction originator (point of sale) information -->	<POS>		<Source ISOCountry="US" ISOCurrency="USD">			<!-- Request type of 5 is "Travel Agency" - See OpenTravel Code List Unique ID Type (UIT). -->			<RequestorID Type="5" ID="12345" MessagePassword="ABC123456789"/>		</Source>	</POS>	<AvailRequestSegments>		<AvailRequestSegment>			<StayDateRange End="2010-09-30" Start="2010-07-07"/>			<HotelSearchCriteria>				<Criterion>					<HotelRef HotelCode="LONST"/>					<HotelRef HotelCode="LONSU"/>					<HotelRef HotelCode="LONHB"/>				</Criterion>			</HotelSearchCriteria>		</AvailRequestSegment>	</AvailRequestSegments></OTA_HotelAvailRQ>