<?xml version="1.0" encoding="UTF-8"?><OTA_CruiseItineraryDescRS xmlns="http://www.opentravel.org/OTA/2003/05" xmlns:xsi="http://www.w3.org/2001/XMLSchema-instance" xsi:schemaLocation="http://www.opentravel.org/OTA/2003/05 OTA_CruiseItineraryDescRS.xsd" Version="1.0" Target="Production" TransactionIdentifier="6940" TimeStamp="2007-02-17T09:30:47">	<Success/>	<SelectedSailing VendorCode="NCL" VendorName="Norwegian Cruise Line" ShipCode="HA" ShipName="Pride of Hawaii" Duration="P7D" Start="2007-02-17" VoyageID="743536" Status="36"/>	<!-- Status value of 36 indicates this sailing is available -->	<CruiseItinInfos>		<CruiseItinInfo PortCode="HNL" PortCountryCode="US" PortName="HONOLULU" DockIndicator="true" ShorexIndicator="false">			<DateTimeDescription DateTimeQualifier="departure" DateTimeDetails="2007-02-17T20:00:00"/>		</CruiseItinInfo>		<CruiseItinInfo PortCode="ITO" PortCountryCode="US" PortName="HILO" DockIndicator="true" ShorexIndicator="true">			<DateTimeDescription DateTimeQualifier="arrival" DateTimeDetails="2007-02-18T08:00:00"/>			<DateTimeDescription DateTimeQualifier="departure" DateTimeDetails="2007-02-18T19:00:00"/>		</CruiseItinInfo>		<CruiseItinInfo PortCode="ASE" PortName="AT SEA" DockIndicator="false" ShorexIndicator="false">			<DateTimeDescription DateTimeQualifier="stay" DateTimeDetails="2007-02-18T19:01:00"/>			<Information>				<Text>EVENING SAIL BY MOUNT KILAUEA</Text>			</Information>		</CruiseItinInfo>		<CruiseItinInfo PortCode="OGG" PortCountryCode="US" PortName="KAHULUI (MAUI)" DockIndicator="true" ShorexIndicator="true">			<DateTimeDescription DateTimeQualifier="arrival" DateTimeDetails="2007-02-19T08:00:00"/>			<DateTimeDescription DateTimeQualifier="departure" DateTimeDetails="2007-02-20T18:00:00"/>		</CruiseItinInfo>		<CruiseItinInfo PortCode="KOA" PortCountryCode="US" PortName="KONA" DockIndicator="true" ShorexIndicator="true">			<DateTimeDescription DateTimeQualifier="arrival" DateTimeDetails="2007-02-21T07:00:00"/>			<DateTimeDescription DateTimeQualifier="departure" DateTimeDetails="2007-02-21T18:00:00"/>		</CruiseItinInfo>		<CruiseItinInfo PortCode="ASE" PortName="AT SEA" DockIndicator="false" ShorexIndicator="false">			<DateTimeDescription DateTimeQualifier="stay" DateTimeDetails="2007-02-22T00:00:00"/>			<Information>				<Text>SCENIC CRUISING</Text>			</Information>		</CruiseItinInfo>		<CruiseItinInfo PortCode="NWK" PortCountryCode="US" PortName="NAWILIWILI (KAUAI)" DockIndicator="true" ShorexIndicator="true">			<DateTimeDescription DateTimeQualifier="arrival" DateTimeDetails="2007-02-22T10:00:00"/>			<DateTimeDescription DateTimeQualifier="departure" DateTimeDetails="2007-02-23T18:00:00"/>		</CruiseItinInfo>		<CruiseItinInfo PortCode="HNL" PortCountryCode="US" PortName="HONOLULU" DockIndicator="true" ShorexIndicator="true">			<DateTimeDescription DateTimeQualifier="arrival" DateTimeDetails="2007-02-24T07:00:00"/>		</CruiseItinInfo>	</CruiseItinInfos></OTA_CruiseItineraryDescRS>