<?xml version="1.0" encoding="UTF-8"?><OTA_CruisePriceBookingRS xmlns="http://www.opentravel.org/OTA/2003/05" xmlns:xsi="http://www.w3.org/2001/XMLSchema-instance" Version="2.0" Target="Production" TransactionIdentifier="7777" TimeStamp="2006-06-07T17:56:21" xsi:schemaLocation="http://www.opentravel.org/OTA/2003/05 OTA_CruisePriceBookingRS.xsd">	<Success/>	<SailingInfo>		<SelectedSailing VoyageID="570329" Duration="P7D" Start="2006-10-03">			<CruiseLine VendorCode="NCL" ShipCode="DA"/>		</SelectedSailing>		<Currency DecimalPlaces="2" CurrencyCode="USD"/>		<SelectedCategory BerthedCategoryCode="AB" PricedCategoryCode="AB">			<SelectedCabin CabinNumber="8003" Status="48"/>			<!-- Status value of 48 indicates the cabin is held -->		</SelectedCategory>	</SailingInfo>	<BookingPayment>		<BookingPrices>			<BookingPrice PriceTypeCode="8" Amount="5079.38"/>			<!-- The PriceTypeCode value of 8 indicates Gross Totals -->			<BookingPrice PriceTypeCode="3" Amount="5079.38"/>			<!-- The PriceTypeCode value of 3 indicates Balance Due -->			<BookingPrice PriceTypeCode="42" Amount="4324.04"/>			<!-- The PriceTypeCode value of 42 indicates Net Totals -->			<BookingPrice PriceTypeCode="5" Amount="3878.00"/>			<!-- The PriceTypeCode value of 5 indicates Cruise Rate -->			<BookingPrice PriceTypeCode="11" Amount="755.34"/>			<!-- The PriceTypeCode value of 11 indicates Net Commission Total -->			<BookingPrice PriceTypeCode="1" Amount="446.00"/>			<!-- The PriceTypeCode value of 1 indicates Air Add On -->			<BookingPrice PriceTypeCode="10" Amount="358.00"/>			<!-- The PriceTypeCode value of 10 indicates Insurance -->			<BookingPrice PriceTypeCode="12" Amount="280.00"/>			<!-- The PriceTypeCode value of 12 indicates Non-Commissionable Fares -->			<BookingPrice PriceTypeCode="18" Amount="117.38"/>			<!-- The PriceTypeCode value of 18 indicates Taxes and Fees -->			<BookingPrice PriceTypeCode="20" Amount="0"/>			<!-- The PriceTypeCode value of 20 indicates VAT -->			<BookingPrice PriceTypeCode="2" Amount="0"/>			<!-- The PriceTypeCode value of 2 indicates Amount Received -->			<BookingPrice PriceTypeCode="6" Amount="500.00"/>			<!-- The PriceTypeCode value of 6 indicates Deposit Amount -->		</BookingPrices>		<GuestPrices>			<GuestPrice GuestRefNumber="1">				<GuestTransportation Mode="14">					<!--The TransportationMode value of 14 indicates Plane -->					<GuestCity LocationCode="ATL" CodeContext="IATA"/>				</GuestTransportation>				<PriceInfos>					<PriceInfo PriceTypeCode="8" Amount="2772.69"/>					<!-- The PriceTypeCode value of 8 indicates Gross Totals -->					<PriceInfo PriceTypeCode="5" Amount="1939.00"/>					<!-- The PriceTypeCode value of 5 indicates Cruise Rate -->					<PriceInfo PriceTypeCode="1" Amount="446.00"/>					<!-- The PriceTypeCode value of 1 indicates Air Add On -->					<PriceInfo PriceTypeCode="10" Amount="189.00"/>					<!-- The PriceTypeCode value of 10 indicates Insurance -->					<PriceInfo PriceTypeCode="12" Amount="140.00"/>					<!-- The PriceTypeCode value of 12 indicates Non-Commissionable Fares -->					<PriceInfo PriceTypeCode="18" Amount="58.69"/>					<!-- The PriceTypeCode value of 18 indicates Taxes and Fees -->				</PriceInfos>			</GuestPrice>			<GuestPrice GuestRefNumber="2">				<GuestTransportation Mode="29">					<!--The TransportationMode value of 14 indicates No Transportation -->					<GuestCity LocationCode="ATL" CodeContext="IATA"/>				</GuestTransportation>				<PriceInfos>					<PriceInfo PriceTypeCode="8" Amount="2306.69"/>					<!-- The PriceTypeCode value of 8 indicates Gross Totals -->					<PriceInfo PriceTypeCode="5" Amount="1939.00"/>					<!-- The PriceTypeCode value of 5 indicates Cruise Rate -->					<PriceInfo PriceTypeCode="10" Amount="169.00"/>					<!-- The PriceTypeCode value of 10 indicates Insurance -->					<PriceInfo PriceTypeCode="12" Amount="140.00"/>					<!-- The PriceTypeCode value of 12 indicates Non-Commissionable Fares -->					<PriceInfo PriceTypeCode="18" Amount="58.69"/>					<!-- The PriceTypeCode value of 18 indicates Taxes and Fees -->				</PriceInfos>			</GuestPrice>		</GuestPrices>	</BookingPayment></OTA_CruisePriceBookingRS>