<?xml version="1.0" encoding="UTF-8"?><OTA_VehAvailRateRQ xmlns="http://www.opentravel.org/OTA/2003/05" xmlns:xsi="http://www.w3.org/2001/XMLSchema-instance" xsi:schemaLocation="http://www.opentravel.org/OTA/2003/05 OTA_VehAvailRateRQ.xsd" Target="Production" Version="1.008" TransactionIdentifier="SCA" SequenceNmbr="1" PrimaryLangID="EN">	<POS>		<Source AgentSine="A" PseudoCityCode="NCE1A0308" ISOCountry="FR" ISOCurrency="EUR" AgentDutyCode="SU" AirlineVendorID="1A" AirportCode="NCE">			<RequestorID Type="5" ID="20299963" ID_Context="IATA"/>			<!--Type (UIT) 5= Travel Agency -->		</Source>	</POS>	<VehAvailRQCore>		<VehRentalCore PickUpDateTime="2009-12-16T09:00:00" ReturnDateTime="2009-12-17T10:00:00">			<PickUpLocation LocationCode="NCE" CodeContext="IATA"/>			<ReturnLocation LocationCode="NCE" CodeContext="IATA"/>		</VehRentalCore>		<VendorPrefs>			<VendorPref Code="ZE"></VendorPref>		</VendorPrefs>		<RateQualifier CorpDiscountNmbr="ALTES3" PromotionCode="OFFER2000" RateCategory="16" RatePeriod="Daily"/>		<!--Type (RTC) 16= Standard -->	</VehAvailRQCore>	<VehAvailRQInfo>		<Customer>			<Primary>				<CustLoyalty ProgramID="FT" MembershipID="1234567"/>				<CustLoyalty ProgramID="ID" MembershipID="777877"/>			</Primary>		</Customer>		<TourInfo TourNumber="LH3021"/>	</VehAvailRQInfo></OTA_VehAvailRateRQ>