<?xml version="1.0" encoding="UTF-8"?><OTA_GolfCourseAvailRS xmlns="http://www.opentravel.org/OTA/2003/05" xmlns:xsi="http://www.w3.org/2001/XMLSchema-instance" xsi:schemaLocation="http://www.opentravel.org/OTA/2003/05 OTA_GolfCourseAvailRS.xsd" EchoToken="12345" TimeStamp="2003-05-31T13:20:00-05:00" Target="Production" Version="1.001" SequenceNmbr="123456">	<Success/>	<UniqueID Type="4" ID="FL1234">	</UniqueID>	<GolfCourseTeeTimes>		<GolfCourseTeeTime Start="2003-10-31T13:00:00" End="2003-10-31T14:30:00" NumberOfGolfers="4" NumberOfHoles="18" NumberOfTimes="1" MaxPrice="80.00" CurrencyCode="USD">			<Fees>				<Fee TaxInclusive="true" Amount="70.00" CurrencyCode="USD">					<Description Name="GreensFee">						<Text Formatted="false" Language="EN"/>					</Description>				</Fee>				<Fee TaxInclusive="true" Amount="11.00" CurrencyCode="USD">					<Description Name="CartFee">						<Text Formatted="false" Language="EN"/>					</Description>				</Fee>			</Fees>		</GolfCourseTeeTime>	</GolfCourseTeeTimes></OTA_GolfCourseAvailRS>