<?xml version="1.0" encoding="UTF-8"?><OTA_AirPriceRS xmlns="http://www.opentravel.org/OTA/2003/05" xmlns:xsi="http://www.w3.org/2001/XMLSchema-instance" xsi:schemaLocation="http://www.opentravel.org/OTA/2003/05OTA_AirPriceRS.xsd" EchoToken="36732" TimeStamp="2003-11-14T10:30:00" Target="Production" Version="2.001" SequenceNmbr="285" PrimaryLangID="en">	<Success/>	<PricedItineraries>		<PricedItinerary SequenceNumber="1">			<AirItinerary DirectionInd="Circle">				<OriginDestinationOptions>					<OriginDestinationOption>						<FlightSegment DepartureDateTime="2003-12-12T12:50:00" ArrivalDateTime="2003-12-12T14:34:00" StopQuantity="0" FlightNumber="242" ResBookDesigCode="L"  NumberInParty="2" Status="30">							<DepartureAirport LocationCode="ATL"/>							<ArrivalAirport LocationCode="LAX"/>							<MarketingAirline Code="DL"/>						</FlightSegment>					</OriginDestinationOption>					<OriginDestinationOption>						<FlightSegment DepartureDateTime="2003-12-12T15:30:00" ArrivalDateTime="2003-12-12T19:15:00" StopQuantity="0" FlightNumber="1579" ResBookDesigCode="L" NumberInParty="2" Status="30">							<DepartureAirport LocationCode="LAX"/>							<ArrivalAirport LocationCode="HNL"/>							<MarketingAirline Code="DL"/>						</FlightSegment>					</OriginDestinationOption>					<OriginDestinationOption>						<FlightSegment DepartureDateTime="2003-12-20T22:00:00" ArrivalDateTime="2003-12-21T05:05:00" StopQuantity="0" FlightNumber="1852" ResBookDesigCode="L" NumberInParty="2" Status="30">							<DepartureAirport LocationCode="HNL"/>							<ArrivalAirport LocationCode="LAX"/>							<MarketingAirline Code="DL"/>						</FlightSegment>					</OriginDestinationOption>					<OriginDestinationOption>						<FlightSegment DepartureDateTime="2003-12-21T06:00:00" ArrivalDateTime="2003-12-21T13:03:00" StopQuantity="0" FlightNumber="744" ResBookDesigCode="L" NumberInParty="2" Status="30">							<DepartureAirport LocationCode="LAX"/>							<ArrivalAirport LocationCode="ATL"/>							<MarketingAirline Code="DL"/>						</FlightSegment>					</OriginDestinationOption>				</OriginDestinationOptions>			</AirItinerary>			<AirItineraryPricingInfo PricingSource="Published">				<ItinTotalFare NegotiatedFare="false">					<BaseFare Amount="783.88" CurrencyCode="USD"/>					<Taxes>						<Tax TaxCode="US" Amount="38.72" CurrencyCode="USD"/>						<Tax TaxCode="AY" Amount="10.00" CurrencyCode="USD"/>						<Tax TaxCode="ZP" Amount="12.00" CurrencyCode="USD"/>						<Tax TaxCode="XF" Amount="13.50" CurrencyCode="USD"/>					</Taxes>					<TotalFare Amount="858.10" CurrencyCode="USD"/>				</ItinTotalFare>				<FareInfos>					<FareInfo NegotiatedFare="false">						<DepartureDate>2003-12-12T00:00:00</DepartureDate>						<FareReference>LLPE30N</FareReference>						<RuleInfo>							<ResTicketingRules>								<AdvResTicketing AdvResInd="false">									<AdvTicketing FromResTimeOfDay="23:59:59"/>								</AdvResTicketing>							</ResTicketingRules>							<LengthOfStayRules StayRestrictionsInd="true">								<MinimumStay MinStay="4" StayUnit="Days"/>								<MaximumStay MaxStay="30" StayUnit="Days"/>							</LengthOfStayRules>						</RuleInfo>						<FilingAirline Code="DL"/>						<DepartureAirport LocationCode="ATL"/>						<ArrivalAirport LocationCode="ATL"/>					</FareInfo>				</FareInfos>			</AirItineraryPricingInfo>		</PricedItinerary>	</PricedItineraries></OTA_AirPriceRS>