<?xml version="1.0" encoding="UTF-8"?><OTA_HotelDescriptiveContentNotifRQ xmlns="http://www.opentravel.org/OTA/2003/05" xmlns:xsi="http://www.w3.org/2001/XMLSchema-instance" xsi:schemaLocation="http://www.opentravel.org/OTA/2003/05 OTA_HotelDescriptiveContentNotifRQ.xsd" Version="5.0" PrimaryLangID="en"><HotelDescriptiveContents><HotelDescriptiveContent HotelCode="RTPPTSOF" CurrencyCode="USD" HotelName="Sofitel MaevaTahiti" BrandName="SOFITEL" HotelCodeContext="1A" ID="0011547" TimeZone="GMT-11"><HotelInfo WhenBuilt="1969-05-01" HotelStatusCode="1"><HotelName HotelShortName="SOFITEL MAEVA BEACH TAHITI" /><CategoryCodes><LocationCategory Code="5" /> <!--east --><SegmentCategory Code="8" /> <!-- luxury --><HotelCategory Code="30" /> <!-- resort hotel --><GuestRoomInfo Code="1" Quantity="2" />  <!-- number of room for Physically challenged people --><GuestRoomInfo Code="28" Quantity="220" > <!-- total number of room and suites--><MultimediaDescriptions >	<MultimediaDescription> <!-- description of the guest room using video -->   <VideoItems> <!-- description of the suite with a video in English and in French--> 				<VideoItem Caption="streaming video of a Suite" Category="7" Language="en" Version="1.00"> 					<!-- video of the Suite -->				<VideoFormat BitRate="128" UnitOfMeasureCode="11" Format="AVI"  >					<URL>http://multimedia.amart.com/retrieveHotelItem?cos=2ent=MDBOBMER_STR_03_A.AVI</URL>				</VideoFormat>				</VideoItem>				<VideoItem Caption="Video de la Suite" Category="7" Language="fr" Version="1.00"> 					<!-- video of the Suite -->				<VideoFormat BitRate="128" UnitOfMeasureCode="11" Format="AVI" >					<URL>http://multimedia.amart.com/retrieveHotelItem?cos=2ent=MDBOBMER_STR_04_A.AVI</URL>				</VideoFormat>				</VideoItem>	</VideoItems> 	</MultimediaDescription>	<MultimediaDescription> <!-- description of the guest room using images  -->	<ImageItems >		<ImageItem Category="6"  > <!-- 6 is Guest room --> 			<ImageFormat Author="HotelImages" CopyrightNotice="HotelImage" IsOriginalIndicator="true " Height="170" Width="300"  UnitOfMeasureCode="9" Format="JPG">		<!-- format is 9 for pixel , this image is the original file and format --> 			<URL>http://multimedia.amart.com/retrieveHotelItem?cos=2ent=MDBOBMER_ROOM_05_A.JPG</URL>			</ImageFormat>			<ImageFormat Author="HotelImages" CopyrightNotice="HotelImage" IsOriginalIndicator="false " Height="50" Width="70"  UnitOfMeasureCode="9" Format="JPG">		<!-- format is 9 for pixel , this image format has been modified from the original   --> 			<URL>http://multimedia.amart.com/retrieveHotelItem?cos=2ent=MDBOBMER_ROOM_06_A.JPG</URL>			</ImageFormat>			<ImageFormat Author="HotelImages" CopyrightNotice="HotelImage" IsOriginalIndicator="false " Height="100" Width="200"  UnitOfMeasureCode="9" Format="JPG">		<!-- format is 9 for pixel , this image format has been modified from the original   --> 			<URL>http://multimedia.amart.com/retrieveHotelItem?cos=2ent=MDBOBMER_ROOM_07_A.JPG</URL>			</ImageFormat>			<ImageFormat Author="HotelImages" CopyrightNotice="HotelImage" IsOriginalIndicator="false " Height="120" Width="200"  UnitOfMeasureCode="9" Format="JPG">		<!-- format is 9 for pixel , this image format has been modified from the original   --> 			<URL>http://multimedia.amart.com/retrieveHotelItem?cos=2ent=MDBOBMER_ROOM_08_A.JPG</URL>			</ImageFormat>			<Description Caption="La chambre standard" Language="fr"/>			<Description Caption="The Standard room"  Language="en"/>		</ImageItem>		<ImageItem Category="7"  > <!-- 7 is suite --> 			<ImageFormat Author="HotelImages" CopyrightNotice="HotelImage" IsOriginalIndicator="true " Height="170" Width="300"  UnitOfMeasureCode="9" Format="JPG">		<!-- format is 9 for pixel , this image is the original file and format --> 			<URL>http://multimedia.amart.com/retrieveHotelItem?cos=2ent=MDBOBMER_ROOM_09_A.JPG</URL>			</ImageFormat>			<ImageFormat Author="HotelImages" CopyrightNotice="HotelImage" IsOriginalIndicator="false " Height="50" Width="70"  UnitOfMeasureCode="9" Format="JPG">		<!-- format is 9 for pixel , this image format has been modified from the original   --> 			<URL>http://multimedia.amart.com/retrieveHotelItem?cos=2ent=MDBOBMER_ROOM_10_A.JPG</URL>			</ImageFormat>			<ImageFormat Author="HotelImages" CopyrightNotice="HotelImage" IsOriginalIndicator="false " Height="100" Width="200"  UnitOfMeasureCode="9" Format="JPG">		<!-- format is 9 for pixel , this image format has been modified from the original   --> 			<URL>http://multimedia.amart.com/retrieveHotelItem?cos=2ent=MDBOBMER_ROOM_11_A.JPG</URL>			</ImageFormat>			<ImageFormat Author="HotelImages" CopyrightNotice="HotelImage" IsOriginalIndicator="false " Height="120" Width="200"  UnitOfMeasureCode="9" Format="JPG">		<!-- format is 9 for pixel , this image format has been modified from the original   --> 			<URL>http://multimedia.amart.com/retrieveHotelItem?cos=2ent=MDBOBMER_ROOM_12_A.JPG</URL>			</ImageFormat>			<ImageFormat Author="HotelImages" CopyrightNotice="HotelImage" IsOriginalIndicator="false " Height="600" Width="700"  UnitOfMeasureCode="9" Format="JPG">		<!-- format is 9 for pixel , this image format has been modified from the original   --> 			<URL>http://multimedia.amart.com/retrieveHotelItem?cos=2ent=MDBOBMER_ROOM_13_A.JPG</URL>			</ImageFormat>           <Description Caption="Une Suite" Language="fr"/>           <Description Caption="A Suite" Language="en"/>		</ImageItem>	</ImageItems>   </MultimediaDescription></MultimediaDescriptions></GuestRoomInfo></CategoryCodes><Descriptions><Renovation RenovationCompletionDate="2005" ><MultimediaDescriptions  >	<MultimediaDescription> <!-- view of the renovation process using images  -->		<ImageItems >			<ImageItem Category="1" > <!-- 1 is exterior view  , of the renovation work --> 				<ImageFormat Author="HotelImages" CopyrightNotice="HotelImage" IsOriginalIndicator="true " Height="167" Width="250"  UnitOfMeasureCode="9" Format="JPG">				<!-- format is 9 for pixel , this image is the original file and format --> 				<URL>http://multimedia.amart.com/retrieveHotelItem?cos=2ent=MDBOBMER_EXT_03_A.JPG</URL>				</ImageFormat>				<ImageFormat Author="HotelImages" CopyrightNotice="HotelImage" IsOriginalIndicator="false " Height="50" Width="70"  UnitOfMeasureCode="9" Format="JPG">		<!-- format is 9 for pixel , this image format has been modified from the original   --> 				<URL>http://multimedia.amart.com/retrieveHotelItem?cos=2ent=MDBOBMER_EXT_04_A.JPG</URL>				</ImageFormat>				<Description Caption="Image de l'hotel en cours de renovation"	Language="fr"/>				<Description Caption="Picture of the Hotel being renovated"  Language="en"/>			</ImageItem>		</ImageItems>	</MultimediaDescription>	</MultimediaDescriptions></Renovation><MultimediaDescriptions>	<MultimediaDescription>		<TextItems>			<TextItem Title="Property Description">				<Description Language="de">Das Zimmer mit 218 Zimmern liegt am Ufer einer Lagune mit Blick auf die Insel. In 5 Minuten sind Sie am Flughafen und in 10 Minuten im Stadtzentrum. Das Hotel verf&#xfc;gt&#xfc;ber ein internationales Restaurant f&#xfc;r bis zu 160 Personen, ein japanisches Re</Description>				<Description Language="de">staurant, einen gro&#xdf;en Swimmingpool mit Sonnendeck, Poolbar mit Blickdie Lagune, 2 Tennispl&#xe4;tze und eine Driving-Range. Das Tahiti-Museum ist in 20 Minuten zu.Zum Gauguin-Museum sind es 30 Minuten und zum 18-Loch-Golfplatz 45 Minuten.</Description>				<Description Language=" es">>Hotel de 218 habitaciones al borde de una laguna con vista a la isla Moorea. A 5del aeropuerto y a 10 mins del centro de la ciudad. Restaurante internacional con capacidad para 160, restaurante japon&#xe9;s, piscina grande con plataforma, bar j</Description>				<Description Language=" es">unto a la piscina y vista sobre la laguna, 2 canchas de tenis y campo de&#xe1;ctica para golf. Museo de Tahiti a 20 mins, museo Gauguin a 30mins, campo de golf de 18 hoyos amins.</Description>				<Description Language="fr">H&#xf4;tel de 218 chambres en bordure du lagon, face &#xe0; l'&#xee;le de. &#xc0; 5 minutes de l'a&#xe9;roport et 10 minutes du centre-ville. Restaurant international de 160, restaurant japonais, grande piscine avec deck, bar au bord de la piscine avec vue sur le</Description>				<Description Language="fr">lagon, 2 courts de tennis, practice de golf sur le site. Mus&#xe9;e de Tahiti &#xe0;minutes, mus&#xe9;e Gauguin &#xe0; 30 minutes et golf 18 trous &#xe0; 45 minutes.</Description>				<Description Language="en">218 room hotel on the edge of the lagoon looking across to Moorea Island. 5from the airport and 10 minutes from the centre of town. International restaurant with seating for 160,restaurant, large swimming pool with deck, poolside bar</Description>				<Description Language="en">with views of the lagoon, 2 tennis courts, golf driving range on site. Museum of20 minutes away, Gauguin museum 30 minutes away, 18 hole golf course 45 minutes away.</Description>				<Description Language="pt">Hotel de 218 quartos que fica &#xe0; beira da lagoa, com vista sobre a Moorea. Fica a 5 min do aeroporto e a 10 min do centro da cidade. Restaurante internacional com 160 lugares,japon&#xea;s, ampla piscina, bar &#xe0; beira da piscina, com vista pa</Description>				<Description Language="pt">ra a lagoa, 2 quadras de t&#xea;nis e driving range para golfe. O museu do Taitia 20 min e o museu Gauguin est&#xe1; a 30 min. Campo de golfe 18 holes a 45 minutos de&#xe2;ncia.</Description>			</TextItem>		</TextItems></MultimediaDescription></MultimediaDescriptions></Descriptions><Position Latitude="-17.569999" Longitude="-149.613006" /><Services><Service Code="33" Quantity="2" /><Service Code="37" /><Service Code="52" /><Service Code="42" /><Service Code="68" /><Service Code="115" /><Service Code="36" /><Service Code="45" /><Service Code="1" /><Service Code="192" /><Service Code="113" /></Services></HotelInfo><FacilityInfo><GuestRooms><GuestRoom Code="B1D" MaxOccupancy="2" MaxAdultOccupancy="3" ID="KGBLG"><TypeRoom Name="1 Kg bed Sup Lagoon V" /><MultimediaDescriptions>	<MultimediaDescription>		<TextItems>			<TextItem>				<Description Language="en">MARK 1 KGBLG</Description>				<Description Language="en">MARK 2 KGBLG</Description>				<Description Language="en">ROOM DESRIPTION I GB FOR KGBLG</Description>				<Description Language="fr">Chambre Sup&#xe9;rieure avec 1 lit king-size,</Description>				<Description Language="fr">vue Lagon</Description>					<Description Language="fr">Dispose d'un balcon, air conditionn&#xe9;e,t&#xe9;l&#xe9;phone direct,prise,coffre fort,t&#xe9;l&#xe9;vision &#xe0; &#xe9;cran plat,cha&#xee;nes locales et par satellite,mini bar,et coffee facilities,salle de bain avec douche et toilettes.</Description>					</TextItem>		</TextItems>	</MultimediaDescription></MultimediaDescriptions></GuestRoom><GuestRoom Code="C2T" MaxOccupancy="2" MaxAdultOccupancy="2" ID="TWBMV"><TypeRoom Name="2 Sg beds Sup Mount V" BedTypeCode="8" /><MultimediaDescriptions>	<MultimediaDescription>		<TextItems>			<TextItem>				<Description Language="en">Superior Room with 2 single beds,</Description>				<Description Language="en">Mountain view</Description>				<Description Language="fr">Chambre Sup&#xe9;rieure avec 2 lits simples,</Description>				<Description Language="fr">vue sur la Montagne</Description>					<Description Language="fr">Dispose d'un balcon, air conditionn&#xe9;e,t&#xe9;l&#xe9;phone direct,prise,coffre fort,t&#xe9;l&#xe9;vision &#xe0; &#xe9;cran plat,cha&#xee;nes locales et par satellite,mini bar,et coffee facilities,salle de bain avec douche et toilettes.</Description>					</TextItem>		</TextItems>	</MultimediaDescription></MultimediaDescriptions></GuestRoom></GuestRooms><Restaurants Quantity="22"><Restaurant RestaurantName="LE BOUGAINVILLE" MaxSeatingCapacity="160" ProximityCode="1"><MultimediaDescriptions>	<MultimediaDescription>		<TextItems>			<TextItem>				<Description Language="de">Das offene Restaurant mit Blick auf die Lagune bietet Ihnen regionale&#xe4;ten und internationale K&#xfc;che.</Description>				<Description Language="es">Abierto al aire libre y ofreciendo vista sobre la laguna, este restaurante sirvelocal e internacional.</Description>				<Description Language="fr">Restaurant ouvert avec vue sur le lagon proposant une cuisine internationale et.</Description>				<Description Language="en">Open to the outdoors and offering a view of the lagoon, this restaurant servesand international cuisine.</Description>				<Description Language="it">Aperto all'esterno e con vista della laguna, questo ristorante serve cucina localeinternazionale.</Description>					<Description Language="pt">Restaurante aberto, com vista para a lagoa, que serve pratos da culin&#xe1;riae internacional.</Description>					</TextItem>		</TextItems>	</MultimediaDescription></MultimediaDescriptions></Restaurant><Restaurant RestaurantName="LE SAKURA" MaxSeatingCapacity="32" ProximityCode="1"><MultimediaDescriptions>	<MultimediaDescription>		<TextItems>			<TextItem>				<Description Language="es">Restaurante japon&#xe9;s teppan yaki. Aire acondicionado. Sirve alta calidadcocina tipo demostraci&#xf3;n.</Description>				<Description Language="fr">Restaurant japonais teppaniaky. Enti&#xe8;rement climatis&#xe9; et offrant une"spectacle" de grande qualit&#xe9;.</Description>				<Description Language="en">Japanese teppan yaki restaurant. Fully airconditioned and serving high qualitycooking.</Description>				<Description Language="pt">Restaurante japon&#xea;s teppanyaki. Com ar-condicionado, que oferece show&#xe1;rio de alta-qualidade.</Description>				<Description Language="de">In unserem klimatisierten japanischen Teppanyaki-Restaurant werden Ihnenam Tisch hervorragende Gerichte zubereitet.</Description>					<Description Language="it">Ristorante giapponese teppan yaki. Climatizzato e con cucina dimostrativa di alta&#xe0;.</Description>					</TextItem>		</TextItems>	</MultimediaDescription></MultimediaDescriptions><OperationSchedules><OperationSchedule><OperationTimes><OperationTime Mon="true" /><OperationTime Tue="true" /><OperationTime Weds="true" /><OperationTime Thur="true" /><OperationTime Fri="true" /><OperationTime Sat="true" /><OperationTime Sun="true" /></OperationTimes></OperationSchedule></OperationSchedules><CuisineCodes><CuisineCode Code="14" /><CuisineCode Code="6" /></CuisineCodes></Restaurant><Restaurant RestaurantName="LE SAKURA " ><MultimediaDescriptions >	<MultimediaDescription> <!-- description of the restaurant using video -->   <VideoItems> <!-- description of the restaurant with videos in English and in French--> 				<VideoItem Caption="streaming video of the view in the restaurant" Category="4" Language="en" Version="2.00"> 					<!-- video of the Restaurant in English -->				<VideoFormat BitRate="128" UnitOfMeasureCode="11" Format="AVI"  >					<URL>http://multimedia.amart.com/retrieveHotelItem?cos=2ent=MDBOBMER_STR_09_A.AVI</URL>				</VideoFormat>				</VideoItem>				<VideoItem Caption="Video de la vue dans lerestaurant " Category="4" Language="fr" Version="2.00"> 					<!-- video of the restaurant in French-->				<VideoFormat BitRate="128" UnitOfMeasureCode="11" Format="AVI" >					<URL>http://multimedia.amart.com/retrieveHotelItem?cos=2ent=MDBOBMER_STR_10_A.AVI</URL>				</VideoFormat>				</VideoItem>	</VideoItems> 	</MultimediaDescription>	<MultimediaDescription> <!-- description of the restaurant using images  -->	<ImageItems >		<ImageItem Category="4"  > <!-- 4 is restaurant--> 			<ImageFormat Author="HotelImages" CopyrightNotice="HotelImage" IsOriginalIndicator="true " Height="170" Width="300"  UnitOfMeasureCode="9" Format="JPG">		<!-- format is 9 for pixel , this image is the original file and format --> 			<URL>http://multimedia.amart.com/retrieveHotelItem?cos=2ent=MDBOBMER_ROOM_105_A.JPG</URL>			</ImageFormat>			<ImageFormat Author="HotelImages" CopyrightNotice="HotelImage" IsOriginalIndicator="false " Height="50" Width="70"  UnitOfMeasureCode="9" Format="JPG">		<!-- format is 9 for pixel , this image format has been modified from the original   --> 			<URL>http://multimedia.amart.com/retrieveHotelItem?cos=2ent=MDBOBMER_ROOM_1016_A.JPG</URL>			</ImageFormat>			<ImageFormat Author="HotelImages" CopyrightNotice="HotelImage" IsOriginalIndicator="false " Height="100" Width="200"  UnitOfMeasureCode="9" Format="JPG">		<!-- format is 9 for pixel , this image format has been modified from the original   --> 			<URL>http://multimedia.amart.com/retrieveHotelItem?cos=2ent=MDBOBMER_ROOM_107_A.JPG</URL>			</ImageFormat>			<ImageFormat Author="HotelImages" CopyrightNotice="HotelImage" IsOriginalIndicator="false " Height="120" Width="200"  UnitOfMeasureCode="9" Format="JPG">		<!-- format is 9 for pixel , this image format has been modified from the original   --> 			<URL>http://multimedia.amart.com/retrieveHotelItem?cos=2ent=MDBOBMER_ROOM_108_A.JPG</URL>			</ImageFormat>			<Description Caption="Restaurant LE SAKURA"  Language="fr"/>			<Description Caption="Restaurant LE SAKURA"  Language="en"/>		</ImageItem>	</ImageItems>   </MultimediaDescription></MultimediaDescriptions><OperationSchedules><OperationSchedule /></OperationSchedules><InfoCodes><InfoCode Code="13" Name="RestaurantCategory" /></InfoCodes></Restaurant></Restaurants></FacilityInfo><Policies><Policy><TaxPolicies><TaxPolicy Code="3" Percent="10.00" ChargeUnit="18" EffectiveDate="2006-01-01" ExpireDate="2006-12-31" /><TaxPolicy Code="3" Percent="15.00" ChargeUnit="20" EffectiveDate="2006-01-01" ExpireDate="2006-12-31" /><TaxPolicy Code="7" Percent="9.00" ChargeUnit="21" EffectiveDate="2006-08-04" ExpireDate="2006-12-31" /><TaxPolicy Code="4" Amount="1800" DecimalPlaces="2" CurrencyCode="USD" ChargeUnit="19" EffectiveDate="2006-07-10" ExpireDate="2006-12-31" /><TaxPolicy Type="Inclusive" Code="27" EffectiveDate="2006-01-01" ExpireDate="2006-12-31" /><TaxPolicy Type="Inclusive" Code="7" EffectiveDate="2006-07-06" ExpireDate="2050-12-31" /><TaxPolicy Code="14" Amount="500" DecimalPlaces="2" CurrencyCode="EUR" ChargeUnit="18" EffectiveDate="2006-08-04" ExpireDate="2008-01-15" /><TaxPolicy Code="19" Percent="10.00" ChargeUnit="21" EffectiveDate="2006-07-05" ExpireDate="2006-08-31" /></TaxPolicies></Policy><Policy><GuaranteePaymentPolicy><GuaranteePayment PaymentCode="5" GuaranteeCode="5"><AcceptedPayments><AcceptedPayment><PaymentCard CardCode="AP" /></AcceptedPayment><AcceptedPayment><PaymentCard CardCode="AX" /></AcceptedPayment><AcceptedPayment><PaymentCard CardCode="CA" /></AcceptedPayment><AcceptedPayment><PaymentCard CardCode="DC" /></AcceptedPayment><AcceptedPayment><PaymentCard CardCode="EC" /></AcceptedPayment><AcceptedPayment><PaymentCard CardCode="MC" /></AcceptedPayment><AcceptedPayment><PaymentCard CardCode="VI" /></AcceptedPayment></AcceptedPayments></GuaranteePayment><GuaranteePayment GuaranteeCode="21"><Description /></GuaranteePayment><GuaranteePayment GuaranteeCode="30"><Description /></GuaranteePayment><GuaranteePayment GuaranteeCode="19"><Description><Text Language="en">Under Contract~</Text></Description></GuaranteePayment></GuaranteePaymentPolicy></Policy><Policy><CancelPolicy><CancelPenalty><AmountPercent /><PenaltyDescription><Text Language="fr">CANPOL FR NIVEAU HOTEL</Text></PenaltyDescription><PenaltyDescription><Text Language="en">CANPOL GB NIVEAU HOTEL</Text></PenaltyDescription></CancelPenalty></CancelPolicy></Policy><Policy><PolicyInfo CheckInTime="10:00:00"><Description><Text Language="fr">Le Check in est possible dans l'h&#xf4;tel &#xe0; partir de : 10:00</Text><Text Language="en">The room is at your disposal at : 10:00</Text></Description></PolicyInfo></Policy><Policy><PolicyInfo CheckOutTime="12:00:00" /></Policy><Policy><PolicyInfo MaxChildAge="3"><Description><Text Language="en">2 Children sharing parent's room. Accomodation: from 0 to 3: Included;: Included; From 4 to 9: fee: 20.00 &#x80;; breakfast: fee: 3.00 &#x80;,</Text></Description></PolicyInfo></Policy></Policies><AreaInfo><RefPoints><RefPoint Direction="N" Distance="2.0" DistanceUnitName="Km" PrimaryIndicator="true" RefPointCategoryCode="6" Name="PPT" ToFrom="FromFacility"/><RefPoint Direction="E" Distance="3.0" DistanceUnitName="Km" PrimaryIndicator="true" RefPointCategoryCode="6" Name="PAPEETE FAAA" ToFrom="FromFacility"/><RefPoint Direction="E" Distance="200.0" DistanceUnitName="Km" IndexPointCode="14" Name="HELIPORT DE MAE" ToFrom="FromFacility"/><RefPoint Direction="S" Distance="2.0" DistanceUnitName="Km" IndexPointCode="14" Name="HELIPORT DE TAHITI" ToFrom="FromFacility"/></RefPoints><Attractions><Attraction AttractionCategoryCode="3" AttractionName="AQUARIUM 1"><RefPoints><RefPoint Direction="SE" Distance="2.0" DistanceUnitName="Km" IndexPointCode="11" ToFrom="FromFacility"/></RefPoints></Attraction><Attraction AttractionCategoryCode="3" AttractionName="AQUARIUM 2"><RefPoints><RefPoint Direction="S" Distance="3.0" DistanceUnitName="Km" IndexPointCode="11" ToFrom="FromFacility"/></RefPoints></Attraction><Attraction AttractionCategoryCode="3" AttractionName="AQUARIUM AUX BALEINES"><RefPoints><RefPoint Direction="NW" Distance="1.0" DistanceUnitName="Km" IndexPointCode="11" ToFrom="FromFacility"/></RefPoints></Attraction><Attraction AttractionCategoryCode="2" AttractionName="PARC ATTRACTION TAHITI"><MultimediaDescriptions >	<MultimediaDescription>	<ImageItems >		<ImageItem Category="14"  > <!-- 14 is attraction--> 			<ImageFormat Author="HotelImages" CopyrightNotice="HotelImage" IsOriginalIndicator="true " Height="170" Width="300"  UnitOfMeasureCode="9" Format="JPG">		<!-- format is 9 for pixel , this image is the original file and format --> 			<URL>http://multimedia.amart.com/retrieveHotelItem?cos=2ent=MDBOBMER_ROOM_205_A.JPG</URL>			</ImageFormat>			<ImageFormat Author="HotelImages" CopyrightNotice="HotelImage" IsOriginalIndicator="false " Height="50" Width="70"  UnitOfMeasureCode="9" Format="JPG">		<!-- format is 9 for pixel , this image format has been modified from the original   --> 			<URL>http://multimedia.amart.com/retrieveHotelItem?cos=2ent=MDBOBMER_ROOM_316_A.JPG</URL>			</ImageFormat>			<ImageFormat Author="HotelImages" CopyrightNotice="HotelImage" IsOriginalIndicator="false " Height="100" Width="200"  UnitOfMeasureCode="9" Format="JPG">		<!-- format is 9 for pixel , this image format has been modified from the original   --> 			<URL>http://multimedia.amart.com/retrieveHotelItem?cos=2ent=MDBOBMER_ROOM_1207_A.JPG</URL>			</ImageFormat>			<ImageFormat Author="HotelImages" CopyrightNotice="HotelImage" IsOriginalIndicator="false " Height="120" Width="200"  UnitOfMeasureCode="9" Format="JPG">		<!-- format is 9 for pixel , this image format has been modified from the original   --> 			<URL>http://multimedia.amart.com/retrieveHotelItem?cos=2ent=MDBOBMER_ROOM_1018_A.JPG</URL>			</ImageFormat>			<Description Caption="Le Parc d'attraction TAHITI"	Language="fr"/>			<Description Caption="The recreational parc TAHITI" Language="en"/>		</ImageItem>	</ImageItems>	</MultimediaDescription></MultimediaDescriptions><RefPoints><RefPoint Direction="S" Distance="600.0" DistanceUnitName="Km" IndexPointCode="11" ToFrom="FromFacility"/></RefPoints></Attraction><Attraction AttractionCategoryCode="57" AttractionName="ZOO DE MAE"><RefPoints><RefPoint Direction="S" Distance="0.0" DistanceUnitName="Km" IndexPointCode="11" ToFrom="FromFacility"/></RefPoints></Attraction></Attractions></AreaInfo><AffiliationInfo><Awards><Award Provider="Local star rating" Rating="4" /><Award Provider="OHG" Rating="U" /></Awards></AffiliationInfo><ContactInfos><ContactInfo ContactProfileType="6" Location="6"><Addresses><Address UseType="7"><AddressLine>BP 60008</AddressLine><AddressLine>FAA'A TAHITI</AddressLine><CityName>FAA'A</CityName><PostalCode>98702</PostalCode><County>FRENCH POLYNESIA</County><CountryName>FRENCH POLYNESIA</CountryName></Address></Addresses><Phones><Phone PhoneTechType="1" PhoneNumber="689/866600" PhoneLocationType="8" /><Phone PhoneTechType="3" PhoneNumber="689/438470" PhoneLocationType="8" /></Phones></ContactInfo><ContactInfo Location="6"><Emails><Email>HHH0547@accor.com</Email></Emails></ContactInfo><ContactInfo Location="6"><URLs><URL>www.sofitel.com</URL></URLs></ContactInfo><ContactInfo Location="7"><Names><Name><Surname>Mr Alan BLODE</Surname></Name></Names></ContactInfo><ContactInfo Location="7"><Names><Name><Surname>Mrs Fabienne MANOH</Surname></Name></Names></ContactInfo></ContactInfos></HotelDescriptiveContent></HotelDescriptiveContents></OTA_HotelDescriptiveContentNotifRQ>