<?xml version="1.0" encoding="UTF-8"?><OTA_InsuranceBookRS xmlns="http://www.opentravel.org/OTA/2003/05" xmlns:xsi="http://www.w3.org/2001/XMLSchema-instance" xsi:schemaLocation="http://www.opentravel.org/OTA/2003/05OTA_InsuranceBookRS.xsd" EchoToken="18723222" TimeStamp="2003-03-31T16:13:08Z" Target="Production" Version="1.002" SequenceNmbr="1569">	<Success/>	<PlanForBookRS PlanID="ACME" Type="7">		<PolicyDetail OrderDate="2003-03-31" EffectiveDate="2003-04-03" ExpireDate="2003-04-30">			<PolicyNumber Type="14" ID="ACME20031001P">			</PolicyNumber>			<RefNumber Type="16" ID="1011" ID_Context="M.I.S.C Invoice Number">			</RefNumber>		</PolicyDetail>		<PlanCost Amount="55.25" CurrencyCode="USD">			<BasePremium Amount="50.00" CurrencyCode="USD"/>			<Charges>				<Charge TaxInclusive="false" Type="Exclusive">					<Taxes>						<Tax Code="21" Amount="1.25" CurrencyCode="USD">							<TaxDescription Name="2.5% Insurance Tax">								<Text Formatted="false" Language="En"/>							</TaxDescription>						</Tax>					</Taxes>				</Charge>				<Charge TaxInclusive="false" Type="Inclusive" Amount="4.00" CurrencyCode="USD">					<Description Name="US processing fee">						<Text Formatted="false" Language="En"/>					</Description>				</Charge>			</Charges>		</PlanCost>		<Contact ContactType="CallCenter">			<Telephone PhoneTechType="1" CountryAccessCode="1" AreaCityCode="800" PhoneNumber="555-5556"/>		</Contact>		<Contact ContactType="Claims Department">			<Telephone PhoneTechType="1" CountryAccessCode="1" AreaCityCode="800" PhoneNumber="555-5555" Extension="123" DefaultInd="false"/>			<Address DefaultInd="false">				<AddressLine>Acme Claims Department</AddressLine>				<CityName>Alexandria</CityName>				<PostalCode>22314</PostalCode>				<StateProv StateCode="VA"/>				<CountryName Code="US"/>			</Address>		</Contact>	</PlanForBookRS></OTA_InsuranceBookRS>