<?xml version="1.0" encoding="UTF-8"?><OTA_HotelInvBlockRS xmlns:xsi="http://www.w3.org/2001/XMLSchema-instance" xmlns="http://www.opentravel.org/OTA/2003/05" xsi:schemaLocation="http://www.opentravel.org/OTA/2003/05 OTA_HotelInvBlockRS.xsd" TimeStamp="2009-01-01T06:39:09" Target="Production" Version="1.000">	<Success/>	<InvBlocks>	<HotelRef ChainCode="YY" BrandCode="XX" HotelCode="ABC123"/>			<InvBlock BookingStatus="Open" InvBlockTypeCode="13" InvBlockCode="WAM" InvBlockName="Widgets Meeting" InvBlockLongName="Widgets Annual Sales Meeting" InvBlockStatusCode="2" PMS_InvBlockID="1212" TransactionAction="Book">			<!-- InvBlockTypeCode (IBT) 13 = Regional/state/local association, InvBlockStatusCode (IBS) 2 = Definite -->				<InvBlockDates Start="2009-07-15" End="2009-07-15" AbsoluteCutoff="2009-06-28"/>				<RoomTypes>					<RoomType RoomTypeCode="STD">						<RoomTypeAllocations>							<RoomTypeAllocation Start="2009-07-15" End="2009-07-15" NumberOfUnits="50"/>							<RoomTypeAllocation Start="2009-07-16" End="2009-07-16" NumberOfUnits="75"/>						</RoomTypeAllocations>						<RatePlans>							<RatePlan CurrencyCode="USD" RatePlanCode="GRP">								<BaseByGuestAmts>									<BaseByGuestAmt AmountBeforeTax="109.00" NumberOfGuests="1"/>									<BaseByGuestAmt AmountBeforeTax="119.00" NumberOfGuests="2"/>								</BaseByGuestAmts>								<MarketCode MarketCode="GROUP" MarketCodeName="Attendees" CommissionableIndicator="false"/>							</RatePlan>						</RatePlans>					</RoomType>					<RoomType RoomTypeCode="DLX">						<RoomTypeAllocations>							<RoomTypeAllocation Start="2009-07-15" End="2009-07-15" NumberOfUnits="50"/>							<RoomTypeAllocation Start="2009-07-16" End="2009-07-16" NumberOfUnits="75"/>						</RoomTypeAllocations>						<RatePlans>							<RatePlan CurrencyCode="USD" RatePlanCode="GRP">								<BaseByGuestAmts>									<BaseByGuestAmt AmountBeforeTax="119.00" NumberOfGuests="1"/>									<BaseByGuestAmt AmountBeforeTax="129.00" NumberOfGuests="2"/>								</BaseByGuestAmts>								<MarketCode MarketCode="VBSSR" MarketCodeName="Attendees" CommissionableIndicator="false"/>							</RatePlan>						</RatePlans>					</RoomType>				</RoomTypes>				<Contacts>					<Contact ContactType="Group Contact">						<PersonName>							<NamePrefix>Mr.</NamePrefix>							<GivenName>James</GivenName>							<MiddleName>E.</MiddleName>							<Surname>Anderson</Surname>							<NameSuffix>Sr.</NameSuffix>						</PersonName>						<Telephone PhoneTechType="1" CountryAccessCode="1" AreaCityCode="714" PhoneNumber="867-5309"/>						<!-- PhoneTechType (PTT) 1 = Voice-->						<Telephone PhoneTechType="3" CountryAccessCode="1" AreaCityCode="714" PhoneNumber="867-5310"/>						<!-- PhoneTechType (PTT) 3 = Fax-->						<Address>							<AddressLine>26100 Enterprise Way</AddressLine>							<CityName>Lake Forest</CityName>							<PostalCode>92630</PostalCode>							<StateProv StateCode="CA"/>							<CountryName Code="US"/>						</Address>						<Email>JAH@Widgets.net</Email>					</Contact>				</Contacts>			</InvBlock>			<InvBlock BookingStatus="Open" InvBlockTypeCode="13" InvBlockCode="DCF" InvBlockName="Digits Meeting" InvBlockLongName="Digits Customer Forum" InvBlockStatusCode="2" PMS_InvBlockID="1010" TransactionAction="Book">			<!-- InvBlockTypeCode (IBT) 13 = Regional/state/local association, InvBlockStatusCode (IBS) 2 = Definite -->				<InvBlockDates Start="2009-08-15" End="2009-08-15" AbsoluteCutoff="2009-07-28"/>				<RoomTypes>					<RoomType RoomTypeCode="STD">						<RoomTypeAllocations>							<RoomTypeAllocation Start="2009-08-15" End="2009-08-15" NumberOfUnits="20"/>							<RoomTypeAllocation Start="2009-08-16" End="2009-08-16" NumberOfUnits="45"/>						</RoomTypeAllocations>						<RatePlans>							<RatePlan CurrencyCode="USD" RatePlanCode="GRP">								<BaseByGuestAmts>									<BaseByGuestAmt AmountBeforeTax="109.00" NumberOfGuests="1"/>									<BaseByGuestAmt AmountBeforeTax="119.00" NumberOfGuests="2"/>								</BaseByGuestAmts>								<MarketCode MarketCode="GROUP" MarketCodeName="Attendees" CommissionableIndicator="false"/>							</RatePlan>						</RatePlans>					</RoomType>					<RoomType RoomTypeCode="DLX">						<RoomTypeAllocations>							<RoomTypeAllocation Start="2009-08-15" End="2009-08-15" NumberOfUnits="20"/>							<RoomTypeAllocation Start="2009-08-16" End="2009-08-16" NumberOfUnits="45"/>						</RoomTypeAllocations>						<RatePlans>							<RatePlan CurrencyCode="USD" RatePlanCode="GRP">								<BaseByGuestAmts>									<BaseByGuestAmt AmountBeforeTax="119.00" NumberOfGuests="1"/>									<BaseByGuestAmt AmountBeforeTax="129.00" NumberOfGuests="2"/>								</BaseByGuestAmts>								<MarketCode MarketCode="VBSSR" MarketCodeName="Attendees" CommissionableIndicator="false"/>							</RatePlan>						</RatePlans>					</RoomType>				</RoomTypes>				<Contacts>					<Contact ContactType="Group Contact">						<PersonName>							<NamePrefix>Mr.</NamePrefix>							<GivenName>Norman</GivenName>							<MiddleName>U.</MiddleName>							<Surname>Miller</Surname>						</PersonName>						<Telephone PhoneTechType="1" CountryAccessCode="1" AreaCityCode="312" PhoneNumber="552-8035"/>						<!-- PhoneTechType (PTT) 1 = Voice-->						<Telephone PhoneTechType="3" CountryAccessCode="1" AreaCityCode="312" PhoneNumber="552-8036"/>						<!-- PhoneTechType (PTT) 3 = Fax-->						<Address>							<AddressLine>680 N Lake Shore Dr.</AddressLine>							<CityName>Chicago</CityName>							<PostalCode>60611</PostalCode>							<StateProv StateCode="IL"/>							<CountryName Code="US"/>						</Address>						<Email>num@digits.org</Email>					</Contact>				</Contacts>			</InvBlock>	</InvBlocks></OTA_HotelInvBlockRS>