<?xml version="1.0" encoding="UTF-8"?><OTA_VehCancelRS xmlns="http://www.opentravel.org/OTA/2003/05" xmlns:xsi="http://www.w3.org/2001/XMLSchema-instance" xsi:schemaLocation="http://www.opentravel.org/OTA/2003/05 OTA_VehCancelRS.xsd" Version="2.001">	<Success/>	<VehCancelRSCore CancelStatus="Cancelled"/>	<VehCancelRSInfo>		<VehReservation>			<Customer>				<Primary>					<PersonName>						<GivenName>MIKE</GivenName>						<Surname>PIRES</Surname>					</PersonName>				</Primary>			</Customer>			<VehSegmentCore>				<ConfID Type="16" ID="27371319"/>				<VehRentalCore>					<PickUpLocation LocationCode="FLLT01"/>					<ReturnLocation LocationCode="FLLT01"/>				</VehRentalCore>				<Vehicle/>			</VehSegmentCore>		</VehReservation>	</VehCancelRSInfo></OTA_VehCancelRS>