<?xml version="1.0" encoding="UTF-8"?><OTA_PkgCostRQ xmlns="http://www.opentravel.org/OTA/2003/05" xmlns:xsi="http://www.w3.org/2001/XMLSchema-instance" xsi:schemaLocation="http://www.opentravel.org/OTA/2003/05 OTA_PkgCostRQ.xsd" Version="1.000" ActionType="Quote" Target="Production">	<POS>		<Source AgentSine="ABC" AgentDutyCode="49682">			<RequestorID Type="4" ID="01253"/>		</Source>	</POS>	<PackageRequest ID="K09104" TravelCode="42213" TourCode="MINAMA" BoardCode="HB">		<DateRange Start="2005-06-20" Duration="P7N"/>		<ItineraryItems>			<ItineraryItem RPH="2">				<Accommodation>					<DateRange/>					<RoomProfiles>						<RoomProfile RoomType="DB4BK" RoomTypeCode="LH045" Quantity="1">							<PassengerRPHs ListOfPassengerRPH="1 2 3"/>						</RoomProfile>					</RoomProfiles>				</Accommodation>			</ItineraryItem>		</ItineraryItems>		<Extras>			<Extra Code="AFM" Quantity="1" Type="MLS" ListOfPassengerRPH="1"/>			<Extra Code="VEG" Quantity="1" Type="MLS" ListOfPassengerRPH="2"/>			<Extra Code="CFM" Quantity="1" Type="MLS" ListOfPassengerRPH="3"/>			<Extra Code="LCS" Quantity="1" Type="EXT"/>		</Extras>	</PackageRequest>	<PassengerListItems>		<PassengerListItem RPH="1" Code="10" LeadCustomerInd="true">		</PassengerListItem>		<PassengerListItem RPH="2" Code="10">		</PassengerListItem>		<PassengerListItem RPH="3" Code="8" Age="5" BirthDate="2000-05-01">		</PassengerListItem>	</PassengerListItems></OTA_PkgCostRQ>