<?xml version="1.0" encoding="UTF-8"?><OTA_HotelResModifyRS EchoToken="592" TimeStamp="2003-03-11T19:58:00-08:00" Target="Production" Version="1.002" PrimaryLangID="en-us" ResResponseType="Modified" xmlns="http://www.opentravel.org/OTA/2003/05" xmlns:xsi="http://www.w3.org/2001/XMLSchema-instance" xsi:schemaLocation="http://www.opentravel.org/OTA/2003/05OTA_HotelResModifyRS.xsd">	<Success/>	<HotelResModifies>		<HotelResModify>			<ResGlobalInfo>				<HotelReservationIDs>					<HotelReservationID ResID_Type="8" ResID_Value="1312" ResID_Source="Expedia" ResID_Date="2003-03-11T17:29:00-08:00"/>					<HotelReservationID ResID_Type="3" ResID_Value="4757585" ResID_Source="XXXCRS" ResID_Date="2003-03-11T19:45:00-08:00"/>				</HotelReservationIDs>			</ResGlobalInfo>		</HotelResModify>	</HotelResModifies></OTA_HotelResModifyRS>