<?xml version="1.0" encoding="UTF-8"?><OTA_HotelPostEventRS TimeStamp="2008-12-31T09:30:47" Version="1.0" Target="Production" SequenceNmbr="1" PrimaryLangID="en-us" xsi:schemaLocation="http://www.opentravel.org/OTA/2003/05 OTA_HotelPostEventRS.xsd" xmlns="http://www.opentravel.org/OTA/2003/05" xmlns:xsi="http://www.w3.org/2001/XMLSchema-instance">	<Success/>	<EventReports>		<EventReport TimeStamp="2008-12-31T09:30:47" Version="1.0">			<EventSites>				<EventSite PropertyTypeCode="20" ChainCode="ATLMM" HotelName="Atlanta Marriott Marquis" LocationCategoryCode="4" HeadquarterHotelIndicator="true" HotelCityCode="ATL" BrandCode="ATLCVB" PrimaryFacilityIndicator="true">					<!--PropertyTypeCode (PCT) 20= Hotel -->					<!--LocationCategoryCode (LOC) 4= Downtown -->					<ResponseType DetailIncludedIndicator="true" ResponseMethod="11"/>					<!--ResponseMethod(DTB) 11 = XML -->					<Event_ID Type="17" MeetingName="2008 MPI World Education Conference" ID="MPIWEC2008" URL="http://www.mpiweb.org">						<!-- Type (UIT) 17= Meeting Planning Agency -->						<CompanyName CompanyShortName="MPI" Department="Convention Planning">Meeting Professional International</CompanyName>					</Event_ID>					<Date Duration="P3D" End="2007-07-20" Start="2007-07-23"/>					<Contacts>						<Contact ContactType="Meeting Planner" DocumentDistribMethodCode="13" Relation="Staff" CommunicationMethodCode="11">							<!--DocumentDistribMethodCode (DTB) 13= Website -->							<!--CommunicationMethodCode (DTB) 11= XML -->							<PersonName>								<NamePrefix>Mr</NamePrefix>								<GivenName>Jim</GivenName>								<Surname>Smith</Surname>								<NameTitle>CMP</NameTitle>							</PersonName>							<Telephone PhoneLocationType="7" PhoneTechType="1" PhoneNumber="5556262" CountryAccessCode="1" AreaCityCode="214"/>							<!-- PhoneLocationType(PLT) 7=Office-->							<!-- PhoneTechType(PTT) 1=Voice-->							<Address Type="2" UseType="2">								<!-- Type(CLT) 2=Business-->								<!-- UseType(AUT) 2=Mailing-->								<AddressLine>1 Planning St</AddressLine>								<CityName>Dallas</CityName>								<PostalCode>75800</PostalCode>								<StateProv StateCode="TX"/>								<CountryName Code="US"/>							</Address>							<Email EmailType="2">jsmith@mpiweb.org</Email>							<!-- EmailType(EAT) 2=Business-->							<URL Type="Business">http://www.mpiweb.org</URL>							<CompanyName CompanyShortName="MPI" Department="Event Planning"/>							<EmployeeInfo EmployeeTitle="Meeting Planner"/>						</Contact>					</Contacts>					<AttendeeInfo TotalQuantity="2000" ExhibitorQuantity="150" NoShowQuantity="0" QuantityType="Actual" OnsiteRegisteredQuantity="250" PreRegisteredQuantity="1750" InternationalQuantity="500" DomesticQuantity="1500"/>					<EventDays FirstEventDayOfWeek="Fri">						<EventDay DayNumber="1" DayType="Published ">							<EventDayFunctions>								<EventDayFunction LocationName="Salon ABCD" FunctionName="General Session" ExhibitionIndicator="false" TwentyFourHourHoldInd="true" FunctionType="30" RequiredKeyQuantity="2" AttendeeQuantity="2000" ReKeyIndicator="true" PostIndicator="true">									<!-- FunctionType(EVT) 30=General Session-->									<Contacts>										<Contact ContactType="Meeting Planner" EmergencyFlag="false" DocumentDistribMethodCode="11" Relation="Staff" CommunicationMethodCode="2">											<!-- DocumentDistribMethodCode(DTB) 11= XML-->											<!-- CommunicationMethodCode(DTB) 2= E-mail-->											<PersonName>												<NamePrefix>Mr</NamePrefix>												<GivenName>Jim</GivenName>												<Surname>Smith</Surname>												<NameTitle>CMP</NameTitle>											</PersonName>											<Telephone PhoneLocationType="7" PhoneTechType="1" PhoneNumber="5556262" CountryAccessCode="1" AreaCityCode="21403"/>											<!-- PhoneLocationType(PLT) 7=Office-->											<!-- PhoneTechType(PTT) 1=Voice-->											<Address Type="2" UseType="2">												<!-- Type(CLT) 2=Business-->												<!-- UseType(AUT) 2=Mailing-->												<AddressLine>1 Planning St</AddressLine>												<CityName>Dallas</CityName>												<PostalCode>75800</PostalCode>												<StateProv StateCode="TX"/>												<CountryName Code="US"/>											</Address>											<Email EmailType="2">jsmith@mpiweb.org</Email>											<!-- EmailType(EAT) 2=Business-->											<URL Type="Business">http://www.mpiweb.org</URL>											<CompanyName CompanyShortName="MPI" Department="Event Planning"/>											<EmployeeInfo EmployeeTitle="Meeting Planner"/>										</Contact>									</Contacts>									<AudioVisuals ProvidedBy="OutsideVendor" ProviderName="Fusion Productions">										<AudioVisual AudioVisualPref="Required" Amount="10000.00" Quantity="1" Code="139">											<!-- MeetingRoomCode (MRC) 139= screen-->											<Comments>												<Comment>													<Text>Please provide 10 X 20 hanging screen centered over 	stage</Text>												</Comment>											</Comments>										</AudioVisual>										<AudioVisual AudioVisualPref="Required" Amount="50000.00" Quantity="35" Code="20"/>										<!-- Code(MRC) 20= laborers-->										<AudioVisual AudioVisualPref="Required" Amount="500.00" Quantity="1" Code="33"/>										<!-- Code(MRC) 33= podium-->										<AudioVisual AudioVisualPref="Required" Amount="2000.00" Quantity="4" Code="158"/>										<!-- Code (MRC) 158= data projector-->										<AudioVisual AudioVisualPref="Required" Amount="5000.00" Quantity="1" Code="125"/>										<!-- Code (MRC) 125= Wireless Internet-->									</AudioVisuals>									<RoomSetup RoomSetupCode="21" SetForQuantity="2000"/>									<!-- RoomSetupCode(MRF) 21= Classroom 2 per 6-->									<SessionTimes StartTime="09:00:00" EndTime="12:00:00"/>									<FoodAndBeverages ProvidedBy="Venue">										<FoodAndBeverage MealTypeCode="3" SetForQuantity="2000" GuaranteeQuantity="1750" AttendeeQuantity="2000">											<!-- MealTypeCode(AMC) 3=dinner-->											<Menus>												<Menu Amount="75.00" Name="Roasted Prime Rib Au Jus" Quantity="2000" ChargeUnit="7">													<!-- ChargeUnit(CHG) 7= Per Person-->												</Menu>											</Menus>										</FoodAndBeverage>										<FoodAndBeverage MealTypeCode="10" SetForQuantity="2000" GuaranteeQuantity="1750" AttendeeQuantity="2000">											<!-- MealTypeCode(AMC) 10= Reception-->											<Menus>												<Menu Amount="50.00" Name="Assorted Hot Appetizers" Quantity="2000" ChargeUnit="7"/>												<!-- ChargeUnit(CHG) 7= Per Person-->											</Menus>										</FoodAndBeverage>									</FoodAndBeverages>									<FunctionCharges>										<FunctionCharge FunctionChargeCode="11" Amount="250000.00"/>										<!-- EventCharge(EVT) 11= Foodandbeverage-->										<FunctionCharge FunctionChargeCode="14" Amount="67500.00">											<!-- EventCharge(EVT) 14= AudioVisual-->											<Taxes>												<Tax Type="Inclusive" Percent="18"/>											</Taxes>										</FunctionCharge>									</FunctionCharges>								</EventDayFunction>							</EventDayFunctions>						</EventDay>					</EventDays>					<RoomBlocks>						<RoomBlock PeakRoomNightQuantity="2000" ContractedDate="2006-04-01" CutoffDateExercisedIndicator="false" CompRoomQuantity="50" CutoffDate="2007-06-01" HousingProviderName="Passkey" TotalRoomNightQuantity="6000" StaffRoomQuantity="15">							<ReservationMethod Code="2"/>							<!-- Code (RMC) 2= Rooming List-->							<StayDays FirstStayDayOfWeek="Fri">								<StayDay GuestQuantity="2000" RoomType="Single" DayNumber="1" ContractedRoomBlock="1750" FinalRoomBlock="2000" TotalNumberOfUnits="2000" DayType="Published">									<Rates>										<Rate OccupancyRate="Single" Amount="185.00">											<Taxes>												<Tax Type="Exclusive" Percent="18" Code="1"/>												<!-- Fee Tax Type (FTT) 1=bed tax -->											</Taxes>										</Rate>									</Rates>								</StayDay>								<StayDay GuestQuantity="2000" RoomType="Single" DayNumber="2" ContractedRoomBlock="1750" FinalRoomBlock="2000" TotalNumberOfUnits="2000" DayType="Published">									<Rates>										<Rate OccupancyRate="Single" Amount="185.00">											<Taxes>												<Tax Type="Exclusive" Percent="18" Code="1"/>												<!-- Fee Tax Type (FTT) 1=bed tax -->											</Taxes>										</Rate>									</Rates>								</StayDay>								<StayDay GuestQuantity="2000" RoomType="Single" DayNumber="3" ContractedRoomBlock="1750" FinalRoomBlock="2000" TotalNumberOfUnits="2000" DayType="Published">									<Rates>										<Rate OccupancyRate="Single" Amount="185.00">											<Taxes>												<Tax Type="Exclusive" Percent="18" Code="1"/>												<!-- Fee Tax Type (FTT) 1=bed tax -->											</Taxes>										</Rate>									</Rates>								</StayDay>							</StayDays>							<TotalRoomPickUp PickUpParameter="90_Day" TotalNumberOfUnits="250"/>							<TotalRoomPickUp PickUpParameter="60_Day" TotalNumberOfUnits="500"/>							<TotalRoomPickUp PickUpParameter="30_Day" TotalNumberOfUnits="1000"/>							<TotalRoomPickUp PickUpParameter="21_Day" TotalNumberOfUnits="1200"/>							<TotalRoomPickUp PickUpParameter="14_Day" TotalNumberOfUnits="1500"/>							<TotalRoomPickUp PickUpParameter="7_Day" TotalNumberOfUnits="1800"/>							<TotalRoomPickUp PickUpParameter="Actual" TotalNumberOfUnits="2000"/>						</RoomBlock>					</RoomBlocks>				</EventSite>				<EventSite PropertyTypeCode="20" ChainCode="WTNTATL" HotelName="Westin Peachtree" LocationCategoryCode="4" HeadquarterHotelIndicator="true" HotelCityCode="ATL" PrimaryFacilityIndicator="false">					<!--PropertyTypeCode(PCT) 20= Hotel -->					<!--LocationCategoryCode (LOC) 4= Downtown -->					<ResponseType DetailIncludedIndicator="true" ResponseMethod="11"/>					<!--ResponseMethod(DTB) 11 = XML -->					<Event_ID Type="17" MeetingName="MPI Board Meeting" ID="MPIBoardMtg" URL="http://www.mpiweb.org">						<!-- Type (UIT) 17= Meeting Planning Agency -->						<CompanyName CompanyShortName="MPI" Department="Convention Planning">Meeting Professional International</CompanyName>					</Event_ID>					<Date Duration="P1D" End="2007-07-23" Start="2007-07-23"/>					<Contacts>						<Contact ContactType="Meeting Planner" DocumentDistribMethodCode="13" Relation="Staff" CommunicationMethodCode="11">							<!--DocumentDistribMethodCode (DTB) 13= Website -->							<!--CommunicationMethodCode (DTB) 11= XML -->							<PersonName>								<NamePrefix>Mr</NamePrefix>								<GivenName>Jim</GivenName>								<Surname>Smith</Surname>								<NameTitle>CMP</NameTitle>							</PersonName>							<Telephone PhoneLocationType="7" PhoneTechType="1" PhoneNumber="5556262" CountryAccessCode="1" AreaCityCode="214"/>							<!-- PhoneLocationType(PLT) 7=Office-->							<!-- PhoneTechType(PTT) 1=Voice-->							<Address Type="2" UseType="2">								<!-- Type(CLT) 2=Business-->								<!-- UseType(AUT) 2=Mailing-->								<AddressLine>1 Planning St</AddressLine>								<CityName>Dallas</CityName>								<PostalCode>75800</PostalCode>								<StateProv StateCode="TX"/>								<CountryName Code="US"/>							</Address>							<Email EmailType="2">jsmith@mpiweb.org</Email>							<!-- EmailType(EAT) 2=Business-->							<URL Type="Business">http://www.mpiweb.org</URL>							<CompanyName CompanyShortName="MPI" Department="Event Planning"/>							<EmployeeInfo EmployeeTitle="Meeting Planner"/>						</Contact>					</Contacts>					<AttendeeInfo TotalQuantity="20" QuantityType="Actual">					</AttendeeInfo>					<EventDays FirstEventDayOfWeek="Fri">						<EventDay DayNumber="1" DayType="Published ">							<EventDayFunctions>								<EventDayFunction LocationName="BoardRoom ABC" FunctionName="MPI Board Meeting" FunctionType="34" RequiredKeyQuantity="2" AttendeeQuantity="20" ReKeyIndicator="true" PostIndicator="true">									<!-- FunctionType(EVT) 34=Meeting-->									<Contacts>										<Contact ContactType="Meeting Planner" EmergencyFlag="false" DocumentDistribMethodCode="11" Relation="Staff" CommunicationMethodCode="2">											<!-- DocumentDistribMethodCode(DTB) 11= XML-->											<!-- CommunicationMethodCode(DTB) 2= E-mail-->											<PersonName>												<NamePrefix>Mr</NamePrefix>												<GivenName>Jim</GivenName>												<Surname>Smith</Surname>												<NameTitle>CMP</NameTitle>											</PersonName>											<Telephone PhoneLocationType="7" PhoneTechType="1" PhoneNumber="5556262" CountryAccessCode="1" AreaCityCode="214"/>											<!-- PhoneLocationType(PLT) 7=Office-->											<!-- PhoneTechType(PTT) 1=Voice-->											<Address Type="2" UseType="2">												<!-- Type(CLT) 2=Business-->												<!-- UseType(AUT) 2=Mailing-->												<AddressLine>1 Planning St</AddressLine>												<CityName>Dallas</CityName>												<PostalCode>75800</PostalCode>												<StateProv StateCode="TX"/>												<CountryName Code="US"/>											</Address>											<Email EmailType="2">jsmith@mpiweb.org</Email>											<!-- EmailType(EAT) 2=Business-->											<URL Type="Business">http://www.mpiweb.org</URL>											<CompanyName CompanyShortName="MPI" Department="Event Planning"/>											<EmployeeInfo EmployeeTitle="Meeting Planner"/>											<Comments>												<Comment>													<Text>This is a group of Industry VIPs and an excellent service level must be achieved.</Text>												</Comment>											</Comments>										</Contact>									</Contacts>									<AudioVisuals ProvidedBy="Venue">										<AudioVisual AudioVisualPref="Required" Amount="250.00" Quantity="1" Code="139"/>										<!-- Code (MRC) 139= screen-->										<AudioVisual AudioVisualPref="Required" Amount="750.00" Quantity="1" Code="158"/>										<!-- Code (MRC) 158= data projector-->										<AudioVisual AudioVisualPref="Required" Amount="5000.00" Quantity="1" Code="125"/>										<!-- Code (MRC) 125= Wireless Internet-->										<AudioVisual AudioVisualPref="Required" Amount="2000.00" Quantity="20" Code="25"/>										<!-- Code (MRC) 25= Microphones-->										<AudioVisual AudioVisualPref="Required" Amount="5000.00" Quantity="20" Code="34"/>										<!-- Code (MRC) 34= Polling Devices-->										<AudioVisual AudioVisualPref="Required" Amount="1000.00" Quantity="1" Code="2">											<!-- Code (MRC) 2= AV Technician -->											<Comments>												<Comment>													<Text>Please provide 9 X 12 screen in front of U-Shape</Text>												</Comment>											</Comments>										</AudioVisual>									</AudioVisuals>									<RoomSetup RoomSetupCode="6" SetForQuantity="20"/>									<!-- RoomSetupCode(MRF) 6= U Shape-->									<SessionTimes StartTime="09:00:00" EndTime="12:00:00"/>									<FoodAndBeverages ProvidedBy="Venue">										<FoodAndBeverage MealTypeCode="8" SetForQuantity="20" GuaranteeQuantity="20" AttendeeQuantity="20">											<!-- MealTypeCode(AMC) 8=Continental Breakfast-->											<Menus>												<Menu Amount="25.00" Name="All American Breakfast Buffet" Quantity="20" ChargeUnit="7"/>												<!-- ChargeUnit(CHG) 7= Per Person-->											</Menus>										</FoodAndBeverage>									</FoodAndBeverages>									<FunctionCharges>										<FunctionCharge FunctionChargeCode="26" Amount="500.00">											<!-- FunctionChargeCode(EVT) 2= Room Rental-->											<Taxes>												<Tax Type="Inclusive" Percent="18"/>											</Taxes>										</FunctionCharge>										<FunctionCharge FunctionChargeCode="14" Amount="14000.00">											<!-- FunctionChargeCode(EVT) 14= AudioVisual-->											<Taxes>												<Tax Type="Inclusive" Percent="18"/>											</Taxes>										</FunctionCharge>										<FunctionCharge FunctionChargeCode="11" Amount="500.00">											<!-- FunctionChargeCode(EVT) 11= Food and beverage -->											<Taxes>												<Tax Type="Inclusive" Percent="18"/>											</Taxes>										</FunctionCharge>									</FunctionCharges>								</EventDayFunction>							</EventDayFunctions>						</EventDay>					</EventDays>				</EventSite>			</EventSites>		</EventReport>	</EventReports></OTA_HotelPostEventRS>