<?xml version="1.0" encoding="UTF-8"?><OTA_InsurancePlanSearchRQ TimeStamp="2003-09-11T09:30:47-05:00" Target="Production" Version="1.002" DetailResponse="0" xmlns="http://www.opentravel.org/OTA/2003/05" xmlns:xsi="http://www.w3.org/2001/XMLSchema-instance" xsi:schemaLocation="http://www.opentravel.org/OTA/2003/05OTA_InsurancePlanSearchRQ.xsd">	<POS>		<Source>			<RequestorID URL="http://www.inscomp.com" Type="20" ID="Agent123">				<CompanyName>InsComp Insurance Company</CompanyName>			</RequestorID>		</Source>	</POS></OTA_InsurancePlanSearchRQ>