<?xml version="1.0" encoding="UTF-8"?><OTA_PurchaseItemRS xmlns="http://www.opentravel.org/OTA/2003/05" xmlns:xsi="http://www.w3.org/2001/XMLSchema-instance" xsi:schemaLocation="http://www.opentravel.org/OTA/2003/05 OTA_PurchaseItemRS.xsd" Version="1.000" Target="Production">	<Success/>	<PurchaseItemInfo>		<Orders OrderID="A225511242"/>		<Comments>			<Comment Name="Reply">				<Text>Thank you for using SleepWell.com. Your order has been placed successfully and your confirmation number is A225511242.</Text>			</Comment>		</Comments>	</PurchaseItemInfo></OTA_PurchaseItemRS>