<?xml version="1.0" encoding="UTF-8"?><OTA_HotelDescriptiveInfoRS Target="Production" Version="2.000" SequenceNmbr="1" PrimaryLangID="en" AltLangID="en" xmlns="http://www.opentravel.org/OTA/2003/05" xmlns:xsi="http://www.w3.org/2001/XMLSchema-instance" xsi:schemaLocation="http://www.opentravel.org/OTA/2003/05 OTA_HotelDescriptiveInfoRS.xsd">	<POS>		<Source PseudoCityCode="SF" ISOCountry="US" ISOCurrency="USD" AgentDutyCode="3" AirportCode="MEM" FirstDepartPoint="MEM" ERSP_UserID="99">			<RequestorID URL="sellmorerooms.com" Type="5F" Instance="1" ID="99">				<CompanyName CompanyShortName="Sell More Rooms" TravelSector="0G" Code="5" CodeContext="1"/>			</RequestorID>			<Position Latitude="125" Longitude="117" Altitude="84"/>			<BookingChannel Type="5F" Primary="true">				<CompanyName TravelSector="0G" Code="5" CodeContext="1"/>			</BookingChannel>		</Source>	</POS>	<Success/>	<HotelDescriptiveContents ChainCode="hh" BrandCode="hf" HotelCode="msynh" HotelCityCode="msy" HotelName="New Orleans Riverside" HotelCodeContext="crs" AreaID="554" Overwrite="true">		<HotelDescriptiveContent CurrencyCode="usd" DecimalPlaces="2" LanguageCode="en" UnitOfMeasure="miles">			<DestinationSystemsCode>				<DestinationSystemCode>6</DestinationSystemCode>			</DestinationSystemsCode>			<HotelInfo WhenBuilt="1972-02-03" LastUpdated="2002-07-15T01:00:00" AreaWeather="warm" InterfaceCompliance="1" PMSSystem="1" Start="2002-03-15" Duration="P4D" End="2002-03-30">				<HotelName HotelShortName="Riverside"/>				<RelativePositions>					<RelativePosition IndexPointCode="5">						<Transportations>							<Transportation Removal="false" TransportationCode="20" Description="Taxi" TypicalTravelTime="15 minutes" Amount="30.00" CurrencyCode="usd" DecimalPlaces="2">							</Transportation>						</Transportations>					</RelativePosition>				</RelativePositions>				<CategoryCodes>					<LocationCategory Code="4"/>					<SegmentCategory Code="3"/>					<HotelCategory Code="3"/>					<ArchitecturalStyle Code="3"/>					<GuestRoomInfo Code="12" Quantity="576"/>				</CategoryCodes>				<HotelInfoCodes>					<HotelInfoCode Code="5" Quantity="2"/>				</HotelInfoCodes>				<Position Latitude="66" Longitude="98" Altitude="2355"/>				<Services>					<Service Code="5" InvCode="5">						<RelativePosition IndexPointCode="5">							<Transportations>								<Transportation Removal="false" TransportationCode="5"  Amount="100.00" CurrencyCode="USD" DecimalPlaces="2">								</Transportation>							</Transportations>						</RelativePosition>						<OperationSchedules>							<OperationSchedule Start="2002-03-03" Duration="P4D" End="2002-03-15">								<OperationTimes>									<OperationTime Mon="1" Tue="1" Weds="1" Thur="1" Fri="1" Sat="1" Sun="1" Start="2002-03-01" Duration="P4D" End="2002-03-30"/>								</OperationTimes>								<Charge TaxInclusive="false" Type="Inclusive" Code="5" Amount="100.00" CurrencyCode="USD">									<Taxes Amount="3.00" CurrencyCode="USD" DecimalPlaces="2">										<Tax Type="Inclusive" Code="5" Amount="100.00" CurrencyCode="USD">											<TaxDescription ParagraphNumber="1" Language="en-us">												<Text Language="en-us"/>											</TaxDescription>										</Tax>									</Taxes>									<Description ParagraphNumber="1" Language="en-us">										<Text Language="en-us"/>									</Description>								</Charge>							</OperationSchedule>						</OperationSchedules>					</Service>				</Services>			</HotelInfo>			<FacilityInfo LastUpdated="2002-01-01T01:15:00">				<MeetingRooms MeetingRoomCount="20" LargestRoomSpace="4000" UnitOfMeasure="square feet" SmallestRoomSpace="100" TotalRoomSpace="1000" LargestSeatingCapacity="200" SecondLargestSeatingCapacity="100" SmallestSeatingCapacity="20">					<MeetingRoom Removal="false">						<Codes>							<Code Code="5" Quantity="2">								<Charge TaxInclusive="false" Type="Inclusive" Code="5" Amount="200.00" CurrencyCode="usd">									<Taxes Amount="200.00" CurrencyCode="USD" DecimalPlaces="2">										<Tax Type="Inclusive" Code="5" Percent="15" Amount="100.00" CurrencyCode="usd">											<TaxDescription ParagraphNumber="1" Language="en">												<Text Language="en"/>											</TaxDescription>										</Tax>									</Taxes>									<Description ParagraphNumber="1" Language="en-us">										<Text Language="en-us"/>									</Description>								</Charge>							</Code>						</Codes>						<Dimension Height="25" Length="200" Width="200" Units="2"/>						<AvailableCapacities>							<MeetingRoomCapacity MeetingRoomFormatCode="1">								<Occupancy MaxOccupancy="500">									<MinRoomCharge TaxInclusive="true" Type="Inclusive" Code="5" Amount="1000.00" CurrencyCode="USD">										<Taxes Amount="100.00" CurrencyCode="USD" DecimalPlaces="2">											<Tax Type="Inclusive" Code="5" Amount="100.00" CurrencyCode="USD">												<TaxDescription ParagraphNumber="1" Language="en-us">													<Text Language="en-us"/>												</TaxDescription>											</Tax>										</Taxes>										<Description ParagraphNumber="1" Language="en-us">											<Text Language="en-us"/>										</Description>									</MinRoomCharge>								</Occupancy>							</MeetingRoomCapacity>						</AvailableCapacities>					</MeetingRoom>				</MeetingRooms>				<GuestRooms>					<GuestRoom Code="k1" CodeContext="crs" Quantity="200" RoomTypeName="King Bedded Room" MaxOccupancy="3">						<TypeRoom StandardNumBeds="1" StandardOccupancy="2" MaxRollaways="1"/>						<Amenities>							<Amenity RoomAmenityCode="5" Quantity="2">								<OperationSchedules>									<OperationSchedule Start="2002-03-01" Duration="P4D" End="2002-03-30">										<OperationTimes>											<OperationTime Mon="1" Tue="1" Weds="1" Thur="1" Fri="1" Sat="1" Sun="1" Start="2002-03-01" Duration="P4D" End="2002-03-30"/>										</OperationTimes>										<Charge TaxInclusive="false" Type="Inclusive" Code="5" Amount="100.00" CurrencyCode="USD">											<Taxes Amount="100.00" CurrencyCode="USD" DecimalPlaces="2">												<Tax Type="Inclusive" Code="5" Amount="100.00" CurrencyCode="USD">													<TaxDescription ParagraphNumber="1" Language="en-us">														<Text Language="en-us"/>													</TaxDescription>												</Tax>											</Taxes>											<Description ParagraphNumber="1" Language="en">												<Text Language="en"/>											</Description>										</Charge>									</OperationSchedule>								</OperationSchedules>							</Amenity>						</Amenities>					</GuestRoom>				</GuestRooms>				<Restaurants>					<Restaurant RestaurantName="Bourbon cafe" MaxSeatingCapacity="200" MaxSingleParty="25" InvCode="5" OfferBreakfast="true" OfferLunch="true" OfferDinner="true" OfferBrunch="false">						<RelativePosition IndexPointCode="5">							<Transportations>								<Transportation Removal="false" TransportationCode="5" Amount="100.00" CurrencyCode="USD" DecimalPlaces="2">								</Transportation>							</Transportations>						</RelativePosition>						<OperationSchedules>						<OperationSchedule Start="2002-03-01" End="2002-03-30">								<OperationTimes>									<OperationTime Mon="1" Tue="1" Weds="1" Thur="1" Fri="1" Sat="1" Sun="1" Start="2002-03-01"  End="2002-03-30"/>								</OperationTimes>						</OperationSchedule>						</OperationSchedules>						<InfoCodes>							<InfoCode Name="SrvcInfo" Code="1" Removal="false"/>						</InfoCodes>						<CuisineCodes>							<CuisineCode Code="1" Removal="false" IsMain="true"/>						</CuisineCodes>					</Restaurant>				</Restaurants>			</FacilityInfo>			<Policies>				<Policy Start="2002-03-01" Duration="P4D" End="2002-03-30" Code="5">					<CancelPolicy>						<CancelPenalty ConfirmClassCode="5" PolicyCode="5" NonRefundable="true">							<Deadline OffsetTimeUnit="Year" OffsetDropTime="BeforeArrival"/>							<AmountPercent TaxInclusive="false" FeesInclusive="false" NmbrOfNights="2" BasisType="FullStay" Amount="100.00" CurrencyCode="USD" DecimalPlaces="2">								<Taxes Amount="100.00" CurrencyCode="USD" DecimalPlaces="2">									<Tax Type="Inclusive" Code="5" Amount="100.00" CurrencyCode="USD">																		</Tax>								</Taxes>							</AmountPercent>							<PenaltyDescription ParagraphNumber="1" Language="en-us">								<Text Language="en-us"/>							</PenaltyDescription>						</CancelPenalty>					</CancelPolicy>					<GuaranteePaymentPolicy Removal="false">						<GuaranteePayment RetributionType="ResAutoCancelled" PaymentCode="5">							<AcceptedPayments>								<AcceptedPayment ShareSynchInd="Yes" ShareMarketInd="Yes">									<PaymentCard ShareSynchInd="Yes" ShareMarketInd="Yes" CardType="5F" CardCode="AX" CardNumber="0000999988887777" SeriesCode="5" ExpireDate="0303">										<CardHolderName>Joe Smith</CardHolderName>										<CardIssuerName BankID="1"/>										<Address FormattedInd="false" ShareSynchInd="Yes" ShareMarketInd="Yes" Type="5F">											<StreetNmbr PO_Box="123"/>											<CityName>Anywhere</CityName>											<PostalCode>00000-0000</PostalCode>											<StateProv StateCode="tx"/>											<CountryName Code="us"/>										</Address>									</PaymentCard>								</AcceptedPayment>							</AcceptedPayments>							<AmountPercent TaxInclusive="false" FeesInclusive="false" BasisType="FullStay" Amount="100.00" CurrencyCode="USD" DecimalPlaces="2">								<Taxes Amount="100.00" CurrencyCode="USD" DecimalPlaces="2">									<Tax Type="Inclusive" Code="5" Amount="100.00" CurrencyCode="USD">										<TaxDescription ParagraphNumber="1" Language="en-us">											<Text Language="en-us"/>										</TaxDescription>									</Tax>								</Taxes>							</AmountPercent>							<Deadline OffsetTimeUnit="Year" OffsetDropTime="BeforeArrival"/>						</GuaranteePayment>					</GuaranteePaymentPolicy>					<PolicyInfoCodes>						<PolicyInfoCode Code="5" CodeContext="1" Quantity="2" Name="AdditionalOversoldPolicy"/>					</PolicyInfoCodes>					<CheckoutCharges>						<CheckoutCharge Amount="50.00" CurrencyCode="usd" DecimalPlaces="2" Type="Early"/>					</CheckoutCharges>					<PolicyInfo CheckInTime="2001-12-17T09:30:47-05:00" CheckOutTime="2001-12-17T09:30:47-05:00" MinGuestAge="18" MinRecommendedGuestAge="21" UsualStayFreeCutoffAge="12" UsualStayFreeChildPerAdult="5"/>				</Policy>			</Policies>			<AreaInfo>				<RefPoints>					<RefPoint IndexPointCode="5" RefPointCategoryCode="5" Removal="false">						<Transportations>							<Transportation Removal="false" TransportationCode="5" Amount="100.00" CurrencyCode="USD" DecimalPlaces="2">							</Transportation>						</Transportations>					</RefPoint>				</RefPoints>				<Attractions LastUpdated="2003-01-03T03:12:00">					<Attraction AttractionCategoryCode="5" Start="2002-03-01" Duration="P4D" End="2002-03-30" Removal="false">						<Contact Removal="false">							<Names>								<Name ShareSynchInd="Yes" ShareMarketInd="Yes" NameType="5F" Removal="false" Gender="Male" SrvcCode="5">									<NamePrefix>Mr.</NamePrefix>									<GivenName>Joe</GivenName>									<Surname>Smith</Surname>								</Name>							</Names>							<Addresses>								<Address FormattedInd="false" ShareSynchInd="Yes" ShareMarketInd="Yes" Type="5F">									<StreetNmbr PO_Box="123"/>									<CityName>Anywhere</CityName>									<PostalCode>00000-0000</PostalCode>									<StateProv StateCode="tx"/>									<CountryName Code="us"/>								</Address>							</Addresses>							<Phones>								<Phone ShareSynchInd="Yes" ShareMarketInd="Yes" PhoneLocationType="5F" PhoneTechType="5F" CountryAccessCode="001" AreaCityCode="554" PhoneNumber="900-0877" Extension="55" FormattedInd="false" DefaultInd="false" PhoneUseType="5F"/>							</Phones>							<Emails>								<Email ShareSynchInd="Yes" ShareMarketInd="Yes" DefaultInd="false" EmailType="5F" Removal="false">joe.smith@abc.com</Email>							</Emails>							<URLs>								<URL ShareSynchInd="Yes" ShareMarketInd="Yes" Type="5F" DefaultInd="false"/>							</URLs>						</Contact>						<RefPoints>							<RefPoint IndexPointCode="5" RefPointCategoryCode="5" Removal="false">								<Transportations>									<Transportation Removal="false" TransportationCode="5" Amount="100.00" CurrencyCode="USD" DecimalPlaces="2">									</Transportation>								</Transportations>							</RefPoint>						</RefPoints>					</Attraction>				</Attractions>			</AreaInfo>			<AffiliationInfo LastUpdated="2003-02-11T13:28:00">				<DistribSystems>					<DistribSystem Removal="false" ChainCode="5" BrandCode="5" HotelCode="5" HotelCityCode="5" HotelCodeContext="1">						<CompanyName TravelSector="0G" Code="5" CodeContext="1"/>					</DistribSystem>				</DistribSystems>				<Brands>					<Brand Removal="false" CategoryCode="5"/>				</Brands>				<LoyalPrograms>					<LoyalProgram Removal="false" ProgramName="Hilton HHonors" SecondaryProgramName="HHonors" AffiliateProgramName="Hilton HHonors">						<ProgramDescription ParagraphNumber="1" Language="en-us" Removal="false">							<Text Language="en-us"/>						</ProgramDescription>						<ProgramRestriction ParagraphNumber="1" Language="en-us" Removal="false">							<Text Language="en-us"/>						</ProgramRestriction>					</LoyalProgram>				</LoyalPrograms>				<Awards>					<Award Removal="false" Date="2003-03-01" Provider="AAA" Rating="4 stars"/>				</Awards>			</AffiliationInfo>			<ContactInfos>				<ContactInfo Removal="false" ContactProfileType="5F" LastUpdated="2003-02-11T13:29:00">					<Names>						<Name ShareSynchInd="Yes" ShareMarketInd="Yes" NameType="5F" Removal="false" Gender="Male" SrvcCode="5">							<NamePrefix>Mr</NamePrefix>							<GivenName>Mark</GivenName>							<Surname>Smith</Surname>						</Name>					</Names>					<Addresses>						<Address FormattedInd="false" ShareSynchInd="Yes" ShareMarketInd="Yes" Type="5F" DefaultInd="false" UseType="5F" Removal="false">							<StreetNmbr PO_Box="123"/>							<AddressLine>Cherry Lane</AddressLine>							<CityName>New Orleans</CityName>							<PostalCode>15654</PostalCode>							<County>Macon</County>							<StateProv StateCode="LA"/>							<CountryName Code="us"/>						</Address>					</Addresses>					<Phones>						<Phone ShareSynchInd="Yes" ShareMarketInd="Yes" PhoneLocationType="5F" PhoneTechType="5F" CountryAccessCode="001" AreaCityCode="444" PhoneNumber="4555252" FormattedInd="false" DefaultInd="false" PhoneUseType="5F"/>					</Phones>					<Emails>						<Email ShareSynchInd="Yes" ShareMarketInd="Yes" DefaultInd="false" Removal="false">mark.smith@abc.com</Email>					</Emails>					<URLs>						<URL ShareSynchInd="Yes" ShareMarketInd="Yes" Type="5F" DefaultInd="false"/>					</URLs>				</ContactInfo>			</ContactInfos>		</HotelDescriptiveContent>	</HotelDescriptiveContents></OTA_HotelDescriptiveInfoRS>