<?xml version="1.0" encoding="UTF-8"?><OTA_ProfileCreateRQ xmlns="http://www.opentravel.org/OTA/2003/05" xmlns:xsi="http://www.w3.org/2001/XMLSchema-instance" xsi:schemaLocation="http://www.opentravel.org/OTA/2003/05 OTA_ProfileCreateRQ.xsd" Version="08.1"><UniqueID Type="21" ID="123456" ID_Context="PIN"/><!--Type (UIT) 21= Profile --><UniqueID Type="9" ID="BGOS12103" ID_Context="CSX"/><!--Type (UIT) 9= Group --><Profile ProfileType="1">	<!--Type (PRT) 1= Customer -->	<Customer BirthDate="1949-07-01">		<PersonName>			<GivenName>John</GivenName>			<Surname>Doe</Surname>		</PersonName>		<Telephone PhoneLocationType="7" PhoneTechType="3" PhoneNumber="305 406 8752" DefaultInd="0" TransferAction="Automatic"/>		<!--Type (PLT) 7= Office -->		<!--Type (PTT) 3= Fax -->		<Email DefaultInd="0" EmailType="1" TransferAction="Selectable">Lgray@aol.com</Email>		<!--Type (EAT) 1= Personal -->		<Address FormattedInd="1" DefaultInd="0" UseType="3" TransferAction="Automatic">		<!--Type (AUT) 3= Billing -->			<AddressLine>4 Baumstras</AddressLine>			<CityName>Muenchen</CityName>			<PostalCode>80333</PostalCode>			<CompanyName>Bmw</CompanyName>		</Address>		<PaymentForm RPH="1">			<PaymentCard CardType="CC" CardCode="VI" CardNumber="12349123" ExpireDate="1209">				<CardHolderName>Smith</CardHolderName>				<CardIssuerName BankID="ISSUER"/>			</PaymentCard>		</PaymentForm>	</Customer>	<PrefCollections>		<PrefCollection>			<AirlinePref>				<VendorPref Code="LH" RPH="1234"/>				<FarePref RateCategoryCode="19"/>				<!--Type (UIT) 21= Profile -->				<TourCodePref>					<TourCodeInfo TourTypeCode="IT" YearNum="8" PromotionVendorCode="LH" PartyID="TOUR99"/>				</TourCodePref>			</AirlinePref>		</PrefCollection>	</PrefCollections>	<Agreements>		<ProfileSecurity AccessingOrganizationType="IATA" AccessingOrganizationID="FRAL12933" AccessType="ReadOnly"/>	</Agreements></Profile></OTA_ProfileCreateRQ>