<?xml version="1.0" encoding="UTF-8"?><OTA_HotelStatsRS xmlns="http://www.opentravel.org/OTA/2003/05" xmlns:xsi="http://www.w3.org/2001/XMLSchema-instance" xsi:schemaLocation="http://www.opentravel.org/OTA/2003/05OTA_HotelStatsRS.xsd" EchoToken="String" TimeStamp="2004-12-02T09:30:47-05:00" Target="Production" Version="1.002" TransactionIdentifier="String" SequenceNmbr="1" TransactionStatusCode="Start" PrimaryLangID="en-us">	<Success/>	<Statistics>		<Statistic ChainCode="1571" HotelCode="0001" FiscalDate="2004-12-01" ReportCode="IDeaSCurrentTotalReport_v1.0">			<StatisticApplicationSets>				<StatisticApplicationSet Start="2004-12-02" Duration="P1D">					<StatisticCodes>						<StatisticCode StatCode="STD" StatCategoryCode="3.SCC"/>					</StatisticCodes>					<RevenueCategorySummaries>						<RevenueCategorySummary RevenueCategoryCode="17.RCC" Amount="10987.50"/>					</RevenueCategorySummaries>					<CountCategorySummaries>						<CountCategorySummary SummaryCount="66" CountCategoryCode="8.CNT"/>						<CountCategorySummary SummaryCount="1" CountCategoryCode="9.CNT"/>						<CountCategorySummary SummaryCount="0" CountCategoryCode="10.CNT"/>						<CountCategorySummary SummaryCount="57" CountCategoryCode="11.CNT"/>						<CountCategorySummary SummaryCount="28" CountCategoryCode="12.CNT"/>						<CountCategorySummary SummaryCount="21" CountCategoryCode="13.CNT"/>					</CountCategorySummaries>			</StatisticApplicationSet>				<StatisticApplicationSet Start="2004-12-02" Duration="P1D">					<StatisticCodes>						<StatisticCode StatCode="DLX" StatCategoryCode="3.SCC"/>					</StatisticCodes>					<RevenueCategorySummaries>						<RevenueCategorySummary RevenueCategoryCode="17.RCC" Amount="2197.50"/>					</RevenueCategorySummaries>					<CountCategorySummaries>						<CountCategorySummary SummaryCount="13" CountCategoryCode="8.CNT"/>						<CountCategorySummary SummaryCount="0" CountCategoryCode="9.CNT"/>						<CountCategorySummary SummaryCount="0" CountCategoryCode="10.CNT"/>						<CountCategorySummary SummaryCount="11" CountCategoryCode="11.CNT"/>						<CountCategorySummary SummaryCount="5" CountCategoryCode="12.CNT"/>						<CountCategorySummary SummaryCount="4" CountCategoryCode="13.CNT"/>					</CountCategorySummaries>			</StatisticApplicationSet>				<StatisticApplicationSet Start="2004-12-02" Duration="P1D">					<StatisticCodes>						<StatisticCode StatCode="STE" StatCategoryCode="3.SCC"/>					</StatisticCodes>					<RevenueCategorySummaries>						<RevenueCategorySummary RevenueCategoryCode="17.RCC" Amount="1465.00"/>					</RevenueCategorySummaries>					<CountCategorySummaries>						<CountCategorySummary SummaryCount="8" CountCategoryCode="8.CNT"/>						<CountCategorySummary SummaryCount="0" CountCategoryCode="9.CNT"/>						<CountCategorySummary SummaryCount="0" CountCategoryCode="10.CNT"/>						<CountCategorySummary SummaryCount="7" CountCategoryCode="11.CNT"/>						<CountCategorySummary SummaryCount="3" CountCategoryCode="12.CNT"/>						<CountCategorySummary SummaryCount="2" CountCategoryCode="13.CNT"/>					</CountCategorySummaries>			</StatisticApplicationSet>				<StatisticApplicationSet Start="2005-12-02" Duration="P1D">					<StatisticCodes>						<StatisticCode StatCode="STD" StatCategoryCode="3.SCC"/>					</StatisticCodes>					<RevenueCategorySummaries>						<RevenueCategorySummary RevenueCategoryCode="17.RCC" Amount="0.00"/>					</RevenueCategorySummaries>					<CountCategorySummaries>						<CountCategorySummary SummaryCount="66" CountCategoryCode="8.CNT"/>						<CountCategorySummary SummaryCount="0" CountCategoryCode="9.CNT"/>						<CountCategorySummary SummaryCount="0" CountCategoryCode="10.CNT"/>						<CountCategorySummary SummaryCount="0" CountCategoryCode="11.CNT"/>						<CountCategorySummary SummaryCount="0" CountCategoryCode="12.CNT"/>						<CountCategorySummary SummaryCount="0" CountCategoryCode="13.CNT"/>					</CountCategorySummaries>			</StatisticApplicationSet>				<StatisticApplicationSet Start="2005-12-02" Duration="P1D">					<StatisticCodes>						<StatisticCode StatCode="DLX" StatCategoryCode="3.SCC"/>					</StatisticCodes>					<RevenueCategorySummaries>						<RevenueCategorySummary RevenueCategoryCode="17.RCC" Amount="0.00"/>					</RevenueCategorySummaries>					<CountCategorySummaries>						<CountCategorySummary SummaryCount="13" CountCategoryCode="8.CNT"/>						<CountCategorySummary SummaryCount="0" CountCategoryCode="9.CNT"/>						<CountCategorySummary SummaryCount="0" CountCategoryCode="10.CNT"/>						<CountCategorySummary SummaryCount="0" CountCategoryCode="11.CNT"/>						<CountCategorySummary SummaryCount="0" CountCategoryCode="12.CNT"/>						<CountCategorySummary SummaryCount="0" CountCategoryCode="13.CNT"/>					</CountCategorySummaries>			</StatisticApplicationSet>				<StatisticApplicationSet Start="2005-12-02" Duration="P1D">					<StatisticCodes>						<StatisticCode StatCode="STE" StatCategoryCode="3.SCC"/>					</StatisticCodes>					<RevenueCategorySummaries>						<RevenueCategorySummary RevenueCategoryCode="17.RCC" Amount="0.00"/>					</RevenueCategorySummaries>					<CountCategorySummaries>						<CountCategorySummary SummaryCount="8" CountCategoryCode="8.CNT"/>						<CountCategorySummary SummaryCount="0" CountCategoryCode="9.CNT"/>						<CountCategorySummary SummaryCount="0" CountCategoryCode="10.CNT"/>						<CountCategorySummary SummaryCount="0" CountCategoryCode="11.CNT"/>						<CountCategorySummary SummaryCount="0" CountCategoryCode="12.CNT"/>						<CountCategorySummary SummaryCount="0" CountCategoryCode="13.CNT"/>					</CountCategorySummaries>			</StatisticApplicationSet>		</StatisticApplicationSets>		</Statistic>	</Statistics></OTA_HotelStatsRS>