<?xml version="1.0" encoding="UTF-8"?><OTA_HotelInvCountRS xmlns:xsi="http://www.w3.org/2001/XMLSchema-instance" xmlns="http://www.opentravel.org/OTA/2003/05" xsi:schemaLocation="http://www.opentravel.org/OTA/2003/05 OTA_HotelInvCountRS.xsd" TimeStamp="2009-05-01T06:39:09" Target="Production" Version="1.000">	<Success/>	<Inventories ChainCode="YY" BrandCode="XX" HotelCode="ABC123">		<Inventory>			<StatusApplicationControl InvCodeApplication="InvCode" InvCode="STD" Start="2009-10-01" End="2009-11-15"> 				</StatusApplicationControl>			<InvCounts>				<InvCount Count="30" ActionType="Allocation"/>			</InvCounts>		</Inventory>		<Inventory>			<StatusApplicationControl InvCodeApplication="InvCode" InvCode="DLX" Start="2009-10-01" End="2009-10-17"/>			<InvCounts>				<InvCount Count="15" ActionType="Allocation"/>			</InvCounts>		</Inventory>		<Inventory>			<StatusApplicationControl InvCodeApplication="InvCode" InvCode="DLX" Start="2009-10-18" End="2009-11-15"> 				</StatusApplicationControl>			<InvCounts>				<InvCount Count="25" ActionType="Allocation"/>			</InvCounts>		</Inventory>	</Inventories></OTA_HotelInvCountRS>