<?xml version="1.0" encoding="UTF-8"?><OTA_PurchaseItemRQ xmlns="http://www.opentravel.org/OTA/2003/05" xmlns:xsi="http://www.w3.org/2001/XMLSchema-instance" xsi:schemaLocation="http://www.opentravel.org/OTA/2003/05 OTA_PurchaseItemRQ.xsd" TransactionIdentifier="12345" TransactionStatusCode="Start" TimeStamp="2006-12-17T09:30:47.0Z" Version="1.000" Target="Production">	<POS>		<Source>			<BookingChannel Type="7">				<!-- Type 7=internet -->				<CompanyName CompanyShortName="SleepWell.com"/>			</BookingChannel>		</Source>	</POS>	<Orders OrderType="SleepWell">	<Order>			<Products>				<Product ProductID="8304993" ProductType="Paper" ProductQuantity="1" CurrencyCode="USD" Amount="100.00"  ProductIssueDate="2006-08-13" 			ProductSerialNumber="4992378200" ListOfRecipientRPH="1"/>								<Product ProductID="8304993" ProductType="Paper" ProductQuantity="1" CurrencyCode="USD" Amount="100.00"  ProductIssueDate="2006-08-13" 			ProductSerialNumber="4992378201" ListOfRecipientRPH="2"/>								<Product ProductID="8304993" ProductType="Paper" ProductQuantity="1" CurrencyCode="USD" Amount="100.00"  ProductIssueDate="2006-08-13" 			ProductSerialNumber="4992378202" ListOfRecipientRPH="3"/>			</Products>		</Order>	</Orders>	<RecipientInfos>		<RecipientInfo RPH="1">			<PersonName>				<NamePrefix>Mr. and Mrs.</NamePrefix>				<GivenName>Joshua</GivenName>				<Surname>Smith</Surname>			</PersonName>			<Address Type="1" UseType="2">			<!--AddressType 1=Home, UseType 2=Mailing-->				<AddressLine>132 Maple Lane </AddressLine>				<CityName>Rochester</CityName>				<PostalCode>14612</PostalCode>				<StateProv StateCode="NY"/>			</Address>			<ShippingInfo ShippingCarrier="FedEx" ShippingType="Ground" CurrencyCode="USD" Amount="5.95"/>					<Comments>						<Comment Name="Note Message">							<Text>Mom and Dad, I look forward to spending Christmas with you.  See you soon.  Love, Jonathon</Text>						</Comment>					</Comments>		</RecipientInfo>			<RecipientInfo RPH="2">				<PersonName>					<NamePrefix>Mr. and Mrs.</NamePrefix>					<GivenName>Joshua</GivenName>					<Surname>Smith</Surname>				</PersonName>				<Address Type="1" UseType="2">				<!--AddressType 1=Home, UseType 2=Mailing-->					<AddressLine>132 Maple Lane </AddressLine>					<CityName>Rochester</CityName>					<PostalCode>14612</PostalCode>					<StateProv StateCode="NY"/>				</Address>				<ShippingInfo ShippingCarrier="FedEx" ShippingType="Ground" CurrencyCode="USD" Amount="5.95"/>			<Comments>				<Comment Name="Note Message">					<Text>Mom and Dad, I look forward to spending Christmas with you.  See you soon.  Love, Jonathon</Text>				</Comment>			</Comments>		</RecipientInfo>		<RecipientInfo RPH="3">			<PersonName>				<NamePrefix>Ms.</NamePrefix>					<GivenName>Jessica</GivenName>					<Surname>Smith</Surname>			</PersonName>			<Address Type="1" UseType="2">			<!--AddressType 1=Home, UseType 2=Mailing-->				<AddressLine>5488 Elmhurst Blvd.</AddressLine>				<CityName>Evergreen</CityName>				<PostalCode>80401</PostalCode>				<StateProv StateCode="CO"/>			</Address>			<ShippingInfo ShippingCarrier="FedEx" ShippingType="Ground" CurrencyCode="USD" Amount="5.95"/>			<Comments>				<Comment Name="Note Message">					<Text>Message:  Jess, have a great holiday.  See you at Mom and Dad�s.  Love, Jonathon</Text>				</Comment>			</Comments>		</RecipientInfo>	</RecipientInfos>	<PurchaserInfo>		<PersonName>			<GivenName>Jonathon</GivenName>			<Surname>Smith</Surname>		</PersonName>		<Telephone PhoneUseType="3" PhoneLocationType="7" PhoneTechType="1" PhoneNumber="787-6325" AreaCityCode="952"/>		<!-- PhoneUseType 3=Daytime Contact, PhoneLocationType 7=Office,  PhoneTechType 1=Voice  -->		<Address Type="1"  UseType="2">		<!--AddressType 1=Home, UseType 2=Mailing-->			<AddressLine>209 Lawyers Rd.</AddressLine>			<CityName>Victoria</CityName>			<PostalCode>55386</PostalCode>			<StateProv StateCode="MN"/>		</Address>		<CustLoyalty MembershipID ="45454588"/>	</PurchaserInfo>	<PaymentInformation PaymentTransactionTypeCode="charge">		<PaymentCard CardNumber="37222222222222273" CardType="1" CardCode="AX" ExpireDate="1209">		<!--CardType 1=Credit-->			<CardHolderName>JonathonSmith</CardHolderName>		</PaymentCard>	</PaymentInformation></OTA_PurchaseItemRQ>