<?xml version="1.0" encoding="UTF-8"?><OTA_AuthorizationRS xmlns="http://www.opentravel.org/OTA/2003/05" xmlns:xsi="http://www.w3.org/2001/XMLSchema-instance" xsi:schemaLocation="http://www.opentravel.org/OTA/2003/05 OTA_AuthorizationRS.xsd" Version="1.000" Target="Production" TimeStamp="2006-09-17T09:30:49.0Z">	<Success/>	<Authorization>		<AuthorizationDetail PrincipalCompanyCode="UW">		<CheckAuthorization Amount="100.00" CurrencyCode="USD">			<BankAcct  BankAcctNumber="1234567890"/>		</CheckAuthorization>	</AuthorizationDetail>		<AuthorizationResult AuthorizationCode="A"/>	</Authorization></OTA_AuthorizationRS>